experiment_id,experiment_label,publication_status,source_workbook,source_row,source_column,host,host_type,plant_id,plant_number,treatment_class,isolate_1,isolate_2,mixture_ratio,total_dose_conidia_per_ml,component_dose_conidia_per_ml,condition_id,subsample_id,ordinal_score,raw_code
E1_BTx398_AMP155_AMP170,Experiment 1,published,source_workbook_A_experiments_1_2.xlsx,3,2,BTx398,sorghum,E1_BTx398_AMP155_AMP170_P01,1,single,AMP155,,,1000000,1000000,E1_BTx398_AMP155_AMP170|AMP155|1000000,1,2,244
E1_BTx398_AMP155_AMP170,Experiment 1,published,source_workbook_A_experiments_1_2.xlsx,3,2,BTx398,sorghum,E1_BTx398_AMP155_AMP170_P01,1,single,AMP155,,,1000000,1000000,E1_BTx398_AMP155_AMP170|AMP155|1000000,2,4,244
E1_BTx398_AMP155_AMP170,Experiment 1,published,source_workbook_A_experiments_1_2.xlsx,3,2,BTx398,sorghum,E1_BTx398_AMP155_AMP170_P01,1,single,AMP155,,,1000000,1000000,E1_BTx398_AMP155_AMP170|AMP155|1000000,3,4,244
E1_BTx398_AMP155_AMP170,Experiment 1,published,source_workbook_A_experiments_1_2.xlsx,3,3,BTx398,sorghum,E1_BTx398_AMP155_AMP170_P01,1,single,AMP155,,,500000,500000,E1_BTx398_AMP155_AMP170|AMP155|500000,1,3,332
E1_BTx398_AMP155_AMP170,Experiment 1,published,source_workbook_A_experiments_1_2.xlsx,3,3,BTx398,sorghum,E1_BTx398_AMP155_AMP170_P01,1,single,AMP155,,,500000,500000,E1_BTx398_AMP155_AMP170|AMP155|500000,2,3,332
E1_BTx398_AMP155_AMP170,Experiment 1,published,source_workbook_A_experiments_1_2.xlsx,3,3,BTx398,sorghum,E1_BTx398_AMP155_AMP170_P01,1,single,AMP155,,,500000,500000,E1_BTx398_AMP155_AMP170|AMP155|500000,3,2,332
E1_BTx398_AMP155_AMP170,Experiment 1,published,source_workbook_A_experiments_1_2.xlsx,3,4,BTx398,sorghum,E1_BTx398_AMP155_AMP170_P01,1,single,AMP155,,,100000,100000,E1_BTx398_AMP155_AMP170|AMP155|100000,1,2,221
E1_BTx398_AMP155_AMP170,Experiment 1,published,source_workbook_A_experiments_1_2.xlsx,3,4,BTx398,sorghum,E1_BTx398_AMP155_AMP170_P01,1,single,AMP155,,,100000,100000,E1_BTx398_AMP155_AMP170|AMP155|100000,2,2,221
E1_BTx398_AMP155_AMP170,Experiment 1,published,source_workbook_A_experiments_1_2.xlsx,3,4,BTx398,sorghum,E1_BTx398_AMP155_AMP170_P01,1,single,AMP155,,,100000,100000,E1_BTx398_AMP155_AMP170|AMP155|100000,3,1,221
E1_BTx398_AMP155_AMP170,Experiment 1,published,source_workbook_A_experiments_1_2.xlsx,3,5,BTx398,sorghum,E1_BTx398_AMP155_AMP170_P01,1,single,AMP155,,,50000,50000,E1_BTx398_AMP155_AMP170|AMP155|50000,1,2,231
E1_BTx398_AMP155_AMP170,Experiment 1,published,source_workbook_A_experiments_1_2.xlsx,3,5,BTx398,sorghum,E1_BTx398_AMP155_AMP170_P01,1,single,AMP155,,,50000,50000,E1_BTx398_AMP155_AMP170|AMP155|50000,2,3,231
E1_BTx398_AMP155_AMP170,Experiment 1,published,source_workbook_A_experiments_1_2.xlsx,3,5,BTx398,sorghum,E1_BTx398_AMP155_AMP170_P01,1,single,AMP155,,,50000,50000,E1_BTx398_AMP155_AMP170|AMP155|50000,3,1,231
E1_BTx398_AMP155_AMP170,Experiment 1,published,source_workbook_A_experiments_1_2.xlsx,3,6,BTx398,sorghum,E1_BTx398_AMP155_AMP170_P01,1,single,AMP155,,,10000,10000,E1_BTx398_AMP155_AMP170|AMP155|10000,1,1,111
E1_BTx398_AMP155_AMP170,Experiment 1,published,source_workbook_A_experiments_1_2.xlsx,3,6,BTx398,sorghum,E1_BTx398_AMP155_AMP170_P01,1,single,AMP155,,,10000,10000,E1_BTx398_AMP155_AMP170|AMP155|10000,2,1,111
E1_BTx398_AMP155_AMP170,Experiment 1,published,source_workbook_A_experiments_1_2.xlsx,3,6,BTx398,sorghum,E1_BTx398_AMP155_AMP170_P01,1,single,AMP155,,,10000,10000,E1_BTx398_AMP155_AMP170|AMP155|10000,3,1,111
E1_BTx398_AMP155_AMP170,Experiment 1,published,source_workbook_A_experiments_1_2.xlsx,3,7,BTx398,sorghum,E1_BTx398_AMP155_AMP170_P01,1,single,AMP155,,,5000,5000,E1_BTx398_AMP155_AMP170|AMP155|5000,1,1,111
E1_BTx398_AMP155_AMP170,Experiment 1,published,source_workbook_A_experiments_1_2.xlsx,3,7,BTx398,sorghum,E1_BTx398_AMP155_AMP170_P01,1,single,AMP155,,,5000,5000,E1_BTx398_AMP155_AMP170|AMP155|5000,2,1,111
E1_BTx398_AMP155_AMP170,Experiment 1,published,source_workbook_A_experiments_1_2.xlsx,3,7,BTx398,sorghum,E1_BTx398_AMP155_AMP170_P01,1,single,AMP155,,,5000,5000,E1_BTx398_AMP155_AMP170|AMP155|5000,3,1,111
E1_BTx398_AMP155_AMP170,Experiment 1,published,source_workbook_A_experiments_1_2.xlsx,4,2,BTx398,sorghum,E1_BTx398_AMP155_AMP170_P02,2,single,AMP155,,,1000000,1000000,E1_BTx398_AMP155_AMP170|AMP155|1000000,1,4,443
E1_BTx398_AMP155_AMP170,Experiment 1,published,source_workbook_A_experiments_1_2.xlsx,4,2,BTx398,sorghum,E1_BTx398_AMP155_AMP170_P02,2,single,AMP155,,,1000000,1000000,E1_BTx398_AMP155_AMP170|AMP155|1000000,2,4,443
E1_BTx398_AMP155_AMP170,Experiment 1,published,source_workbook_A_experiments_1_2.xlsx,4,2,BTx398,sorghum,E1_BTx398_AMP155_AMP170_P02,2,single,AMP155,,,1000000,1000000,E1_BTx398_AMP155_AMP170|AMP155|1000000,3,3,443
E1_BTx398_AMP155_AMP170,Experiment 1,published,source_workbook_A_experiments_1_2.xlsx,4,3,BTx398,sorghum,E1_BTx398_AMP155_AMP170_P02,2,single,AMP155,,,500000,500000,E1_BTx398_AMP155_AMP170|AMP155|500000,1,3,333
E1_BTx398_AMP155_AMP170,Experiment 1,published,source_workbook_A_experiments_1_2.xlsx,4,3,BTx398,sorghum,E1_BTx398_AMP155_AMP170_P02,2,single,AMP155,,,500000,500000,E1_BTx398_AMP155_AMP170|AMP155|500000,2,3,333
E1_BTx398_AMP155_AMP170,Experiment 1,published,source_workbook_A_experiments_1_2.xlsx,4,3,BTx398,sorghum,E1_BTx398_AMP155_AMP170_P02,2,single,AMP155,,,500000,500000,E1_BTx398_AMP155_AMP170|AMP155|500000,3,3,333
E1_BTx398_AMP155_AMP170,Experiment 1,published,source_workbook_A_experiments_1_2.xlsx,4,4,BTx398,sorghum,E1_BTx398_AMP155_AMP170_P02,2,single,AMP155,,,100000,100000,E1_BTx398_AMP155_AMP170|AMP155|100000,1,2,222
E1_BTx398_AMP155_AMP170,Experiment 1,published,source_workbook_A_experiments_1_2.xlsx,4,4,BTx398,sorghum,E1_BTx398_AMP155_AMP170_P02,2,single,AMP155,,,100000,100000,E1_BTx398_AMP155_AMP170|AMP155|100000,2,2,222
E1_BTx398_AMP155_AMP170,Experiment 1,published,source_workbook_A_experiments_1_2.xlsx,4,4,BTx398,sorghum,E1_BTx398_AMP155_AMP170_P02,2,single,AMP155,,,100000,100000,E1_BTx398_AMP155_AMP170|AMP155|100000,3,2,222
E1_BTx398_AMP155_AMP170,Experiment 1,published,source_workbook_A_experiments_1_2.xlsx,4,5,BTx398,sorghum,E1_BTx398_AMP155_AMP170_P02,2,single,AMP155,,,50000,50000,E1_BTx398_AMP155_AMP170|AMP155|50000,1,1,122
E1_BTx398_AMP155_AMP170,Experiment 1,published,source_workbook_A_experiments_1_2.xlsx,4,5,BTx398,sorghum,E1_BTx398_AMP155_AMP170_P02,2,single,AMP155,,,50000,50000,E1_BTx398_AMP155_AMP170|AMP155|50000,2,2,122
E1_BTx398_AMP155_AMP170,Experiment 1,published,source_workbook_A_experiments_1_2.xlsx,4,5,BTx398,sorghum,E1_BTx398_AMP155_AMP170_P02,2,single,AMP155,,,50000,50000,E1_BTx398_AMP155_AMP170|AMP155|50000,3,2,122
E1_BTx398_AMP155_AMP170,Experiment 1,published,source_workbook_A_experiments_1_2.xlsx,4,6,BTx398,sorghum,E1_BTx398_AMP155_AMP170_P02,2,single,AMP155,,,10000,10000,E1_BTx398_AMP155_AMP170|AMP155|10000,1,1,112
E1_BTx398_AMP155_AMP170,Experiment 1,published,source_workbook_A_experiments_1_2.xlsx,4,6,BTx398,sorghum,E1_BTx398_AMP155_AMP170_P02,2,single,AMP155,,,10000,10000,E1_BTx398_AMP155_AMP170|AMP155|10000,2,1,112
E1_BTx398_AMP155_AMP170,Experiment 1,published,source_workbook_A_experiments_1_2.xlsx,4,6,BTx398,sorghum,E1_BTx398_AMP155_AMP170_P02,2,single,AMP155,,,10000,10000,E1_BTx398_AMP155_AMP170|AMP155|10000,3,2,112
E1_BTx398_AMP155_AMP170,Experiment 1,published,source_workbook_A_experiments_1_2.xlsx,4,7,BTx398,sorghum,E1_BTx398_AMP155_AMP170_P02,2,single,AMP155,,,5000,5000,E1_BTx398_AMP155_AMP170|AMP155|5000,1,1,111
E1_BTx398_AMP155_AMP170,Experiment 1,published,source_workbook_A_experiments_1_2.xlsx,4,7,BTx398,sorghum,E1_BTx398_AMP155_AMP170_P02,2,single,AMP155,,,5000,5000,E1_BTx398_AMP155_AMP170|AMP155|5000,2,1,111
E1_BTx398_AMP155_AMP170,Experiment 1,published,source_workbook_A_experiments_1_2.xlsx,4,7,BTx398,sorghum,E1_BTx398_AMP155_AMP170_P02,2,single,AMP155,,,5000,5000,E1_BTx398_AMP155_AMP170|AMP155|5000,3,1,111
E1_BTx398_AMP155_AMP170,Experiment 1,published,source_workbook_A_experiments_1_2.xlsx,5,2,BTx398,sorghum,E1_BTx398_AMP155_AMP170_P03,3,single,AMP155,,,1000000,1000000,E1_BTx398_AMP155_AMP170|AMP155|1000000,1,5,542
E1_BTx398_AMP155_AMP170,Experiment 1,published,source_workbook_A_experiments_1_2.xlsx,5,2,BTx398,sorghum,E1_BTx398_AMP155_AMP170_P03,3,single,AMP155,,,1000000,1000000,E1_BTx398_AMP155_AMP170|AMP155|1000000,2,4,542
E1_BTx398_AMP155_AMP170,Experiment 1,published,source_workbook_A_experiments_1_2.xlsx,5,2,BTx398,sorghum,E1_BTx398_AMP155_AMP170_P03,3,single,AMP155,,,1000000,1000000,E1_BTx398_AMP155_AMP170|AMP155|1000000,3,2,542
E1_BTx398_AMP155_AMP170,Experiment 1,published,source_workbook_A_experiments_1_2.xlsx,5,3,BTx398,sorghum,E1_BTx398_AMP155_AMP170_P03,3,single,AMP155,,,500000,500000,E1_BTx398_AMP155_AMP170|AMP155|500000,1,3,322
E1_BTx398_AMP155_AMP170,Experiment 1,published,source_workbook_A_experiments_1_2.xlsx,5,3,BTx398,sorghum,E1_BTx398_AMP155_AMP170_P03,3,single,AMP155,,,500000,500000,E1_BTx398_AMP155_AMP170|AMP155|500000,2,2,322
E1_BTx398_AMP155_AMP170,Experiment 1,published,source_workbook_A_experiments_1_2.xlsx,5,3,BTx398,sorghum,E1_BTx398_AMP155_AMP170_P03,3,single,AMP155,,,500000,500000,E1_BTx398_AMP155_AMP170|AMP155|500000,3,2,322
E1_BTx398_AMP155_AMP170,Experiment 1,published,source_workbook_A_experiments_1_2.xlsx,5,4,BTx398,sorghum,E1_BTx398_AMP155_AMP170_P03,3,single,AMP155,,,100000,100000,E1_BTx398_AMP155_AMP170|AMP155|100000,1,2,221
E1_BTx398_AMP155_AMP170,Experiment 1,published,source_workbook_A_experiments_1_2.xlsx,5,4,BTx398,sorghum,E1_BTx398_AMP155_AMP170_P03,3,single,AMP155,,,100000,100000,E1_BTx398_AMP155_AMP170|AMP155|100000,2,2,221
E1_BTx398_AMP155_AMP170,Experiment 1,published,source_workbook_A_experiments_1_2.xlsx,5,4,BTx398,sorghum,E1_BTx398_AMP155_AMP170_P03,3,single,AMP155,,,100000,100000,E1_BTx398_AMP155_AMP170|AMP155|100000,3,1,221
E1_BTx398_AMP155_AMP170,Experiment 1,published,source_workbook_A_experiments_1_2.xlsx,5,5,BTx398,sorghum,E1_BTx398_AMP155_AMP170_P03,3,single,AMP155,,,50000,50000,E1_BTx398_AMP155_AMP170|AMP155|50000,1,1,112
E1_BTx398_AMP155_AMP170,Experiment 1,published,source_workbook_A_experiments_1_2.xlsx,5,5,BTx398,sorghum,E1_BTx398_AMP155_AMP170_P03,3,single,AMP155,,,50000,50000,E1_BTx398_AMP155_AMP170|AMP155|50000,2,1,112
E1_BTx398_AMP155_AMP170,Experiment 1,published,source_workbook_A_experiments_1_2.xlsx,5,5,BTx398,sorghum,E1_BTx398_AMP155_AMP170_P03,3,single,AMP155,,,50000,50000,E1_BTx398_AMP155_AMP170|AMP155|50000,3,2,112
E1_BTx398_AMP155_AMP170,Experiment 1,published,source_workbook_A_experiments_1_2.xlsx,5,6,BTx398,sorghum,E1_BTx398_AMP155_AMP170_P03,3,single,AMP155,,,10000,10000,E1_BTx398_AMP155_AMP170|AMP155|10000,1,2,211
E1_BTx398_AMP155_AMP170,Experiment 1,published,source_workbook_A_experiments_1_2.xlsx,5,6,BTx398,sorghum,E1_BTx398_AMP155_AMP170_P03,3,single,AMP155,,,10000,10000,E1_BTx398_AMP155_AMP170|AMP155|10000,2,1,211
E1_BTx398_AMP155_AMP170,Experiment 1,published,source_workbook_A_experiments_1_2.xlsx,5,6,BTx398,sorghum,E1_BTx398_AMP155_AMP170_P03,3,single,AMP155,,,10000,10000,E1_BTx398_AMP155_AMP170|AMP155|10000,3,1,211
E1_BTx398_AMP155_AMP170,Experiment 1,published,source_workbook_A_experiments_1_2.xlsx,5,7,BTx398,sorghum,E1_BTx398_AMP155_AMP170_P03,3,single,AMP155,,,5000,5000,E1_BTx398_AMP155_AMP170|AMP155|5000,1,1,111
E1_BTx398_AMP155_AMP170,Experiment 1,published,source_workbook_A_experiments_1_2.xlsx,5,7,BTx398,sorghum,E1_BTx398_AMP155_AMP170_P03,3,single,AMP155,,,5000,5000,E1_BTx398_AMP155_AMP170|AMP155|5000,2,1,111
E1_BTx398_AMP155_AMP170,Experiment 1,published,source_workbook_A_experiments_1_2.xlsx,5,7,BTx398,sorghum,E1_BTx398_AMP155_AMP170_P03,3,single,AMP155,,,5000,5000,E1_BTx398_AMP155_AMP170|AMP155|5000,3,1,111
E1_BTx398_AMP155_AMP170,Experiment 1,published,source_workbook_A_experiments_1_2.xlsx,6,2,BTx398,sorghum,E1_BTx398_AMP155_AMP170_P04,4,single,AMP155,,,1000000,1000000,E1_BTx398_AMP155_AMP170|AMP155|1000000,1,3,342
E1_BTx398_AMP155_AMP170,Experiment 1,published,source_workbook_A_experiments_1_2.xlsx,6,2,BTx398,sorghum,E1_BTx398_AMP155_AMP170_P04,4,single,AMP155,,,1000000,1000000,E1_BTx398_AMP155_AMP170|AMP155|1000000,2,4,342
E1_BTx398_AMP155_AMP170,Experiment 1,published,source_workbook_A_experiments_1_2.xlsx,6,2,BTx398,sorghum,E1_BTx398_AMP155_AMP170_P04,4,single,AMP155,,,1000000,1000000,E1_BTx398_AMP155_AMP170|AMP155|1000000,3,2,342
E1_BTx398_AMP155_AMP170,Experiment 1,published,source_workbook_A_experiments_1_2.xlsx,6,3,BTx398,sorghum,E1_BTx398_AMP155_AMP170_P04,4,single,AMP155,,,500000,500000,E1_BTx398_AMP155_AMP170|AMP155|500000,1,2,222
E1_BTx398_AMP155_AMP170,Experiment 1,published,source_workbook_A_experiments_1_2.xlsx,6,3,BTx398,sorghum,E1_BTx398_AMP155_AMP170_P04,4,single,AMP155,,,500000,500000,E1_BTx398_AMP155_AMP170|AMP155|500000,2,2,222
E1_BTx398_AMP155_AMP170,Experiment 1,published,source_workbook_A_experiments_1_2.xlsx,6,3,BTx398,sorghum,E1_BTx398_AMP155_AMP170_P04,4,single,AMP155,,,500000,500000,E1_BTx398_AMP155_AMP170|AMP155|500000,3,2,222
E1_BTx398_AMP155_AMP170,Experiment 1,published,source_workbook_A_experiments_1_2.xlsx,6,4,BTx398,sorghum,E1_BTx398_AMP155_AMP170_P04,4,single,AMP155,,,100000,100000,E1_BTx398_AMP155_AMP170|AMP155|100000,1,2,223
E1_BTx398_AMP155_AMP170,Experiment 1,published,source_workbook_A_experiments_1_2.xlsx,6,4,BTx398,sorghum,E1_BTx398_AMP155_AMP170_P04,4,single,AMP155,,,100000,100000,E1_BTx398_AMP155_AMP170|AMP155|100000,2,2,223
E1_BTx398_AMP155_AMP170,Experiment 1,published,source_workbook_A_experiments_1_2.xlsx,6,4,BTx398,sorghum,E1_BTx398_AMP155_AMP170_P04,4,single,AMP155,,,100000,100000,E1_BTx398_AMP155_AMP170|AMP155|100000,3,3,223
E1_BTx398_AMP155_AMP170,Experiment 1,published,source_workbook_A_experiments_1_2.xlsx,6,5,BTx398,sorghum,E1_BTx398_AMP155_AMP170_P04,4,single,AMP155,,,50000,50000,E1_BTx398_AMP155_AMP170|AMP155|50000,1,2,221
E1_BTx398_AMP155_AMP170,Experiment 1,published,source_workbook_A_experiments_1_2.xlsx,6,5,BTx398,sorghum,E1_BTx398_AMP155_AMP170_P04,4,single,AMP155,,,50000,50000,E1_BTx398_AMP155_AMP170|AMP155|50000,2,2,221
E1_BTx398_AMP155_AMP170,Experiment 1,published,source_workbook_A_experiments_1_2.xlsx,6,5,BTx398,sorghum,E1_BTx398_AMP155_AMP170_P04,4,single,AMP155,,,50000,50000,E1_BTx398_AMP155_AMP170|AMP155|50000,3,1,221
E1_BTx398_AMP155_AMP170,Experiment 1,published,source_workbook_A_experiments_1_2.xlsx,6,6,BTx398,sorghum,E1_BTx398_AMP155_AMP170_P04,4,single,AMP155,,,10000,10000,E1_BTx398_AMP155_AMP170|AMP155|10000,1,1,111
E1_BTx398_AMP155_AMP170,Experiment 1,published,source_workbook_A_experiments_1_2.xlsx,6,6,BTx398,sorghum,E1_BTx398_AMP155_AMP170_P04,4,single,AMP155,,,10000,10000,E1_BTx398_AMP155_AMP170|AMP155|10000,2,1,111
E1_BTx398_AMP155_AMP170,Experiment 1,published,source_workbook_A_experiments_1_2.xlsx,6,6,BTx398,sorghum,E1_BTx398_AMP155_AMP170_P04,4,single,AMP155,,,10000,10000,E1_BTx398_AMP155_AMP170|AMP155|10000,3,1,111
E1_BTx398_AMP155_AMP170,Experiment 1,published,source_workbook_A_experiments_1_2.xlsx,6,7,BTx398,sorghum,E1_BTx398_AMP155_AMP170_P04,4,single,AMP155,,,5000,5000,E1_BTx398_AMP155_AMP170|AMP155|5000,1,1,111
E1_BTx398_AMP155_AMP170,Experiment 1,published,source_workbook_A_experiments_1_2.xlsx,6,7,BTx398,sorghum,E1_BTx398_AMP155_AMP170_P04,4,single,AMP155,,,5000,5000,E1_BTx398_AMP155_AMP170|AMP155|5000,2,1,111
E1_BTx398_AMP155_AMP170,Experiment 1,published,source_workbook_A_experiments_1_2.xlsx,6,7,BTx398,sorghum,E1_BTx398_AMP155_AMP170_P04,4,single,AMP155,,,5000,5000,E1_BTx398_AMP155_AMP170|AMP155|5000,3,1,111
E1_BTx398_AMP155_AMP170,Experiment 1,published,source_workbook_A_experiments_1_2.xlsx,7,2,BTx398,sorghum,E1_BTx398_AMP155_AMP170_P05,5,single,AMP155,,,1000000,1000000,E1_BTx398_AMP155_AMP170|AMP155|1000000,1,2,223
E1_BTx398_AMP155_AMP170,Experiment 1,published,source_workbook_A_experiments_1_2.xlsx,7,2,BTx398,sorghum,E1_BTx398_AMP155_AMP170_P05,5,single,AMP155,,,1000000,1000000,E1_BTx398_AMP155_AMP170|AMP155|1000000,2,2,223
E1_BTx398_AMP155_AMP170,Experiment 1,published,source_workbook_A_experiments_1_2.xlsx,7,2,BTx398,sorghum,E1_BTx398_AMP155_AMP170_P05,5,single,AMP155,,,1000000,1000000,E1_BTx398_AMP155_AMP170|AMP155|1000000,3,3,223
E1_BTx398_AMP155_AMP170,Experiment 1,published,source_workbook_A_experiments_1_2.xlsx,7,3,BTx398,sorghum,E1_BTx398_AMP155_AMP170_P05,5,single,AMP155,,,500000,500000,E1_BTx398_AMP155_AMP170|AMP155|500000,1,2,222
E1_BTx398_AMP155_AMP170,Experiment 1,published,source_workbook_A_experiments_1_2.xlsx,7,3,BTx398,sorghum,E1_BTx398_AMP155_AMP170_P05,5,single,AMP155,,,500000,500000,E1_BTx398_AMP155_AMP170|AMP155|500000,2,2,222
E1_BTx398_AMP155_AMP170,Experiment 1,published,source_workbook_A_experiments_1_2.xlsx,7,3,BTx398,sorghum,E1_BTx398_AMP155_AMP170_P05,5,single,AMP155,,,500000,500000,E1_BTx398_AMP155_AMP170|AMP155|500000,3,2,222
E1_BTx398_AMP155_AMP170,Experiment 1,published,source_workbook_A_experiments_1_2.xlsx,7,4,BTx398,sorghum,E1_BTx398_AMP155_AMP170_P05,5,single,AMP155,,,100000,100000,E1_BTx398_AMP155_AMP170|AMP155|100000,1,2,222
E1_BTx398_AMP155_AMP170,Experiment 1,published,source_workbook_A_experiments_1_2.xlsx,7,4,BTx398,sorghum,E1_BTx398_AMP155_AMP170_P05,5,single,AMP155,,,100000,100000,E1_BTx398_AMP155_AMP170|AMP155|100000,2,2,222
E1_BTx398_AMP155_AMP170,Experiment 1,published,source_workbook_A_experiments_1_2.xlsx,7,4,BTx398,sorghum,E1_BTx398_AMP155_AMP170_P05,5,single,AMP155,,,100000,100000,E1_BTx398_AMP155_AMP170|AMP155|100000,3,2,222
E1_BTx398_AMP155_AMP170,Experiment 1,published,source_workbook_A_experiments_1_2.xlsx,7,5,BTx398,sorghum,E1_BTx398_AMP155_AMP170_P05,5,single,AMP155,,,50000,50000,E1_BTx398_AMP155_AMP170|AMP155|50000,1,2,221
E1_BTx398_AMP155_AMP170,Experiment 1,published,source_workbook_A_experiments_1_2.xlsx,7,5,BTx398,sorghum,E1_BTx398_AMP155_AMP170_P05,5,single,AMP155,,,50000,50000,E1_BTx398_AMP155_AMP170|AMP155|50000,2,2,221
E1_BTx398_AMP155_AMP170,Experiment 1,published,source_workbook_A_experiments_1_2.xlsx,7,5,BTx398,sorghum,E1_BTx398_AMP155_AMP170_P05,5,single,AMP155,,,50000,50000,E1_BTx398_AMP155_AMP170|AMP155|50000,3,1,221
E1_BTx398_AMP155_AMP170,Experiment 1,published,source_workbook_A_experiments_1_2.xlsx,7,6,BTx398,sorghum,E1_BTx398_AMP155_AMP170_P05,5,single,AMP155,,,10000,10000,E1_BTx398_AMP155_AMP170|AMP155|10000,1,1,111
E1_BTx398_AMP155_AMP170,Experiment 1,published,source_workbook_A_experiments_1_2.xlsx,7,6,BTx398,sorghum,E1_BTx398_AMP155_AMP170_P05,5,single,AMP155,,,10000,10000,E1_BTx398_AMP155_AMP170|AMP155|10000,2,1,111
E1_BTx398_AMP155_AMP170,Experiment 1,published,source_workbook_A_experiments_1_2.xlsx,7,6,BTx398,sorghum,E1_BTx398_AMP155_AMP170_P05,5,single,AMP155,,,10000,10000,E1_BTx398_AMP155_AMP170|AMP155|10000,3,1,111
E1_BTx398_AMP155_AMP170,Experiment 1,published,source_workbook_A_experiments_1_2.xlsx,7,7,BTx398,sorghum,E1_BTx398_AMP155_AMP170_P05,5,single,AMP155,,,5000,5000,E1_BTx398_AMP155_AMP170|AMP155|5000,1,1,111
E1_BTx398_AMP155_AMP170,Experiment 1,published,source_workbook_A_experiments_1_2.xlsx,7,7,BTx398,sorghum,E1_BTx398_AMP155_AMP170_P05,5,single,AMP155,,,5000,5000,E1_BTx398_AMP155_AMP170|AMP155|5000,2,1,111
E1_BTx398_AMP155_AMP170,Experiment 1,published,source_workbook_A_experiments_1_2.xlsx,7,7,BTx398,sorghum,E1_BTx398_AMP155_AMP170_P05,5,single,AMP155,,,5000,5000,E1_BTx398_AMP155_AMP170|AMP155|5000,3,1,111
E1_BTx398_AMP155_AMP170,Experiment 1,published,source_workbook_A_experiments_1_2.xlsx,8,2,BTx398,sorghum,E1_BTx398_AMP155_AMP170_P06,6,single,AMP155,,,1000000,1000000,E1_BTx398_AMP155_AMP170|AMP155|1000000,1,2,233
E1_BTx398_AMP155_AMP170,Experiment 1,published,source_workbook_A_experiments_1_2.xlsx,8,2,BTx398,sorghum,E1_BTx398_AMP155_AMP170_P06,6,single,AMP155,,,1000000,1000000,E1_BTx398_AMP155_AMP170|AMP155|1000000,2,3,233
E1_BTx398_AMP155_AMP170,Experiment 1,published,source_workbook_A_experiments_1_2.xlsx,8,2,BTx398,sorghum,E1_BTx398_AMP155_AMP170_P06,6,single,AMP155,,,1000000,1000000,E1_BTx398_AMP155_AMP170|AMP155|1000000,3,3,233
E1_BTx398_AMP155_AMP170,Experiment 1,published,source_workbook_A_experiments_1_2.xlsx,8,3,BTx398,sorghum,E1_BTx398_AMP155_AMP170_P06,6,single,AMP155,,,500000,500000,E1_BTx398_AMP155_AMP170|AMP155|500000,1,2,212
E1_BTx398_AMP155_AMP170,Experiment 1,published,source_workbook_A_experiments_1_2.xlsx,8,3,BTx398,sorghum,E1_BTx398_AMP155_AMP170_P06,6,single,AMP155,,,500000,500000,E1_BTx398_AMP155_AMP170|AMP155|500000,2,1,212
E1_BTx398_AMP155_AMP170,Experiment 1,published,source_workbook_A_experiments_1_2.xlsx,8,3,BTx398,sorghum,E1_BTx398_AMP155_AMP170_P06,6,single,AMP155,,,500000,500000,E1_BTx398_AMP155_AMP170|AMP155|500000,3,2,212
E1_BTx398_AMP155_AMP170,Experiment 1,published,source_workbook_A_experiments_1_2.xlsx,8,4,BTx398,sorghum,E1_BTx398_AMP155_AMP170_P06,6,single,AMP155,,,100000,100000,E1_BTx398_AMP155_AMP170|AMP155|100000,1,2,223
E1_BTx398_AMP155_AMP170,Experiment 1,published,source_workbook_A_experiments_1_2.xlsx,8,4,BTx398,sorghum,E1_BTx398_AMP155_AMP170_P06,6,single,AMP155,,,100000,100000,E1_BTx398_AMP155_AMP170|AMP155|100000,2,2,223
E1_BTx398_AMP155_AMP170,Experiment 1,published,source_workbook_A_experiments_1_2.xlsx,8,4,BTx398,sorghum,E1_BTx398_AMP155_AMP170_P06,6,single,AMP155,,,100000,100000,E1_BTx398_AMP155_AMP170|AMP155|100000,3,3,223
E1_BTx398_AMP155_AMP170,Experiment 1,published,source_workbook_A_experiments_1_2.xlsx,8,5,BTx398,sorghum,E1_BTx398_AMP155_AMP170_P06,6,single,AMP155,,,50000,50000,E1_BTx398_AMP155_AMP170|AMP155|50000,1,2,232
E1_BTx398_AMP155_AMP170,Experiment 1,published,source_workbook_A_experiments_1_2.xlsx,8,5,BTx398,sorghum,E1_BTx398_AMP155_AMP170_P06,6,single,AMP155,,,50000,50000,E1_BTx398_AMP155_AMP170|AMP155|50000,2,3,232
E1_BTx398_AMP155_AMP170,Experiment 1,published,source_workbook_A_experiments_1_2.xlsx,8,5,BTx398,sorghum,E1_BTx398_AMP155_AMP170_P06,6,single,AMP155,,,50000,50000,E1_BTx398_AMP155_AMP170|AMP155|50000,3,2,232
E1_BTx398_AMP155_AMP170,Experiment 1,published,source_workbook_A_experiments_1_2.xlsx,8,6,BTx398,sorghum,E1_BTx398_AMP155_AMP170_P06,6,single,AMP155,,,10000,10000,E1_BTx398_AMP155_AMP170|AMP155|10000,1,1,111
E1_BTx398_AMP155_AMP170,Experiment 1,published,source_workbook_A_experiments_1_2.xlsx,8,6,BTx398,sorghum,E1_BTx398_AMP155_AMP170_P06,6,single,AMP155,,,10000,10000,E1_BTx398_AMP155_AMP170|AMP155|10000,2,1,111
E1_BTx398_AMP155_AMP170,Experiment 1,published,source_workbook_A_experiments_1_2.xlsx,8,6,BTx398,sorghum,E1_BTx398_AMP155_AMP170_P06,6,single,AMP155,,,10000,10000,E1_BTx398_AMP155_AMP170|AMP155|10000,3,1,111
E1_BTx398_AMP155_AMP170,Experiment 1,published,source_workbook_A_experiments_1_2.xlsx,8,7,BTx398,sorghum,E1_BTx398_AMP155_AMP170_P06,6,single,AMP155,,,5000,5000,E1_BTx398_AMP155_AMP170|AMP155|5000,1,1,111
E1_BTx398_AMP155_AMP170,Experiment 1,published,source_workbook_A_experiments_1_2.xlsx,8,7,BTx398,sorghum,E1_BTx398_AMP155_AMP170_P06,6,single,AMP155,,,5000,5000,E1_BTx398_AMP155_AMP170|AMP155|5000,2,1,111
E1_BTx398_AMP155_AMP170,Experiment 1,published,source_workbook_A_experiments_1_2.xlsx,8,7,BTx398,sorghum,E1_BTx398_AMP155_AMP170_P06,6,single,AMP155,,,5000,5000,E1_BTx398_AMP155_AMP170|AMP155|5000,3,1,111
E1_BTx398_AMP155_AMP170,Experiment 1,published,source_workbook_A_experiments_1_2.xlsx,10,2,BTx398,sorghum,E1_BTx398_AMP155_AMP170_P01,1,single,AMP170,,,1000000,1000000,E1_BTx398_AMP155_AMP170|AMP170|1000000,1,2,211
E1_BTx398_AMP155_AMP170,Experiment 1,published,source_workbook_A_experiments_1_2.xlsx,10,2,BTx398,sorghum,E1_BTx398_AMP155_AMP170_P01,1,single,AMP170,,,1000000,1000000,E1_BTx398_AMP155_AMP170|AMP170|1000000,2,1,211
E1_BTx398_AMP155_AMP170,Experiment 1,published,source_workbook_A_experiments_1_2.xlsx,10,2,BTx398,sorghum,E1_BTx398_AMP155_AMP170_P01,1,single,AMP170,,,1000000,1000000,E1_BTx398_AMP155_AMP170|AMP170|1000000,3,1,211
E1_BTx398_AMP155_AMP170,Experiment 1,published,source_workbook_A_experiments_1_2.xlsx,10,3,BTx398,sorghum,E1_BTx398_AMP155_AMP170_P01,1,single,AMP170,,,500000,500000,E1_BTx398_AMP155_AMP170|AMP170|500000,1,1,112
E1_BTx398_AMP155_AMP170,Experiment 1,published,source_workbook_A_experiments_1_2.xlsx,10,3,BTx398,sorghum,E1_BTx398_AMP155_AMP170_P01,1,single,AMP170,,,500000,500000,E1_BTx398_AMP155_AMP170|AMP170|500000,2,1,112
E1_BTx398_AMP155_AMP170,Experiment 1,published,source_workbook_A_experiments_1_2.xlsx,10,3,BTx398,sorghum,E1_BTx398_AMP155_AMP170_P01,1,single,AMP170,,,500000,500000,E1_BTx398_AMP155_AMP170|AMP170|500000,3,2,112
E1_BTx398_AMP155_AMP170,Experiment 1,published,source_workbook_A_experiments_1_2.xlsx,10,4,BTx398,sorghum,E1_BTx398_AMP155_AMP170_P01,1,single,AMP170,,,100000,100000,E1_BTx398_AMP155_AMP170|AMP170|100000,1,1,111
E1_BTx398_AMP155_AMP170,Experiment 1,published,source_workbook_A_experiments_1_2.xlsx,10,4,BTx398,sorghum,E1_BTx398_AMP155_AMP170_P01,1,single,AMP170,,,100000,100000,E1_BTx398_AMP155_AMP170|AMP170|100000,2,1,111
E1_BTx398_AMP155_AMP170,Experiment 1,published,source_workbook_A_experiments_1_2.xlsx,10,4,BTx398,sorghum,E1_BTx398_AMP155_AMP170_P01,1,single,AMP170,,,100000,100000,E1_BTx398_AMP155_AMP170|AMP170|100000,3,1,111
E1_BTx398_AMP155_AMP170,Experiment 1,published,source_workbook_A_experiments_1_2.xlsx,10,5,BTx398,sorghum,E1_BTx398_AMP155_AMP170_P01,1,single,AMP170,,,50000,50000,E1_BTx398_AMP155_AMP170|AMP170|50000,1,1,111
E1_BTx398_AMP155_AMP170,Experiment 1,published,source_workbook_A_experiments_1_2.xlsx,10,5,BTx398,sorghum,E1_BTx398_AMP155_AMP170_P01,1,single,AMP170,,,50000,50000,E1_BTx398_AMP155_AMP170|AMP170|50000,2,1,111
E1_BTx398_AMP155_AMP170,Experiment 1,published,source_workbook_A_experiments_1_2.xlsx,10,5,BTx398,sorghum,E1_BTx398_AMP155_AMP170_P01,1,single,AMP170,,,50000,50000,E1_BTx398_AMP155_AMP170|AMP170|50000,3,1,111
E1_BTx398_AMP155_AMP170,Experiment 1,published,source_workbook_A_experiments_1_2.xlsx,10,6,BTx398,sorghum,E1_BTx398_AMP155_AMP170_P01,1,single,AMP170,,,10000,10000,E1_BTx398_AMP155_AMP170|AMP170|10000,1,1,111
E1_BTx398_AMP155_AMP170,Experiment 1,published,source_workbook_A_experiments_1_2.xlsx,10,6,BTx398,sorghum,E1_BTx398_AMP155_AMP170_P01,1,single,AMP170,,,10000,10000,E1_BTx398_AMP155_AMP170|AMP170|10000,2,1,111
E1_BTx398_AMP155_AMP170,Experiment 1,published,source_workbook_A_experiments_1_2.xlsx,10,6,BTx398,sorghum,E1_BTx398_AMP155_AMP170_P01,1,single,AMP170,,,10000,10000,E1_BTx398_AMP155_AMP170|AMP170|10000,3,1,111
E1_BTx398_AMP155_AMP170,Experiment 1,published,source_workbook_A_experiments_1_2.xlsx,10,7,BTx398,sorghum,E1_BTx398_AMP155_AMP170_P01,1,single,AMP170,,,5000,5000,E1_BTx398_AMP155_AMP170|AMP170|5000,1,1,111
E1_BTx398_AMP155_AMP170,Experiment 1,published,source_workbook_A_experiments_1_2.xlsx,10,7,BTx398,sorghum,E1_BTx398_AMP155_AMP170_P01,1,single,AMP170,,,5000,5000,E1_BTx398_AMP155_AMP170|AMP170|5000,2,1,111
E1_BTx398_AMP155_AMP170,Experiment 1,published,source_workbook_A_experiments_1_2.xlsx,10,7,BTx398,sorghum,E1_BTx398_AMP155_AMP170_P01,1,single,AMP170,,,5000,5000,E1_BTx398_AMP155_AMP170|AMP170|5000,3,1,111
E1_BTx398_AMP155_AMP170,Experiment 1,published,source_workbook_A_experiments_1_2.xlsx,11,2,BTx398,sorghum,E1_BTx398_AMP155_AMP170_P02,2,single,AMP170,,,1000000,1000000,E1_BTx398_AMP155_AMP170|AMP170|1000000,1,2,222
E1_BTx398_AMP155_AMP170,Experiment 1,published,source_workbook_A_experiments_1_2.xlsx,11,2,BTx398,sorghum,E1_BTx398_AMP155_AMP170_P02,2,single,AMP170,,,1000000,1000000,E1_BTx398_AMP155_AMP170|AMP170|1000000,2,2,222
E1_BTx398_AMP155_AMP170,Experiment 1,published,source_workbook_A_experiments_1_2.xlsx,11,2,BTx398,sorghum,E1_BTx398_AMP155_AMP170_P02,2,single,AMP170,,,1000000,1000000,E1_BTx398_AMP155_AMP170|AMP170|1000000,3,2,222
E1_BTx398_AMP155_AMP170,Experiment 1,published,source_workbook_A_experiments_1_2.xlsx,11,3,BTx398,sorghum,E1_BTx398_AMP155_AMP170_P02,2,single,AMP170,,,500000,500000,E1_BTx398_AMP155_AMP170|AMP170|500000,1,3,322
E1_BTx398_AMP155_AMP170,Experiment 1,published,source_workbook_A_experiments_1_2.xlsx,11,3,BTx398,sorghum,E1_BTx398_AMP155_AMP170_P02,2,single,AMP170,,,500000,500000,E1_BTx398_AMP155_AMP170|AMP170|500000,2,2,322
E1_BTx398_AMP155_AMP170,Experiment 1,published,source_workbook_A_experiments_1_2.xlsx,11,3,BTx398,sorghum,E1_BTx398_AMP155_AMP170_P02,2,single,AMP170,,,500000,500000,E1_BTx398_AMP155_AMP170|AMP170|500000,3,2,322
E1_BTx398_AMP155_AMP170,Experiment 1,published,source_workbook_A_experiments_1_2.xlsx,11,4,BTx398,sorghum,E1_BTx398_AMP155_AMP170_P02,2,single,AMP170,,,100000,100000,E1_BTx398_AMP155_AMP170|AMP170|100000,1,1,111
E1_BTx398_AMP155_AMP170,Experiment 1,published,source_workbook_A_experiments_1_2.xlsx,11,4,BTx398,sorghum,E1_BTx398_AMP155_AMP170_P02,2,single,AMP170,,,100000,100000,E1_BTx398_AMP155_AMP170|AMP170|100000,2,1,111
E1_BTx398_AMP155_AMP170,Experiment 1,published,source_workbook_A_experiments_1_2.xlsx,11,4,BTx398,sorghum,E1_BTx398_AMP155_AMP170_P02,2,single,AMP170,,,100000,100000,E1_BTx398_AMP155_AMP170|AMP170|100000,3,1,111
E1_BTx398_AMP155_AMP170,Experiment 1,published,source_workbook_A_experiments_1_2.xlsx,11,5,BTx398,sorghum,E1_BTx398_AMP155_AMP170_P02,2,single,AMP170,,,50000,50000,E1_BTx398_AMP155_AMP170|AMP170|50000,1,1,111
E1_BTx398_AMP155_AMP170,Experiment 1,published,source_workbook_A_experiments_1_2.xlsx,11,5,BTx398,sorghum,E1_BTx398_AMP155_AMP170_P02,2,single,AMP170,,,50000,50000,E1_BTx398_AMP155_AMP170|AMP170|50000,2,1,111
E1_BTx398_AMP155_AMP170,Experiment 1,published,source_workbook_A_experiments_1_2.xlsx,11,5,BTx398,sorghum,E1_BTx398_AMP155_AMP170_P02,2,single,AMP170,,,50000,50000,E1_BTx398_AMP155_AMP170|AMP170|50000,3,1,111
E1_BTx398_AMP155_AMP170,Experiment 1,published,source_workbook_A_experiments_1_2.xlsx,11,6,BTx398,sorghum,E1_BTx398_AMP155_AMP170_P02,2,single,AMP170,,,10000,10000,E1_BTx398_AMP155_AMP170|AMP170|10000,1,1,111
E1_BTx398_AMP155_AMP170,Experiment 1,published,source_workbook_A_experiments_1_2.xlsx,11,6,BTx398,sorghum,E1_BTx398_AMP155_AMP170_P02,2,single,AMP170,,,10000,10000,E1_BTx398_AMP155_AMP170|AMP170|10000,2,1,111
E1_BTx398_AMP155_AMP170,Experiment 1,published,source_workbook_A_experiments_1_2.xlsx,11,6,BTx398,sorghum,E1_BTx398_AMP155_AMP170_P02,2,single,AMP170,,,10000,10000,E1_BTx398_AMP155_AMP170|AMP170|10000,3,1,111
E1_BTx398_AMP155_AMP170,Experiment 1,published,source_workbook_A_experiments_1_2.xlsx,11,7,BTx398,sorghum,E1_BTx398_AMP155_AMP170_P02,2,single,AMP170,,,5000,5000,E1_BTx398_AMP155_AMP170|AMP170|5000,1,1,111
E1_BTx398_AMP155_AMP170,Experiment 1,published,source_workbook_A_experiments_1_2.xlsx,11,7,BTx398,sorghum,E1_BTx398_AMP155_AMP170_P02,2,single,AMP170,,,5000,5000,E1_BTx398_AMP155_AMP170|AMP170|5000,2,1,111
E1_BTx398_AMP155_AMP170,Experiment 1,published,source_workbook_A_experiments_1_2.xlsx,11,7,BTx398,sorghum,E1_BTx398_AMP155_AMP170_P02,2,single,AMP170,,,5000,5000,E1_BTx398_AMP155_AMP170|AMP170|5000,3,1,111
E1_BTx398_AMP155_AMP170,Experiment 1,published,source_workbook_A_experiments_1_2.xlsx,12,2,BTx398,sorghum,E1_BTx398_AMP155_AMP170_P03,3,single,AMP170,,,1000000,1000000,E1_BTx398_AMP155_AMP170|AMP170|1000000,1,1,112
E1_BTx398_AMP155_AMP170,Experiment 1,published,source_workbook_A_experiments_1_2.xlsx,12,2,BTx398,sorghum,E1_BTx398_AMP155_AMP170_P03,3,single,AMP170,,,1000000,1000000,E1_BTx398_AMP155_AMP170|AMP170|1000000,2,1,112
E1_BTx398_AMP155_AMP170,Experiment 1,published,source_workbook_A_experiments_1_2.xlsx,12,2,BTx398,sorghum,E1_BTx398_AMP155_AMP170_P03,3,single,AMP170,,,1000000,1000000,E1_BTx398_AMP155_AMP170|AMP170|1000000,3,2,112
E1_BTx398_AMP155_AMP170,Experiment 1,published,source_workbook_A_experiments_1_2.xlsx,12,3,BTx398,sorghum,E1_BTx398_AMP155_AMP170_P03,3,single,AMP170,,,500000,500000,E1_BTx398_AMP155_AMP170|AMP170|500000,1,2,221
E1_BTx398_AMP155_AMP170,Experiment 1,published,source_workbook_A_experiments_1_2.xlsx,12,3,BTx398,sorghum,E1_BTx398_AMP155_AMP170_P03,3,single,AMP170,,,500000,500000,E1_BTx398_AMP155_AMP170|AMP170|500000,2,2,221
E1_BTx398_AMP155_AMP170,Experiment 1,published,source_workbook_A_experiments_1_2.xlsx,12,3,BTx398,sorghum,E1_BTx398_AMP155_AMP170_P03,3,single,AMP170,,,500000,500000,E1_BTx398_AMP155_AMP170|AMP170|500000,3,1,221
E1_BTx398_AMP155_AMP170,Experiment 1,published,source_workbook_A_experiments_1_2.xlsx,12,4,BTx398,sorghum,E1_BTx398_AMP155_AMP170_P03,3,single,AMP170,,,100000,100000,E1_BTx398_AMP155_AMP170|AMP170|100000,1,1,111
E1_BTx398_AMP155_AMP170,Experiment 1,published,source_workbook_A_experiments_1_2.xlsx,12,4,BTx398,sorghum,E1_BTx398_AMP155_AMP170_P03,3,single,AMP170,,,100000,100000,E1_BTx398_AMP155_AMP170|AMP170|100000,2,1,111
E1_BTx398_AMP155_AMP170,Experiment 1,published,source_workbook_A_experiments_1_2.xlsx,12,4,BTx398,sorghum,E1_BTx398_AMP155_AMP170_P03,3,single,AMP170,,,100000,100000,E1_BTx398_AMP155_AMP170|AMP170|100000,3,1,111
E1_BTx398_AMP155_AMP170,Experiment 1,published,source_workbook_A_experiments_1_2.xlsx,12,5,BTx398,sorghum,E1_BTx398_AMP155_AMP170_P03,3,single,AMP170,,,50000,50000,E1_BTx398_AMP155_AMP170|AMP170|50000,1,1,111
E1_BTx398_AMP155_AMP170,Experiment 1,published,source_workbook_A_experiments_1_2.xlsx,12,5,BTx398,sorghum,E1_BTx398_AMP155_AMP170_P03,3,single,AMP170,,,50000,50000,E1_BTx398_AMP155_AMP170|AMP170|50000,2,1,111
E1_BTx398_AMP155_AMP170,Experiment 1,published,source_workbook_A_experiments_1_2.xlsx,12,5,BTx398,sorghum,E1_BTx398_AMP155_AMP170_P03,3,single,AMP170,,,50000,50000,E1_BTx398_AMP155_AMP170|AMP170|50000,3,1,111
E1_BTx398_AMP155_AMP170,Experiment 1,published,source_workbook_A_experiments_1_2.xlsx,12,6,BTx398,sorghum,E1_BTx398_AMP155_AMP170_P03,3,single,AMP170,,,10000,10000,E1_BTx398_AMP155_AMP170|AMP170|10000,1,2,211
E1_BTx398_AMP155_AMP170,Experiment 1,published,source_workbook_A_experiments_1_2.xlsx,12,6,BTx398,sorghum,E1_BTx398_AMP155_AMP170_P03,3,single,AMP170,,,10000,10000,E1_BTx398_AMP155_AMP170|AMP170|10000,2,1,211
E1_BTx398_AMP155_AMP170,Experiment 1,published,source_workbook_A_experiments_1_2.xlsx,12,6,BTx398,sorghum,E1_BTx398_AMP155_AMP170_P03,3,single,AMP170,,,10000,10000,E1_BTx398_AMP155_AMP170|AMP170|10000,3,1,211
E1_BTx398_AMP155_AMP170,Experiment 1,published,source_workbook_A_experiments_1_2.xlsx,12,7,BTx398,sorghum,E1_BTx398_AMP155_AMP170_P03,3,single,AMP170,,,5000,5000,E1_BTx398_AMP155_AMP170|AMP170|5000,1,1,111
E1_BTx398_AMP155_AMP170,Experiment 1,published,source_workbook_A_experiments_1_2.xlsx,12,7,BTx398,sorghum,E1_BTx398_AMP155_AMP170_P03,3,single,AMP170,,,5000,5000,E1_BTx398_AMP155_AMP170|AMP170|5000,2,1,111
E1_BTx398_AMP155_AMP170,Experiment 1,published,source_workbook_A_experiments_1_2.xlsx,12,7,BTx398,sorghum,E1_BTx398_AMP155_AMP170_P03,3,single,AMP170,,,5000,5000,E1_BTx398_AMP155_AMP170|AMP170|5000,3,1,111
E1_BTx398_AMP155_AMP170,Experiment 1,published,source_workbook_A_experiments_1_2.xlsx,13,2,BTx398,sorghum,E1_BTx398_AMP155_AMP170_P04,4,single,AMP170,,,1000000,1000000,E1_BTx398_AMP155_AMP170|AMP170|1000000,1,1,111
E1_BTx398_AMP155_AMP170,Experiment 1,published,source_workbook_A_experiments_1_2.xlsx,13,2,BTx398,sorghum,E1_BTx398_AMP155_AMP170_P04,4,single,AMP170,,,1000000,1000000,E1_BTx398_AMP155_AMP170|AMP170|1000000,2,1,111
E1_BTx398_AMP155_AMP170,Experiment 1,published,source_workbook_A_experiments_1_2.xlsx,13,2,BTx398,sorghum,E1_BTx398_AMP155_AMP170_P04,4,single,AMP170,,,1000000,1000000,E1_BTx398_AMP155_AMP170|AMP170|1000000,3,1,111
E1_BTx398_AMP155_AMP170,Experiment 1,published,source_workbook_A_experiments_1_2.xlsx,13,3,BTx398,sorghum,E1_BTx398_AMP155_AMP170_P04,4,single,AMP170,,,500000,500000,E1_BTx398_AMP155_AMP170|AMP170|500000,1,2,212
E1_BTx398_AMP155_AMP170,Experiment 1,published,source_workbook_A_experiments_1_2.xlsx,13,3,BTx398,sorghum,E1_BTx398_AMP155_AMP170_P04,4,single,AMP170,,,500000,500000,E1_BTx398_AMP155_AMP170|AMP170|500000,2,1,212
E1_BTx398_AMP155_AMP170,Experiment 1,published,source_workbook_A_experiments_1_2.xlsx,13,3,BTx398,sorghum,E1_BTx398_AMP155_AMP170_P04,4,single,AMP170,,,500000,500000,E1_BTx398_AMP155_AMP170|AMP170|500000,3,2,212
E1_BTx398_AMP155_AMP170,Experiment 1,published,source_workbook_A_experiments_1_2.xlsx,13,4,BTx398,sorghum,E1_BTx398_AMP155_AMP170_P04,4,single,AMP170,,,100000,100000,E1_BTx398_AMP155_AMP170|AMP170|100000,1,1,111
E1_BTx398_AMP155_AMP170,Experiment 1,published,source_workbook_A_experiments_1_2.xlsx,13,4,BTx398,sorghum,E1_BTx398_AMP155_AMP170_P04,4,single,AMP170,,,100000,100000,E1_BTx398_AMP155_AMP170|AMP170|100000,2,1,111
E1_BTx398_AMP155_AMP170,Experiment 1,published,source_workbook_A_experiments_1_2.xlsx,13,4,BTx398,sorghum,E1_BTx398_AMP155_AMP170_P04,4,single,AMP170,,,100000,100000,E1_BTx398_AMP155_AMP170|AMP170|100000,3,1,111
E1_BTx398_AMP155_AMP170,Experiment 1,published,source_workbook_A_experiments_1_2.xlsx,13,5,BTx398,sorghum,E1_BTx398_AMP155_AMP170_P04,4,single,AMP170,,,50000,50000,E1_BTx398_AMP155_AMP170|AMP170|50000,1,1,113
E1_BTx398_AMP155_AMP170,Experiment 1,published,source_workbook_A_experiments_1_2.xlsx,13,5,BTx398,sorghum,E1_BTx398_AMP155_AMP170_P04,4,single,AMP170,,,50000,50000,E1_BTx398_AMP155_AMP170|AMP170|50000,2,1,113
E1_BTx398_AMP155_AMP170,Experiment 1,published,source_workbook_A_experiments_1_2.xlsx,13,5,BTx398,sorghum,E1_BTx398_AMP155_AMP170_P04,4,single,AMP170,,,50000,50000,E1_BTx398_AMP155_AMP170|AMP170|50000,3,3,113
E1_BTx398_AMP155_AMP170,Experiment 1,published,source_workbook_A_experiments_1_2.xlsx,13,6,BTx398,sorghum,E1_BTx398_AMP155_AMP170_P04,4,single,AMP170,,,10000,10000,E1_BTx398_AMP155_AMP170|AMP170|10000,1,1,111
E1_BTx398_AMP155_AMP170,Experiment 1,published,source_workbook_A_experiments_1_2.xlsx,13,6,BTx398,sorghum,E1_BTx398_AMP155_AMP170_P04,4,single,AMP170,,,10000,10000,E1_BTx398_AMP155_AMP170|AMP170|10000,2,1,111
E1_BTx398_AMP155_AMP170,Experiment 1,published,source_workbook_A_experiments_1_2.xlsx,13,6,BTx398,sorghum,E1_BTx398_AMP155_AMP170_P04,4,single,AMP170,,,10000,10000,E1_BTx398_AMP155_AMP170|AMP170|10000,3,1,111
E1_BTx398_AMP155_AMP170,Experiment 1,published,source_workbook_A_experiments_1_2.xlsx,13,7,BTx398,sorghum,E1_BTx398_AMP155_AMP170_P04,4,single,AMP170,,,5000,5000,E1_BTx398_AMP155_AMP170|AMP170|5000,1,1,111
E1_BTx398_AMP155_AMP170,Experiment 1,published,source_workbook_A_experiments_1_2.xlsx,13,7,BTx398,sorghum,E1_BTx398_AMP155_AMP170_P04,4,single,AMP170,,,5000,5000,E1_BTx398_AMP155_AMP170|AMP170|5000,2,1,111
E1_BTx398_AMP155_AMP170,Experiment 1,published,source_workbook_A_experiments_1_2.xlsx,13,7,BTx398,sorghum,E1_BTx398_AMP155_AMP170_P04,4,single,AMP170,,,5000,5000,E1_BTx398_AMP155_AMP170|AMP170|5000,3,1,111
E1_BTx398_AMP155_AMP170,Experiment 1,published,source_workbook_A_experiments_1_2.xlsx,14,2,BTx398,sorghum,E1_BTx398_AMP155_AMP170_P05,5,single,AMP170,,,1000000,1000000,E1_BTx398_AMP155_AMP170|AMP170|1000000,1,1,111
E1_BTx398_AMP155_AMP170,Experiment 1,published,source_workbook_A_experiments_1_2.xlsx,14,2,BTx398,sorghum,E1_BTx398_AMP155_AMP170_P05,5,single,AMP170,,,1000000,1000000,E1_BTx398_AMP155_AMP170|AMP170|1000000,2,1,111
E1_BTx398_AMP155_AMP170,Experiment 1,published,source_workbook_A_experiments_1_2.xlsx,14,2,BTx398,sorghum,E1_BTx398_AMP155_AMP170_P05,5,single,AMP170,,,1000000,1000000,E1_BTx398_AMP155_AMP170|AMP170|1000000,3,1,111
E1_BTx398_AMP155_AMP170,Experiment 1,published,source_workbook_A_experiments_1_2.xlsx,14,3,BTx398,sorghum,E1_BTx398_AMP155_AMP170_P05,5,single,AMP170,,,500000,500000,E1_BTx398_AMP155_AMP170|AMP170|500000,1,1,112
E1_BTx398_AMP155_AMP170,Experiment 1,published,source_workbook_A_experiments_1_2.xlsx,14,3,BTx398,sorghum,E1_BTx398_AMP155_AMP170_P05,5,single,AMP170,,,500000,500000,E1_BTx398_AMP155_AMP170|AMP170|500000,2,1,112
E1_BTx398_AMP155_AMP170,Experiment 1,published,source_workbook_A_experiments_1_2.xlsx,14,3,BTx398,sorghum,E1_BTx398_AMP155_AMP170_P05,5,single,AMP170,,,500000,500000,E1_BTx398_AMP155_AMP170|AMP170|500000,3,2,112
E1_BTx398_AMP155_AMP170,Experiment 1,published,source_workbook_A_experiments_1_2.xlsx,14,4,BTx398,sorghum,E1_BTx398_AMP155_AMP170_P05,5,single,AMP170,,,100000,100000,E1_BTx398_AMP155_AMP170|AMP170|100000,1,1,121
E1_BTx398_AMP155_AMP170,Experiment 1,published,source_workbook_A_experiments_1_2.xlsx,14,4,BTx398,sorghum,E1_BTx398_AMP155_AMP170_P05,5,single,AMP170,,,100000,100000,E1_BTx398_AMP155_AMP170|AMP170|100000,2,2,121
E1_BTx398_AMP155_AMP170,Experiment 1,published,source_workbook_A_experiments_1_2.xlsx,14,4,BTx398,sorghum,E1_BTx398_AMP155_AMP170_P05,5,single,AMP170,,,100000,100000,E1_BTx398_AMP155_AMP170|AMP170|100000,3,1,121
E1_BTx398_AMP155_AMP170,Experiment 1,published,source_workbook_A_experiments_1_2.xlsx,14,5,BTx398,sorghum,E1_BTx398_AMP155_AMP170_P05,5,single,AMP170,,,50000,50000,E1_BTx398_AMP155_AMP170|AMP170|50000,1,1,111
E1_BTx398_AMP155_AMP170,Experiment 1,published,source_workbook_A_experiments_1_2.xlsx,14,5,BTx398,sorghum,E1_BTx398_AMP155_AMP170_P05,5,single,AMP170,,,50000,50000,E1_BTx398_AMP155_AMP170|AMP170|50000,2,1,111
E1_BTx398_AMP155_AMP170,Experiment 1,published,source_workbook_A_experiments_1_2.xlsx,14,5,BTx398,sorghum,E1_BTx398_AMP155_AMP170_P05,5,single,AMP170,,,50000,50000,E1_BTx398_AMP155_AMP170|AMP170|50000,3,1,111
E1_BTx398_AMP155_AMP170,Experiment 1,published,source_workbook_A_experiments_1_2.xlsx,14,6,BTx398,sorghum,E1_BTx398_AMP155_AMP170_P05,5,single,AMP170,,,10000,10000,E1_BTx398_AMP155_AMP170|AMP170|10000,1,2,211
E1_BTx398_AMP155_AMP170,Experiment 1,published,source_workbook_A_experiments_1_2.xlsx,14,6,BTx398,sorghum,E1_BTx398_AMP155_AMP170_P05,5,single,AMP170,,,10000,10000,E1_BTx398_AMP155_AMP170|AMP170|10000,2,1,211
E1_BTx398_AMP155_AMP170,Experiment 1,published,source_workbook_A_experiments_1_2.xlsx,14,6,BTx398,sorghum,E1_BTx398_AMP155_AMP170_P05,5,single,AMP170,,,10000,10000,E1_BTx398_AMP155_AMP170|AMP170|10000,3,1,211
E1_BTx398_AMP155_AMP170,Experiment 1,published,source_workbook_A_experiments_1_2.xlsx,14,7,BTx398,sorghum,E1_BTx398_AMP155_AMP170_P05,5,single,AMP170,,,5000,5000,E1_BTx398_AMP155_AMP170|AMP170|5000,1,1,111
E1_BTx398_AMP155_AMP170,Experiment 1,published,source_workbook_A_experiments_1_2.xlsx,14,7,BTx398,sorghum,E1_BTx398_AMP155_AMP170_P05,5,single,AMP170,,,5000,5000,E1_BTx398_AMP155_AMP170|AMP170|5000,2,1,111
E1_BTx398_AMP155_AMP170,Experiment 1,published,source_workbook_A_experiments_1_2.xlsx,14,7,BTx398,sorghum,E1_BTx398_AMP155_AMP170_P05,5,single,AMP170,,,5000,5000,E1_BTx398_AMP155_AMP170|AMP170|5000,3,1,111
E1_BTx398_AMP155_AMP170,Experiment 1,published,source_workbook_A_experiments_1_2.xlsx,15,2,BTx398,sorghum,E1_BTx398_AMP155_AMP170_P06,6,single,AMP170,,,1000000,1000000,E1_BTx398_AMP155_AMP170|AMP170|1000000,1,1,112
E1_BTx398_AMP155_AMP170,Experiment 1,published,source_workbook_A_experiments_1_2.xlsx,15,2,BTx398,sorghum,E1_BTx398_AMP155_AMP170_P06,6,single,AMP170,,,1000000,1000000,E1_BTx398_AMP155_AMP170|AMP170|1000000,2,1,112
E1_BTx398_AMP155_AMP170,Experiment 1,published,source_workbook_A_experiments_1_2.xlsx,15,2,BTx398,sorghum,E1_BTx398_AMP155_AMP170_P06,6,single,AMP170,,,1000000,1000000,E1_BTx398_AMP155_AMP170|AMP170|1000000,3,2,112
E1_BTx398_AMP155_AMP170,Experiment 1,published,source_workbook_A_experiments_1_2.xlsx,15,3,BTx398,sorghum,E1_BTx398_AMP155_AMP170_P06,6,single,AMP170,,,500000,500000,E1_BTx398_AMP155_AMP170|AMP170|500000,1,5,523
E1_BTx398_AMP155_AMP170,Experiment 1,published,source_workbook_A_experiments_1_2.xlsx,15,3,BTx398,sorghum,E1_BTx398_AMP155_AMP170_P06,6,single,AMP170,,,500000,500000,E1_BTx398_AMP155_AMP170|AMP170|500000,2,2,523
E1_BTx398_AMP155_AMP170,Experiment 1,published,source_workbook_A_experiments_1_2.xlsx,15,3,BTx398,sorghum,E1_BTx398_AMP155_AMP170_P06,6,single,AMP170,,,500000,500000,E1_BTx398_AMP155_AMP170|AMP170|500000,3,3,523
E1_BTx398_AMP155_AMP170,Experiment 1,published,source_workbook_A_experiments_1_2.xlsx,15,4,BTx398,sorghum,E1_BTx398_AMP155_AMP170_P06,6,single,AMP170,,,100000,100000,E1_BTx398_AMP155_AMP170|AMP170|100000,1,1,121
E1_BTx398_AMP155_AMP170,Experiment 1,published,source_workbook_A_experiments_1_2.xlsx,15,4,BTx398,sorghum,E1_BTx398_AMP155_AMP170_P06,6,single,AMP170,,,100000,100000,E1_BTx398_AMP155_AMP170|AMP170|100000,2,2,121
E1_BTx398_AMP155_AMP170,Experiment 1,published,source_workbook_A_experiments_1_2.xlsx,15,4,BTx398,sorghum,E1_BTx398_AMP155_AMP170_P06,6,single,AMP170,,,100000,100000,E1_BTx398_AMP155_AMP170|AMP170|100000,3,1,121
E1_BTx398_AMP155_AMP170,Experiment 1,published,source_workbook_A_experiments_1_2.xlsx,15,5,BTx398,sorghum,E1_BTx398_AMP155_AMP170_P06,6,single,AMP170,,,50000,50000,E1_BTx398_AMP155_AMP170|AMP170|50000,1,1,111
E1_BTx398_AMP155_AMP170,Experiment 1,published,source_workbook_A_experiments_1_2.xlsx,15,5,BTx398,sorghum,E1_BTx398_AMP155_AMP170_P06,6,single,AMP170,,,50000,50000,E1_BTx398_AMP155_AMP170|AMP170|50000,2,1,111
E1_BTx398_AMP155_AMP170,Experiment 1,published,source_workbook_A_experiments_1_2.xlsx,15,5,BTx398,sorghum,E1_BTx398_AMP155_AMP170_P06,6,single,AMP170,,,50000,50000,E1_BTx398_AMP155_AMP170|AMP170|50000,3,1,111
E1_BTx398_AMP155_AMP170,Experiment 1,published,source_workbook_A_experiments_1_2.xlsx,15,6,BTx398,sorghum,E1_BTx398_AMP155_AMP170_P06,6,single,AMP170,,,10000,10000,E1_BTx398_AMP155_AMP170|AMP170|10000,1,1,111
E1_BTx398_AMP155_AMP170,Experiment 1,published,source_workbook_A_experiments_1_2.xlsx,15,6,BTx398,sorghum,E1_BTx398_AMP155_AMP170_P06,6,single,AMP170,,,10000,10000,E1_BTx398_AMP155_AMP170|AMP170|10000,2,1,111
E1_BTx398_AMP155_AMP170,Experiment 1,published,source_workbook_A_experiments_1_2.xlsx,15,6,BTx398,sorghum,E1_BTx398_AMP155_AMP170_P06,6,single,AMP170,,,10000,10000,E1_BTx398_AMP155_AMP170|AMP170|10000,3,1,111
E1_BTx398_AMP155_AMP170,Experiment 1,published,source_workbook_A_experiments_1_2.xlsx,15,7,BTx398,sorghum,E1_BTx398_AMP155_AMP170_P06,6,single,AMP170,,,5000,5000,E1_BTx398_AMP155_AMP170|AMP170|5000,1,1,111
E1_BTx398_AMP155_AMP170,Experiment 1,published,source_workbook_A_experiments_1_2.xlsx,15,7,BTx398,sorghum,E1_BTx398_AMP155_AMP170_P06,6,single,AMP170,,,5000,5000,E1_BTx398_AMP155_AMP170|AMP170|5000,2,1,111
E1_BTx398_AMP155_AMP170,Experiment 1,published,source_workbook_A_experiments_1_2.xlsx,15,7,BTx398,sorghum,E1_BTx398_AMP155_AMP170_P06,6,single,AMP170,,,5000,5000,E1_BTx398_AMP155_AMP170|AMP170|5000,3,1,111
E1_BTx398_AMP155_AMP170,Experiment 1,published,source_workbook_A_experiments_1_2.xlsx,17,2,BTx398,sorghum,E1_BTx398_AMP155_AMP170_P01,1,mixture,AMP155,AMP170,1:1,1000000,500000,E1_BTx398_AMP155_AMP170|AMP155+AMP170|1000000,1,3,322
E1_BTx398_AMP155_AMP170,Experiment 1,published,source_workbook_A_experiments_1_2.xlsx,17,2,BTx398,sorghum,E1_BTx398_AMP155_AMP170_P01,1,mixture,AMP155,AMP170,1:1,1000000,500000,E1_BTx398_AMP155_AMP170|AMP155+AMP170|1000000,2,2,322
E1_BTx398_AMP155_AMP170,Experiment 1,published,source_workbook_A_experiments_1_2.xlsx,17,2,BTx398,sorghum,E1_BTx398_AMP155_AMP170_P01,1,mixture,AMP155,AMP170,1:1,1000000,500000,E1_BTx398_AMP155_AMP170|AMP155+AMP170|1000000,3,2,322
E1_BTx398_AMP155_AMP170,Experiment 1,published,source_workbook_A_experiments_1_2.xlsx,17,3,BTx398,sorghum,E1_BTx398_AMP155_AMP170_P01,1,mixture,AMP155,AMP170,1:1,100000,50000,E1_BTx398_AMP155_AMP170|AMP155+AMP170|100000,1,3,311
E1_BTx398_AMP155_AMP170,Experiment 1,published,source_workbook_A_experiments_1_2.xlsx,17,3,BTx398,sorghum,E1_BTx398_AMP155_AMP170_P01,1,mixture,AMP155,AMP170,1:1,100000,50000,E1_BTx398_AMP155_AMP170|AMP155+AMP170|100000,2,1,311
E1_BTx398_AMP155_AMP170,Experiment 1,published,source_workbook_A_experiments_1_2.xlsx,17,3,BTx398,sorghum,E1_BTx398_AMP155_AMP170_P01,1,mixture,AMP155,AMP170,1:1,100000,50000,E1_BTx398_AMP155_AMP170|AMP155+AMP170|100000,3,1,311
E1_BTx398_AMP155_AMP170,Experiment 1,published,source_workbook_A_experiments_1_2.xlsx,17,4,BTx398,sorghum,E1_BTx398_AMP155_AMP170_P01,1,mixture,AMP155,AMP170,1:1,10000,5000,E1_BTx398_AMP155_AMP170|AMP155+AMP170|10000,1,1,112
E1_BTx398_AMP155_AMP170,Experiment 1,published,source_workbook_A_experiments_1_2.xlsx,17,4,BTx398,sorghum,E1_BTx398_AMP155_AMP170_P01,1,mixture,AMP155,AMP170,1:1,10000,5000,E1_BTx398_AMP155_AMP170|AMP155+AMP170|10000,2,1,112
E1_BTx398_AMP155_AMP170,Experiment 1,published,source_workbook_A_experiments_1_2.xlsx,17,4,BTx398,sorghum,E1_BTx398_AMP155_AMP170_P01,1,mixture,AMP155,AMP170,1:1,10000,5000,E1_BTx398_AMP155_AMP170|AMP155+AMP170|10000,3,2,112
E1_BTx398_AMP155_AMP170,Experiment 1,published,source_workbook_A_experiments_1_2.xlsx,18,2,BTx398,sorghum,E1_BTx398_AMP155_AMP170_P02,2,mixture,AMP155,AMP170,1:1,1000000,500000,E1_BTx398_AMP155_AMP170|AMP155+AMP170|1000000,1,3,312
E1_BTx398_AMP155_AMP170,Experiment 1,published,source_workbook_A_experiments_1_2.xlsx,18,2,BTx398,sorghum,E1_BTx398_AMP155_AMP170_P02,2,mixture,AMP155,AMP170,1:1,1000000,500000,E1_BTx398_AMP155_AMP170|AMP155+AMP170|1000000,2,1,312
E1_BTx398_AMP155_AMP170,Experiment 1,published,source_workbook_A_experiments_1_2.xlsx,18,2,BTx398,sorghum,E1_BTx398_AMP155_AMP170_P02,2,mixture,AMP155,AMP170,1:1,1000000,500000,E1_BTx398_AMP155_AMP170|AMP155+AMP170|1000000,3,2,312
E1_BTx398_AMP155_AMP170,Experiment 1,published,source_workbook_A_experiments_1_2.xlsx,18,3,BTx398,sorghum,E1_BTx398_AMP155_AMP170_P02,2,mixture,AMP155,AMP170,1:1,100000,50000,E1_BTx398_AMP155_AMP170|AMP155+AMP170|100000,1,2,222
E1_BTx398_AMP155_AMP170,Experiment 1,published,source_workbook_A_experiments_1_2.xlsx,18,3,BTx398,sorghum,E1_BTx398_AMP155_AMP170_P02,2,mixture,AMP155,AMP170,1:1,100000,50000,E1_BTx398_AMP155_AMP170|AMP155+AMP170|100000,2,2,222
E1_BTx398_AMP155_AMP170,Experiment 1,published,source_workbook_A_experiments_1_2.xlsx,18,3,BTx398,sorghum,E1_BTx398_AMP155_AMP170_P02,2,mixture,AMP155,AMP170,1:1,100000,50000,E1_BTx398_AMP155_AMP170|AMP155+AMP170|100000,3,2,222
E1_BTx398_AMP155_AMP170,Experiment 1,published,source_workbook_A_experiments_1_2.xlsx,18,4,BTx398,sorghum,E1_BTx398_AMP155_AMP170_P02,2,mixture,AMP155,AMP170,1:1,10000,5000,E1_BTx398_AMP155_AMP170|AMP155+AMP170|10000,1,1,111
E1_BTx398_AMP155_AMP170,Experiment 1,published,source_workbook_A_experiments_1_2.xlsx,18,4,BTx398,sorghum,E1_BTx398_AMP155_AMP170_P02,2,mixture,AMP155,AMP170,1:1,10000,5000,E1_BTx398_AMP155_AMP170|AMP155+AMP170|10000,2,1,111
E1_BTx398_AMP155_AMP170,Experiment 1,published,source_workbook_A_experiments_1_2.xlsx,18,4,BTx398,sorghum,E1_BTx398_AMP155_AMP170_P02,2,mixture,AMP155,AMP170,1:1,10000,5000,E1_BTx398_AMP155_AMP170|AMP155+AMP170|10000,3,1,111
E1_BTx398_AMP155_AMP170,Experiment 1,published,source_workbook_A_experiments_1_2.xlsx,19,2,BTx398,sorghum,E1_BTx398_AMP155_AMP170_P03,3,mixture,AMP155,AMP170,1:1,1000000,500000,E1_BTx398_AMP155_AMP170|AMP155+AMP170|1000000,1,2,233
E1_BTx398_AMP155_AMP170,Experiment 1,published,source_workbook_A_experiments_1_2.xlsx,19,2,BTx398,sorghum,E1_BTx398_AMP155_AMP170_P03,3,mixture,AMP155,AMP170,1:1,1000000,500000,E1_BTx398_AMP155_AMP170|AMP155+AMP170|1000000,2,3,233
E1_BTx398_AMP155_AMP170,Experiment 1,published,source_workbook_A_experiments_1_2.xlsx,19,2,BTx398,sorghum,E1_BTx398_AMP155_AMP170_P03,3,mixture,AMP155,AMP170,1:1,1000000,500000,E1_BTx398_AMP155_AMP170|AMP155+AMP170|1000000,3,3,233
E1_BTx398_AMP155_AMP170,Experiment 1,published,source_workbook_A_experiments_1_2.xlsx,19,3,BTx398,sorghum,E1_BTx398_AMP155_AMP170_P03,3,mixture,AMP155,AMP170,1:1,100000,50000,E1_BTx398_AMP155_AMP170|AMP155+AMP170|100000,1,1,121
E1_BTx398_AMP155_AMP170,Experiment 1,published,source_workbook_A_experiments_1_2.xlsx,19,3,BTx398,sorghum,E1_BTx398_AMP155_AMP170_P03,3,mixture,AMP155,AMP170,1:1,100000,50000,E1_BTx398_AMP155_AMP170|AMP155+AMP170|100000,2,2,121
E1_BTx398_AMP155_AMP170,Experiment 1,published,source_workbook_A_experiments_1_2.xlsx,19,3,BTx398,sorghum,E1_BTx398_AMP155_AMP170_P03,3,mixture,AMP155,AMP170,1:1,100000,50000,E1_BTx398_AMP155_AMP170|AMP155+AMP170|100000,3,1,121
E1_BTx398_AMP155_AMP170,Experiment 1,published,source_workbook_A_experiments_1_2.xlsx,19,4,BTx398,sorghum,E1_BTx398_AMP155_AMP170_P03,3,mixture,AMP155,AMP170,1:1,10000,5000,E1_BTx398_AMP155_AMP170|AMP155+AMP170|10000,1,1,111
E1_BTx398_AMP155_AMP170,Experiment 1,published,source_workbook_A_experiments_1_2.xlsx,19,4,BTx398,sorghum,E1_BTx398_AMP155_AMP170_P03,3,mixture,AMP155,AMP170,1:1,10000,5000,E1_BTx398_AMP155_AMP170|AMP155+AMP170|10000,2,1,111
E1_BTx398_AMP155_AMP170,Experiment 1,published,source_workbook_A_experiments_1_2.xlsx,19,4,BTx398,sorghum,E1_BTx398_AMP155_AMP170_P03,3,mixture,AMP155,AMP170,1:1,10000,5000,E1_BTx398_AMP155_AMP170|AMP155+AMP170|10000,3,1,111
E1_BTx398_AMP155_AMP170,Experiment 1,published,source_workbook_A_experiments_1_2.xlsx,20,2,BTx398,sorghum,E1_BTx398_AMP155_AMP170_P04,4,mixture,AMP155,AMP170,1:1,1000000,500000,E1_BTx398_AMP155_AMP170|AMP155+AMP170|1000000,1,2,222
E1_BTx398_AMP155_AMP170,Experiment 1,published,source_workbook_A_experiments_1_2.xlsx,20,2,BTx398,sorghum,E1_BTx398_AMP155_AMP170_P04,4,mixture,AMP155,AMP170,1:1,1000000,500000,E1_BTx398_AMP155_AMP170|AMP155+AMP170|1000000,2,2,222
E1_BTx398_AMP155_AMP170,Experiment 1,published,source_workbook_A_experiments_1_2.xlsx,20,2,BTx398,sorghum,E1_BTx398_AMP155_AMP170_P04,4,mixture,AMP155,AMP170,1:1,1000000,500000,E1_BTx398_AMP155_AMP170|AMP155+AMP170|1000000,3,2,222
E1_BTx398_AMP155_AMP170,Experiment 1,published,source_workbook_A_experiments_1_2.xlsx,20,3,BTx398,sorghum,E1_BTx398_AMP155_AMP170_P04,4,mixture,AMP155,AMP170,1:1,100000,50000,E1_BTx398_AMP155_AMP170|AMP155+AMP170|100000,1,2,221
E1_BTx398_AMP155_AMP170,Experiment 1,published,source_workbook_A_experiments_1_2.xlsx,20,3,BTx398,sorghum,E1_BTx398_AMP155_AMP170_P04,4,mixture,AMP155,AMP170,1:1,100000,50000,E1_BTx398_AMP155_AMP170|AMP155+AMP170|100000,2,2,221
E1_BTx398_AMP155_AMP170,Experiment 1,published,source_workbook_A_experiments_1_2.xlsx,20,3,BTx398,sorghum,E1_BTx398_AMP155_AMP170_P04,4,mixture,AMP155,AMP170,1:1,100000,50000,E1_BTx398_AMP155_AMP170|AMP155+AMP170|100000,3,1,221
E1_BTx398_AMP155_AMP170,Experiment 1,published,source_workbook_A_experiments_1_2.xlsx,20,4,BTx398,sorghum,E1_BTx398_AMP155_AMP170_P04,4,mixture,AMP155,AMP170,1:1,10000,5000,E1_BTx398_AMP155_AMP170|AMP155+AMP170|10000,1,2,221
E1_BTx398_AMP155_AMP170,Experiment 1,published,source_workbook_A_experiments_1_2.xlsx,20,4,BTx398,sorghum,E1_BTx398_AMP155_AMP170_P04,4,mixture,AMP155,AMP170,1:1,10000,5000,E1_BTx398_AMP155_AMP170|AMP155+AMP170|10000,2,2,221
E1_BTx398_AMP155_AMP170,Experiment 1,published,source_workbook_A_experiments_1_2.xlsx,20,4,BTx398,sorghum,E1_BTx398_AMP155_AMP170_P04,4,mixture,AMP155,AMP170,1:1,10000,5000,E1_BTx398_AMP155_AMP170|AMP155+AMP170|10000,3,1,221
E1_BTx398_AMP155_AMP170,Experiment 1,published,source_workbook_A_experiments_1_2.xlsx,21,2,BTx398,sorghum,E1_BTx398_AMP155_AMP170_P05,5,mixture,AMP155,AMP170,1:1,1000000,500000,E1_BTx398_AMP155_AMP170|AMP155+AMP170|1000000,1,2,223
E1_BTx398_AMP155_AMP170,Experiment 1,published,source_workbook_A_experiments_1_2.xlsx,21,2,BTx398,sorghum,E1_BTx398_AMP155_AMP170_P05,5,mixture,AMP155,AMP170,1:1,1000000,500000,E1_BTx398_AMP155_AMP170|AMP155+AMP170|1000000,2,2,223
E1_BTx398_AMP155_AMP170,Experiment 1,published,source_workbook_A_experiments_1_2.xlsx,21,2,BTx398,sorghum,E1_BTx398_AMP155_AMP170_P05,5,mixture,AMP155,AMP170,1:1,1000000,500000,E1_BTx398_AMP155_AMP170|AMP155+AMP170|1000000,3,3,223
E1_BTx398_AMP155_AMP170,Experiment 1,published,source_workbook_A_experiments_1_2.xlsx,21,3,BTx398,sorghum,E1_BTx398_AMP155_AMP170_P05,5,mixture,AMP155,AMP170,1:1,100000,50000,E1_BTx398_AMP155_AMP170|AMP155+AMP170|100000,1,2,212
E1_BTx398_AMP155_AMP170,Experiment 1,published,source_workbook_A_experiments_1_2.xlsx,21,3,BTx398,sorghum,E1_BTx398_AMP155_AMP170_P05,5,mixture,AMP155,AMP170,1:1,100000,50000,E1_BTx398_AMP155_AMP170|AMP155+AMP170|100000,2,1,212
E1_BTx398_AMP155_AMP170,Experiment 1,published,source_workbook_A_experiments_1_2.xlsx,21,3,BTx398,sorghum,E1_BTx398_AMP155_AMP170_P05,5,mixture,AMP155,AMP170,1:1,100000,50000,E1_BTx398_AMP155_AMP170|AMP155+AMP170|100000,3,2,212
E1_BTx398_AMP155_AMP170,Experiment 1,published,source_workbook_A_experiments_1_2.xlsx,21,4,BTx398,sorghum,E1_BTx398_AMP155_AMP170_P05,5,mixture,AMP155,AMP170,1:1,10000,5000,E1_BTx398_AMP155_AMP170|AMP155+AMP170|10000,1,1,111
E1_BTx398_AMP155_AMP170,Experiment 1,published,source_workbook_A_experiments_1_2.xlsx,21,4,BTx398,sorghum,E1_BTx398_AMP155_AMP170_P05,5,mixture,AMP155,AMP170,1:1,10000,5000,E1_BTx398_AMP155_AMP170|AMP155+AMP170|10000,2,1,111
E1_BTx398_AMP155_AMP170,Experiment 1,published,source_workbook_A_experiments_1_2.xlsx,21,4,BTx398,sorghum,E1_BTx398_AMP155_AMP170_P05,5,mixture,AMP155,AMP170,1:1,10000,5000,E1_BTx398_AMP155_AMP170|AMP155+AMP170|10000,3,1,111
E1_BTx398_AMP155_AMP170,Experiment 1,published,source_workbook_A_experiments_1_2.xlsx,22,2,BTx398,sorghum,E1_BTx398_AMP155_AMP170_P06,6,mixture,AMP155,AMP170,1:1,1000000,500000,E1_BTx398_AMP155_AMP170|AMP155+AMP170|1000000,1,4,422
E1_BTx398_AMP155_AMP170,Experiment 1,published,source_workbook_A_experiments_1_2.xlsx,22,2,BTx398,sorghum,E1_BTx398_AMP155_AMP170_P06,6,mixture,AMP155,AMP170,1:1,1000000,500000,E1_BTx398_AMP155_AMP170|AMP155+AMP170|1000000,2,2,422
E1_BTx398_AMP155_AMP170,Experiment 1,published,source_workbook_A_experiments_1_2.xlsx,22,2,BTx398,sorghum,E1_BTx398_AMP155_AMP170_P06,6,mixture,AMP155,AMP170,1:1,1000000,500000,E1_BTx398_AMP155_AMP170|AMP155+AMP170|1000000,3,2,422
E1_BTx398_AMP155_AMP170,Experiment 1,published,source_workbook_A_experiments_1_2.xlsx,22,3,BTx398,sorghum,E1_BTx398_AMP155_AMP170_P06,6,mixture,AMP155,AMP170,1:1,100000,50000,E1_BTx398_AMP155_AMP170|AMP155+AMP170|100000,1,3,321
E1_BTx398_AMP155_AMP170,Experiment 1,published,source_workbook_A_experiments_1_2.xlsx,22,3,BTx398,sorghum,E1_BTx398_AMP155_AMP170_P06,6,mixture,AMP155,AMP170,1:1,100000,50000,E1_BTx398_AMP155_AMP170|AMP155+AMP170|100000,2,2,321
E1_BTx398_AMP155_AMP170,Experiment 1,published,source_workbook_A_experiments_1_2.xlsx,22,3,BTx398,sorghum,E1_BTx398_AMP155_AMP170_P06,6,mixture,AMP155,AMP170,1:1,100000,50000,E1_BTx398_AMP155_AMP170|AMP155+AMP170|100000,3,1,321
E1_BTx398_AMP155_AMP170,Experiment 1,published,source_workbook_A_experiments_1_2.xlsx,22,4,BTx398,sorghum,E1_BTx398_AMP155_AMP170_P06,6,mixture,AMP155,AMP170,1:1,10000,5000,E1_BTx398_AMP155_AMP170|AMP155+AMP170|10000,1,1,111
E1_BTx398_AMP155_AMP170,Experiment 1,published,source_workbook_A_experiments_1_2.xlsx,22,4,BTx398,sorghum,E1_BTx398_AMP155_AMP170_P06,6,mixture,AMP155,AMP170,1:1,10000,5000,E1_BTx398_AMP155_AMP170|AMP155+AMP170|10000,2,1,111
E1_BTx398_AMP155_AMP170,Experiment 1,published,source_workbook_A_experiments_1_2.xlsx,22,4,BTx398,sorghum,E1_BTx398_AMP155_AMP170_P06,6,mixture,AMP155,AMP170,1:1,10000,5000,E1_BTx398_AMP155_AMP170|AMP155+AMP170|10000,3,1,111
E2_RTx2536_AMP77_AMP207,Experiment 2,published,source_workbook_A_experiments_1_2.xlsx,25,2,RTx2536,sorghum,E2_RTx2536_AMP77_AMP207_P01,1,single,AMP77,,,1000000,1000000,E2_RTx2536_AMP77_AMP207|AMP77|1000000,1,1,122
E2_RTx2536_AMP77_AMP207,Experiment 2,published,source_workbook_A_experiments_1_2.xlsx,25,2,RTx2536,sorghum,E2_RTx2536_AMP77_AMP207_P01,1,single,AMP77,,,1000000,1000000,E2_RTx2536_AMP77_AMP207|AMP77|1000000,2,2,122
E2_RTx2536_AMP77_AMP207,Experiment 2,published,source_workbook_A_experiments_1_2.xlsx,25,2,RTx2536,sorghum,E2_RTx2536_AMP77_AMP207_P01,1,single,AMP77,,,1000000,1000000,E2_RTx2536_AMP77_AMP207|AMP77|1000000,3,2,122
E2_RTx2536_AMP77_AMP207,Experiment 2,published,source_workbook_A_experiments_1_2.xlsx,25,3,RTx2536,sorghum,E2_RTx2536_AMP77_AMP207_P01,1,single,AMP77,,,500000,500000,E2_RTx2536_AMP77_AMP207|AMP77|500000,1,2,222
E2_RTx2536_AMP77_AMP207,Experiment 2,published,source_workbook_A_experiments_1_2.xlsx,25,3,RTx2536,sorghum,E2_RTx2536_AMP77_AMP207_P01,1,single,AMP77,,,500000,500000,E2_RTx2536_AMP77_AMP207|AMP77|500000,2,2,222
E2_RTx2536_AMP77_AMP207,Experiment 2,published,source_workbook_A_experiments_1_2.xlsx,25,3,RTx2536,sorghum,E2_RTx2536_AMP77_AMP207_P01,1,single,AMP77,,,500000,500000,E2_RTx2536_AMP77_AMP207|AMP77|500000,3,2,222
E2_RTx2536_AMP77_AMP207,Experiment 2,published,source_workbook_A_experiments_1_2.xlsx,25,4,RTx2536,sorghum,E2_RTx2536_AMP77_AMP207_P01,1,single,AMP77,,,100000,100000,E2_RTx2536_AMP77_AMP207|AMP77|100000,1,1,121
E2_RTx2536_AMP77_AMP207,Experiment 2,published,source_workbook_A_experiments_1_2.xlsx,25,4,RTx2536,sorghum,E2_RTx2536_AMP77_AMP207_P01,1,single,AMP77,,,100000,100000,E2_RTx2536_AMP77_AMP207|AMP77|100000,2,2,121
E2_RTx2536_AMP77_AMP207,Experiment 2,published,source_workbook_A_experiments_1_2.xlsx,25,4,RTx2536,sorghum,E2_RTx2536_AMP77_AMP207_P01,1,single,AMP77,,,100000,100000,E2_RTx2536_AMP77_AMP207|AMP77|100000,3,1,121
E2_RTx2536_AMP77_AMP207,Experiment 2,published,source_workbook_A_experiments_1_2.xlsx,25,5,RTx2536,sorghum,E2_RTx2536_AMP77_AMP207_P01,1,single,AMP77,,,50000,50000,E2_RTx2536_AMP77_AMP207|AMP77|50000,1,1,111
E2_RTx2536_AMP77_AMP207,Experiment 2,published,source_workbook_A_experiments_1_2.xlsx,25,5,RTx2536,sorghum,E2_RTx2536_AMP77_AMP207_P01,1,single,AMP77,,,50000,50000,E2_RTx2536_AMP77_AMP207|AMP77|50000,2,1,111
E2_RTx2536_AMP77_AMP207,Experiment 2,published,source_workbook_A_experiments_1_2.xlsx,25,5,RTx2536,sorghum,E2_RTx2536_AMP77_AMP207_P01,1,single,AMP77,,,50000,50000,E2_RTx2536_AMP77_AMP207|AMP77|50000,3,1,111
E2_RTx2536_AMP77_AMP207,Experiment 2,published,source_workbook_A_experiments_1_2.xlsx,25,6,RTx2536,sorghum,E2_RTx2536_AMP77_AMP207_P01,1,single,AMP77,,,10000,10000,E2_RTx2536_AMP77_AMP207|AMP77|10000,1,1,111
E2_RTx2536_AMP77_AMP207,Experiment 2,published,source_workbook_A_experiments_1_2.xlsx,25,6,RTx2536,sorghum,E2_RTx2536_AMP77_AMP207_P01,1,single,AMP77,,,10000,10000,E2_RTx2536_AMP77_AMP207|AMP77|10000,2,1,111
E2_RTx2536_AMP77_AMP207,Experiment 2,published,source_workbook_A_experiments_1_2.xlsx,25,6,RTx2536,sorghum,E2_RTx2536_AMP77_AMP207_P01,1,single,AMP77,,,10000,10000,E2_RTx2536_AMP77_AMP207|AMP77|10000,3,1,111
E2_RTx2536_AMP77_AMP207,Experiment 2,published,source_workbook_A_experiments_1_2.xlsx,25,7,RTx2536,sorghum,E2_RTx2536_AMP77_AMP207_P01,1,single,AMP77,,,5000,5000,E2_RTx2536_AMP77_AMP207|AMP77|5000,1,1,111
E2_RTx2536_AMP77_AMP207,Experiment 2,published,source_workbook_A_experiments_1_2.xlsx,25,7,RTx2536,sorghum,E2_RTx2536_AMP77_AMP207_P01,1,single,AMP77,,,5000,5000,E2_RTx2536_AMP77_AMP207|AMP77|5000,2,1,111
E2_RTx2536_AMP77_AMP207,Experiment 2,published,source_workbook_A_experiments_1_2.xlsx,25,7,RTx2536,sorghum,E2_RTx2536_AMP77_AMP207_P01,1,single,AMP77,,,5000,5000,E2_RTx2536_AMP77_AMP207|AMP77|5000,3,1,111
E2_RTx2536_AMP77_AMP207,Experiment 2,published,source_workbook_A_experiments_1_2.xlsx,26,2,RTx2536,sorghum,E2_RTx2536_AMP77_AMP207_P02,2,single,AMP77,,,1000000,1000000,E2_RTx2536_AMP77_AMP207|AMP77|1000000,1,2,222
E2_RTx2536_AMP77_AMP207,Experiment 2,published,source_workbook_A_experiments_1_2.xlsx,26,2,RTx2536,sorghum,E2_RTx2536_AMP77_AMP207_P02,2,single,AMP77,,,1000000,1000000,E2_RTx2536_AMP77_AMP207|AMP77|1000000,2,2,222
E2_RTx2536_AMP77_AMP207,Experiment 2,published,source_workbook_A_experiments_1_2.xlsx,26,2,RTx2536,sorghum,E2_RTx2536_AMP77_AMP207_P02,2,single,AMP77,,,1000000,1000000,E2_RTx2536_AMP77_AMP207|AMP77|1000000,3,2,222
E2_RTx2536_AMP77_AMP207,Experiment 2,published,source_workbook_A_experiments_1_2.xlsx,26,3,RTx2536,sorghum,E2_RTx2536_AMP77_AMP207_P02,2,single,AMP77,,,500000,500000,E2_RTx2536_AMP77_AMP207|AMP77|500000,1,1,121
E2_RTx2536_AMP77_AMP207,Experiment 2,published,source_workbook_A_experiments_1_2.xlsx,26,3,RTx2536,sorghum,E2_RTx2536_AMP77_AMP207_P02,2,single,AMP77,,,500000,500000,E2_RTx2536_AMP77_AMP207|AMP77|500000,2,2,121
E2_RTx2536_AMP77_AMP207,Experiment 2,published,source_workbook_A_experiments_1_2.xlsx,26,3,RTx2536,sorghum,E2_RTx2536_AMP77_AMP207_P02,2,single,AMP77,,,500000,500000,E2_RTx2536_AMP77_AMP207|AMP77|500000,3,1,121
E2_RTx2536_AMP77_AMP207,Experiment 2,published,source_workbook_A_experiments_1_2.xlsx,26,4,RTx2536,sorghum,E2_RTx2536_AMP77_AMP207_P02,2,single,AMP77,,,100000,100000,E2_RTx2536_AMP77_AMP207|AMP77|100000,1,2,221
E2_RTx2536_AMP77_AMP207,Experiment 2,published,source_workbook_A_experiments_1_2.xlsx,26,4,RTx2536,sorghum,E2_RTx2536_AMP77_AMP207_P02,2,single,AMP77,,,100000,100000,E2_RTx2536_AMP77_AMP207|AMP77|100000,2,2,221
E2_RTx2536_AMP77_AMP207,Experiment 2,published,source_workbook_A_experiments_1_2.xlsx,26,4,RTx2536,sorghum,E2_RTx2536_AMP77_AMP207_P02,2,single,AMP77,,,100000,100000,E2_RTx2536_AMP77_AMP207|AMP77|100000,3,1,221
E2_RTx2536_AMP77_AMP207,Experiment 2,published,source_workbook_A_experiments_1_2.xlsx,26,5,RTx2536,sorghum,E2_RTx2536_AMP77_AMP207_P02,2,single,AMP77,,,50000,50000,E2_RTx2536_AMP77_AMP207|AMP77|50000,1,1,111
E2_RTx2536_AMP77_AMP207,Experiment 2,published,source_workbook_A_experiments_1_2.xlsx,26,5,RTx2536,sorghum,E2_RTx2536_AMP77_AMP207_P02,2,single,AMP77,,,50000,50000,E2_RTx2536_AMP77_AMP207|AMP77|50000,2,1,111
E2_RTx2536_AMP77_AMP207,Experiment 2,published,source_workbook_A_experiments_1_2.xlsx,26,5,RTx2536,sorghum,E2_RTx2536_AMP77_AMP207_P02,2,single,AMP77,,,50000,50000,E2_RTx2536_AMP77_AMP207|AMP77|50000,3,1,111
E2_RTx2536_AMP77_AMP207,Experiment 2,published,source_workbook_A_experiments_1_2.xlsx,26,6,RTx2536,sorghum,E2_RTx2536_AMP77_AMP207_P02,2,single,AMP77,,,10000,10000,E2_RTx2536_AMP77_AMP207|AMP77|10000,1,2,211
E2_RTx2536_AMP77_AMP207,Experiment 2,published,source_workbook_A_experiments_1_2.xlsx,26,6,RTx2536,sorghum,E2_RTx2536_AMP77_AMP207_P02,2,single,AMP77,,,10000,10000,E2_RTx2536_AMP77_AMP207|AMP77|10000,2,1,211
E2_RTx2536_AMP77_AMP207,Experiment 2,published,source_workbook_A_experiments_1_2.xlsx,26,6,RTx2536,sorghum,E2_RTx2536_AMP77_AMP207_P02,2,single,AMP77,,,10000,10000,E2_RTx2536_AMP77_AMP207|AMP77|10000,3,1,211
E2_RTx2536_AMP77_AMP207,Experiment 2,published,source_workbook_A_experiments_1_2.xlsx,26,7,RTx2536,sorghum,E2_RTx2536_AMP77_AMP207_P02,2,single,AMP77,,,5000,5000,E2_RTx2536_AMP77_AMP207|AMP77|5000,1,1,111
E2_RTx2536_AMP77_AMP207,Experiment 2,published,source_workbook_A_experiments_1_2.xlsx,26,7,RTx2536,sorghum,E2_RTx2536_AMP77_AMP207_P02,2,single,AMP77,,,5000,5000,E2_RTx2536_AMP77_AMP207|AMP77|5000,2,1,111
E2_RTx2536_AMP77_AMP207,Experiment 2,published,source_workbook_A_experiments_1_2.xlsx,26,7,RTx2536,sorghum,E2_RTx2536_AMP77_AMP207_P02,2,single,AMP77,,,5000,5000,E2_RTx2536_AMP77_AMP207|AMP77|5000,3,1,111
E2_RTx2536_AMP77_AMP207,Experiment 2,published,source_workbook_A_experiments_1_2.xlsx,27,2,RTx2536,sorghum,E2_RTx2536_AMP77_AMP207_P03,3,single,AMP77,,,1000000,1000000,E2_RTx2536_AMP77_AMP207|AMP77|1000000,1,2,221
E2_RTx2536_AMP77_AMP207,Experiment 2,published,source_workbook_A_experiments_1_2.xlsx,27,2,RTx2536,sorghum,E2_RTx2536_AMP77_AMP207_P03,3,single,AMP77,,,1000000,1000000,E2_RTx2536_AMP77_AMP207|AMP77|1000000,2,2,221
E2_RTx2536_AMP77_AMP207,Experiment 2,published,source_workbook_A_experiments_1_2.xlsx,27,2,RTx2536,sorghum,E2_RTx2536_AMP77_AMP207_P03,3,single,AMP77,,,1000000,1000000,E2_RTx2536_AMP77_AMP207|AMP77|1000000,3,1,221
E2_RTx2536_AMP77_AMP207,Experiment 2,published,source_workbook_A_experiments_1_2.xlsx,27,3,RTx2536,sorghum,E2_RTx2536_AMP77_AMP207_P03,3,single,AMP77,,,500000,500000,E2_RTx2536_AMP77_AMP207|AMP77|500000,1,2,211
E2_RTx2536_AMP77_AMP207,Experiment 2,published,source_workbook_A_experiments_1_2.xlsx,27,3,RTx2536,sorghum,E2_RTx2536_AMP77_AMP207_P03,3,single,AMP77,,,500000,500000,E2_RTx2536_AMP77_AMP207|AMP77|500000,2,1,211
E2_RTx2536_AMP77_AMP207,Experiment 2,published,source_workbook_A_experiments_1_2.xlsx,27,3,RTx2536,sorghum,E2_RTx2536_AMP77_AMP207_P03,3,single,AMP77,,,500000,500000,E2_RTx2536_AMP77_AMP207|AMP77|500000,3,1,211
E2_RTx2536_AMP77_AMP207,Experiment 2,published,source_workbook_A_experiments_1_2.xlsx,27,4,RTx2536,sorghum,E2_RTx2536_AMP77_AMP207_P03,3,single,AMP77,,,100000,100000,E2_RTx2536_AMP77_AMP207|AMP77|100000,1,1,131
E2_RTx2536_AMP77_AMP207,Experiment 2,published,source_workbook_A_experiments_1_2.xlsx,27,4,RTx2536,sorghum,E2_RTx2536_AMP77_AMP207_P03,3,single,AMP77,,,100000,100000,E2_RTx2536_AMP77_AMP207|AMP77|100000,2,3,131
E2_RTx2536_AMP77_AMP207,Experiment 2,published,source_workbook_A_experiments_1_2.xlsx,27,4,RTx2536,sorghum,E2_RTx2536_AMP77_AMP207_P03,3,single,AMP77,,,100000,100000,E2_RTx2536_AMP77_AMP207|AMP77|100000,3,1,131
E2_RTx2536_AMP77_AMP207,Experiment 2,published,source_workbook_A_experiments_1_2.xlsx,27,5,RTx2536,sorghum,E2_RTx2536_AMP77_AMP207_P03,3,single,AMP77,,,50000,50000,E2_RTx2536_AMP77_AMP207|AMP77|50000,1,1,111
E2_RTx2536_AMP77_AMP207,Experiment 2,published,source_workbook_A_experiments_1_2.xlsx,27,5,RTx2536,sorghum,E2_RTx2536_AMP77_AMP207_P03,3,single,AMP77,,,50000,50000,E2_RTx2536_AMP77_AMP207|AMP77|50000,2,1,111
E2_RTx2536_AMP77_AMP207,Experiment 2,published,source_workbook_A_experiments_1_2.xlsx,27,5,RTx2536,sorghum,E2_RTx2536_AMP77_AMP207_P03,3,single,AMP77,,,50000,50000,E2_RTx2536_AMP77_AMP207|AMP77|50000,3,1,111
E2_RTx2536_AMP77_AMP207,Experiment 2,published,source_workbook_A_experiments_1_2.xlsx,27,6,RTx2536,sorghum,E2_RTx2536_AMP77_AMP207_P03,3,single,AMP77,,,10000,10000,E2_RTx2536_AMP77_AMP207|AMP77|10000,1,1,111
E2_RTx2536_AMP77_AMP207,Experiment 2,published,source_workbook_A_experiments_1_2.xlsx,27,6,RTx2536,sorghum,E2_RTx2536_AMP77_AMP207_P03,3,single,AMP77,,,10000,10000,E2_RTx2536_AMP77_AMP207|AMP77|10000,2,1,111
E2_RTx2536_AMP77_AMP207,Experiment 2,published,source_workbook_A_experiments_1_2.xlsx,27,6,RTx2536,sorghum,E2_RTx2536_AMP77_AMP207_P03,3,single,AMP77,,,10000,10000,E2_RTx2536_AMP77_AMP207|AMP77|10000,3,1,111
E2_RTx2536_AMP77_AMP207,Experiment 2,published,source_workbook_A_experiments_1_2.xlsx,27,7,RTx2536,sorghum,E2_RTx2536_AMP77_AMP207_P03,3,single,AMP77,,,5000,5000,E2_RTx2536_AMP77_AMP207|AMP77|5000,1,1,111
E2_RTx2536_AMP77_AMP207,Experiment 2,published,source_workbook_A_experiments_1_2.xlsx,27,7,RTx2536,sorghum,E2_RTx2536_AMP77_AMP207_P03,3,single,AMP77,,,5000,5000,E2_RTx2536_AMP77_AMP207|AMP77|5000,2,1,111
E2_RTx2536_AMP77_AMP207,Experiment 2,published,source_workbook_A_experiments_1_2.xlsx,27,7,RTx2536,sorghum,E2_RTx2536_AMP77_AMP207_P03,3,single,AMP77,,,5000,5000,E2_RTx2536_AMP77_AMP207|AMP77|5000,3,1,111
E2_RTx2536_AMP77_AMP207,Experiment 2,published,source_workbook_A_experiments_1_2.xlsx,28,2,RTx2536,sorghum,E2_RTx2536_AMP77_AMP207_P04,4,single,AMP77,,,1000000,1000000,E2_RTx2536_AMP77_AMP207|AMP77|1000000,1,2,212
E2_RTx2536_AMP77_AMP207,Experiment 2,published,source_workbook_A_experiments_1_2.xlsx,28,2,RTx2536,sorghum,E2_RTx2536_AMP77_AMP207_P04,4,single,AMP77,,,1000000,1000000,E2_RTx2536_AMP77_AMP207|AMP77|1000000,2,1,212
E2_RTx2536_AMP77_AMP207,Experiment 2,published,source_workbook_A_experiments_1_2.xlsx,28,2,RTx2536,sorghum,E2_RTx2536_AMP77_AMP207_P04,4,single,AMP77,,,1000000,1000000,E2_RTx2536_AMP77_AMP207|AMP77|1000000,3,2,212
E2_RTx2536_AMP77_AMP207,Experiment 2,published,source_workbook_A_experiments_1_2.xlsx,28,3,RTx2536,sorghum,E2_RTx2536_AMP77_AMP207_P04,4,single,AMP77,,,500000,500000,E2_RTx2536_AMP77_AMP207|AMP77|500000,1,2,222
E2_RTx2536_AMP77_AMP207,Experiment 2,published,source_workbook_A_experiments_1_2.xlsx,28,3,RTx2536,sorghum,E2_RTx2536_AMP77_AMP207_P04,4,single,AMP77,,,500000,500000,E2_RTx2536_AMP77_AMP207|AMP77|500000,2,2,222
E2_RTx2536_AMP77_AMP207,Experiment 2,published,source_workbook_A_experiments_1_2.xlsx,28,3,RTx2536,sorghum,E2_RTx2536_AMP77_AMP207_P04,4,single,AMP77,,,500000,500000,E2_RTx2536_AMP77_AMP207|AMP77|500000,3,2,222
E2_RTx2536_AMP77_AMP207,Experiment 2,published,source_workbook_A_experiments_1_2.xlsx,28,4,RTx2536,sorghum,E2_RTx2536_AMP77_AMP207_P04,4,single,AMP77,,,100000,100000,E2_RTx2536_AMP77_AMP207|AMP77|100000,1,1,111
E2_RTx2536_AMP77_AMP207,Experiment 2,published,source_workbook_A_experiments_1_2.xlsx,28,4,RTx2536,sorghum,E2_RTx2536_AMP77_AMP207_P04,4,single,AMP77,,,100000,100000,E2_RTx2536_AMP77_AMP207|AMP77|100000,2,1,111
E2_RTx2536_AMP77_AMP207,Experiment 2,published,source_workbook_A_experiments_1_2.xlsx,28,4,RTx2536,sorghum,E2_RTx2536_AMP77_AMP207_P04,4,single,AMP77,,,100000,100000,E2_RTx2536_AMP77_AMP207|AMP77|100000,3,1,111
E2_RTx2536_AMP77_AMP207,Experiment 2,published,source_workbook_A_experiments_1_2.xlsx,28,5,RTx2536,sorghum,E2_RTx2536_AMP77_AMP207_P04,4,single,AMP77,,,50000,50000,E2_RTx2536_AMP77_AMP207|AMP77|50000,1,1,111
E2_RTx2536_AMP77_AMP207,Experiment 2,published,source_workbook_A_experiments_1_2.xlsx,28,5,RTx2536,sorghum,E2_RTx2536_AMP77_AMP207_P04,4,single,AMP77,,,50000,50000,E2_RTx2536_AMP77_AMP207|AMP77|50000,2,1,111
E2_RTx2536_AMP77_AMP207,Experiment 2,published,source_workbook_A_experiments_1_2.xlsx,28,5,RTx2536,sorghum,E2_RTx2536_AMP77_AMP207_P04,4,single,AMP77,,,50000,50000,E2_RTx2536_AMP77_AMP207|AMP77|50000,3,1,111
E2_RTx2536_AMP77_AMP207,Experiment 2,published,source_workbook_A_experiments_1_2.xlsx,28,6,RTx2536,sorghum,E2_RTx2536_AMP77_AMP207_P04,4,single,AMP77,,,10000,10000,E2_RTx2536_AMP77_AMP207|AMP77|10000,1,1,111
E2_RTx2536_AMP77_AMP207,Experiment 2,published,source_workbook_A_experiments_1_2.xlsx,28,6,RTx2536,sorghum,E2_RTx2536_AMP77_AMP207_P04,4,single,AMP77,,,10000,10000,E2_RTx2536_AMP77_AMP207|AMP77|10000,2,1,111
E2_RTx2536_AMP77_AMP207,Experiment 2,published,source_workbook_A_experiments_1_2.xlsx,28,6,RTx2536,sorghum,E2_RTx2536_AMP77_AMP207_P04,4,single,AMP77,,,10000,10000,E2_RTx2536_AMP77_AMP207|AMP77|10000,3,1,111
E2_RTx2536_AMP77_AMP207,Experiment 2,published,source_workbook_A_experiments_1_2.xlsx,28,7,RTx2536,sorghum,E2_RTx2536_AMP77_AMP207_P04,4,single,AMP77,,,5000,5000,E2_RTx2536_AMP77_AMP207|AMP77|5000,1,1,111
E2_RTx2536_AMP77_AMP207,Experiment 2,published,source_workbook_A_experiments_1_2.xlsx,28,7,RTx2536,sorghum,E2_RTx2536_AMP77_AMP207_P04,4,single,AMP77,,,5000,5000,E2_RTx2536_AMP77_AMP207|AMP77|5000,2,1,111
E2_RTx2536_AMP77_AMP207,Experiment 2,published,source_workbook_A_experiments_1_2.xlsx,28,7,RTx2536,sorghum,E2_RTx2536_AMP77_AMP207_P04,4,single,AMP77,,,5000,5000,E2_RTx2536_AMP77_AMP207|AMP77|5000,3,1,111
E2_RTx2536_AMP77_AMP207,Experiment 2,published,source_workbook_A_experiments_1_2.xlsx,29,2,RTx2536,sorghum,E2_RTx2536_AMP77_AMP207_P05,5,single,AMP77,,,1000000,1000000,E2_RTx2536_AMP77_AMP207|AMP77|1000000,1,2,212
E2_RTx2536_AMP77_AMP207,Experiment 2,published,source_workbook_A_experiments_1_2.xlsx,29,2,RTx2536,sorghum,E2_RTx2536_AMP77_AMP207_P05,5,single,AMP77,,,1000000,1000000,E2_RTx2536_AMP77_AMP207|AMP77|1000000,2,1,212
E2_RTx2536_AMP77_AMP207,Experiment 2,published,source_workbook_A_experiments_1_2.xlsx,29,2,RTx2536,sorghum,E2_RTx2536_AMP77_AMP207_P05,5,single,AMP77,,,1000000,1000000,E2_RTx2536_AMP77_AMP207|AMP77|1000000,3,2,212
E2_RTx2536_AMP77_AMP207,Experiment 2,published,source_workbook_A_experiments_1_2.xlsx,29,3,RTx2536,sorghum,E2_RTx2536_AMP77_AMP207_P05,5,single,AMP77,,,500000,500000,E2_RTx2536_AMP77_AMP207|AMP77|500000,1,3,331
E2_RTx2536_AMP77_AMP207,Experiment 2,published,source_workbook_A_experiments_1_2.xlsx,29,3,RTx2536,sorghum,E2_RTx2536_AMP77_AMP207_P05,5,single,AMP77,,,500000,500000,E2_RTx2536_AMP77_AMP207|AMP77|500000,2,3,331
E2_RTx2536_AMP77_AMP207,Experiment 2,published,source_workbook_A_experiments_1_2.xlsx,29,3,RTx2536,sorghum,E2_RTx2536_AMP77_AMP207_P05,5,single,AMP77,,,500000,500000,E2_RTx2536_AMP77_AMP207|AMP77|500000,3,1,331
E2_RTx2536_AMP77_AMP207,Experiment 2,published,source_workbook_A_experiments_1_2.xlsx,29,4,RTx2536,sorghum,E2_RTx2536_AMP77_AMP207_P05,5,single,AMP77,,,100000,100000,E2_RTx2536_AMP77_AMP207|AMP77|100000,1,2,211
E2_RTx2536_AMP77_AMP207,Experiment 2,published,source_workbook_A_experiments_1_2.xlsx,29,4,RTx2536,sorghum,E2_RTx2536_AMP77_AMP207_P05,5,single,AMP77,,,100000,100000,E2_RTx2536_AMP77_AMP207|AMP77|100000,2,1,211
E2_RTx2536_AMP77_AMP207,Experiment 2,published,source_workbook_A_experiments_1_2.xlsx,29,4,RTx2536,sorghum,E2_RTx2536_AMP77_AMP207_P05,5,single,AMP77,,,100000,100000,E2_RTx2536_AMP77_AMP207|AMP77|100000,3,1,211
E2_RTx2536_AMP77_AMP207,Experiment 2,published,source_workbook_A_experiments_1_2.xlsx,29,5,RTx2536,sorghum,E2_RTx2536_AMP77_AMP207_P05,5,single,AMP77,,,50000,50000,E2_RTx2536_AMP77_AMP207|AMP77|50000,1,1,111
E2_RTx2536_AMP77_AMP207,Experiment 2,published,source_workbook_A_experiments_1_2.xlsx,29,5,RTx2536,sorghum,E2_RTx2536_AMP77_AMP207_P05,5,single,AMP77,,,50000,50000,E2_RTx2536_AMP77_AMP207|AMP77|50000,2,1,111
E2_RTx2536_AMP77_AMP207,Experiment 2,published,source_workbook_A_experiments_1_2.xlsx,29,5,RTx2536,sorghum,E2_RTx2536_AMP77_AMP207_P05,5,single,AMP77,,,50000,50000,E2_RTx2536_AMP77_AMP207|AMP77|50000,3,1,111
E2_RTx2536_AMP77_AMP207,Experiment 2,published,source_workbook_A_experiments_1_2.xlsx,29,6,RTx2536,sorghum,E2_RTx2536_AMP77_AMP207_P05,5,single,AMP77,,,10000,10000,E2_RTx2536_AMP77_AMP207|AMP77|10000,1,1,121
E2_RTx2536_AMP77_AMP207,Experiment 2,published,source_workbook_A_experiments_1_2.xlsx,29,6,RTx2536,sorghum,E2_RTx2536_AMP77_AMP207_P05,5,single,AMP77,,,10000,10000,E2_RTx2536_AMP77_AMP207|AMP77|10000,2,2,121
E2_RTx2536_AMP77_AMP207,Experiment 2,published,source_workbook_A_experiments_1_2.xlsx,29,6,RTx2536,sorghum,E2_RTx2536_AMP77_AMP207_P05,5,single,AMP77,,,10000,10000,E2_RTx2536_AMP77_AMP207|AMP77|10000,3,1,121
E2_RTx2536_AMP77_AMP207,Experiment 2,published,source_workbook_A_experiments_1_2.xlsx,29,7,RTx2536,sorghum,E2_RTx2536_AMP77_AMP207_P05,5,single,AMP77,,,5000,5000,E2_RTx2536_AMP77_AMP207|AMP77|5000,1,1,111
E2_RTx2536_AMP77_AMP207,Experiment 2,published,source_workbook_A_experiments_1_2.xlsx,29,7,RTx2536,sorghum,E2_RTx2536_AMP77_AMP207_P05,5,single,AMP77,,,5000,5000,E2_RTx2536_AMP77_AMP207|AMP77|5000,2,1,111
E2_RTx2536_AMP77_AMP207,Experiment 2,published,source_workbook_A_experiments_1_2.xlsx,29,7,RTx2536,sorghum,E2_RTx2536_AMP77_AMP207_P05,5,single,AMP77,,,5000,5000,E2_RTx2536_AMP77_AMP207|AMP77|5000,3,1,111
E2_RTx2536_AMP77_AMP207,Experiment 2,published,source_workbook_A_experiments_1_2.xlsx,30,2,RTx2536,sorghum,E2_RTx2536_AMP77_AMP207_P06,6,single,AMP77,,,1000000,1000000,E2_RTx2536_AMP77_AMP207|AMP77|1000000,1,1,125
E2_RTx2536_AMP77_AMP207,Experiment 2,published,source_workbook_A_experiments_1_2.xlsx,30,2,RTx2536,sorghum,E2_RTx2536_AMP77_AMP207_P06,6,single,AMP77,,,1000000,1000000,E2_RTx2536_AMP77_AMP207|AMP77|1000000,2,2,125
E2_RTx2536_AMP77_AMP207,Experiment 2,published,source_workbook_A_experiments_1_2.xlsx,30,2,RTx2536,sorghum,E2_RTx2536_AMP77_AMP207_P06,6,single,AMP77,,,1000000,1000000,E2_RTx2536_AMP77_AMP207|AMP77|1000000,3,5,125
E2_RTx2536_AMP77_AMP207,Experiment 2,published,source_workbook_A_experiments_1_2.xlsx,30,3,RTx2536,sorghum,E2_RTx2536_AMP77_AMP207_P06,6,single,AMP77,,,500000,500000,E2_RTx2536_AMP77_AMP207|AMP77|500000,1,1,121
E2_RTx2536_AMP77_AMP207,Experiment 2,published,source_workbook_A_experiments_1_2.xlsx,30,3,RTx2536,sorghum,E2_RTx2536_AMP77_AMP207_P06,6,single,AMP77,,,500000,500000,E2_RTx2536_AMP77_AMP207|AMP77|500000,2,2,121
E2_RTx2536_AMP77_AMP207,Experiment 2,published,source_workbook_A_experiments_1_2.xlsx,30,3,RTx2536,sorghum,E2_RTx2536_AMP77_AMP207_P06,6,single,AMP77,,,500000,500000,E2_RTx2536_AMP77_AMP207|AMP77|500000,3,1,121
E2_RTx2536_AMP77_AMP207,Experiment 2,published,source_workbook_A_experiments_1_2.xlsx,30,4,RTx2536,sorghum,E2_RTx2536_AMP77_AMP207_P06,6,single,AMP77,,,100000,100000,E2_RTx2536_AMP77_AMP207|AMP77|100000,1,5,542
E2_RTx2536_AMP77_AMP207,Experiment 2,published,source_workbook_A_experiments_1_2.xlsx,30,4,RTx2536,sorghum,E2_RTx2536_AMP77_AMP207_P06,6,single,AMP77,,,100000,100000,E2_RTx2536_AMP77_AMP207|AMP77|100000,2,4,542
E2_RTx2536_AMP77_AMP207,Experiment 2,published,source_workbook_A_experiments_1_2.xlsx,30,4,RTx2536,sorghum,E2_RTx2536_AMP77_AMP207_P06,6,single,AMP77,,,100000,100000,E2_RTx2536_AMP77_AMP207|AMP77|100000,3,2,542
E2_RTx2536_AMP77_AMP207,Experiment 2,published,source_workbook_A_experiments_1_2.xlsx,30,5,RTx2536,sorghum,E2_RTx2536_AMP77_AMP207_P06,6,single,AMP77,,,50000,50000,E2_RTx2536_AMP77_AMP207|AMP77|50000,1,1,111
E2_RTx2536_AMP77_AMP207,Experiment 2,published,source_workbook_A_experiments_1_2.xlsx,30,5,RTx2536,sorghum,E2_RTx2536_AMP77_AMP207_P06,6,single,AMP77,,,50000,50000,E2_RTx2536_AMP77_AMP207|AMP77|50000,2,1,111
E2_RTx2536_AMP77_AMP207,Experiment 2,published,source_workbook_A_experiments_1_2.xlsx,30,5,RTx2536,sorghum,E2_RTx2536_AMP77_AMP207_P06,6,single,AMP77,,,50000,50000,E2_RTx2536_AMP77_AMP207|AMP77|50000,3,1,111
E2_RTx2536_AMP77_AMP207,Experiment 2,published,source_workbook_A_experiments_1_2.xlsx,30,6,RTx2536,sorghum,E2_RTx2536_AMP77_AMP207_P06,6,single,AMP77,,,10000,10000,E2_RTx2536_AMP77_AMP207|AMP77|10000,1,1,112
E2_RTx2536_AMP77_AMP207,Experiment 2,published,source_workbook_A_experiments_1_2.xlsx,30,6,RTx2536,sorghum,E2_RTx2536_AMP77_AMP207_P06,6,single,AMP77,,,10000,10000,E2_RTx2536_AMP77_AMP207|AMP77|10000,2,1,112
E2_RTx2536_AMP77_AMP207,Experiment 2,published,source_workbook_A_experiments_1_2.xlsx,30,6,RTx2536,sorghum,E2_RTx2536_AMP77_AMP207_P06,6,single,AMP77,,,10000,10000,E2_RTx2536_AMP77_AMP207|AMP77|10000,3,2,112
E2_RTx2536_AMP77_AMP207,Experiment 2,published,source_workbook_A_experiments_1_2.xlsx,30,7,RTx2536,sorghum,E2_RTx2536_AMP77_AMP207_P06,6,single,AMP77,,,5000,5000,E2_RTx2536_AMP77_AMP207|AMP77|5000,1,1,111
E2_RTx2536_AMP77_AMP207,Experiment 2,published,source_workbook_A_experiments_1_2.xlsx,30,7,RTx2536,sorghum,E2_RTx2536_AMP77_AMP207_P06,6,single,AMP77,,,5000,5000,E2_RTx2536_AMP77_AMP207|AMP77|5000,2,1,111
E2_RTx2536_AMP77_AMP207,Experiment 2,published,source_workbook_A_experiments_1_2.xlsx,30,7,RTx2536,sorghum,E2_RTx2536_AMP77_AMP207_P06,6,single,AMP77,,,5000,5000,E2_RTx2536_AMP77_AMP207|AMP77|5000,3,1,111
E2_RTx2536_AMP77_AMP207,Experiment 2,published,source_workbook_A_experiments_1_2.xlsx,32,2,RTx2536,sorghum,E2_RTx2536_AMP77_AMP207_P01,1,single,AMP207,,,1000000,1000000,E2_RTx2536_AMP77_AMP207|AMP207|1000000,1,3,344
E2_RTx2536_AMP77_AMP207,Experiment 2,published,source_workbook_A_experiments_1_2.xlsx,32,2,RTx2536,sorghum,E2_RTx2536_AMP77_AMP207_P01,1,single,AMP207,,,1000000,1000000,E2_RTx2536_AMP77_AMP207|AMP207|1000000,2,4,344
E2_RTx2536_AMP77_AMP207,Experiment 2,published,source_workbook_A_experiments_1_2.xlsx,32,2,RTx2536,sorghum,E2_RTx2536_AMP77_AMP207_P01,1,single,AMP207,,,1000000,1000000,E2_RTx2536_AMP77_AMP207|AMP207|1000000,3,4,344
E2_RTx2536_AMP77_AMP207,Experiment 2,published,source_workbook_A_experiments_1_2.xlsx,32,3,RTx2536,sorghum,E2_RTx2536_AMP77_AMP207_P01,1,single,AMP207,,,500000,500000,E2_RTx2536_AMP77_AMP207|AMP207|500000,1,1,112
E2_RTx2536_AMP77_AMP207,Experiment 2,published,source_workbook_A_experiments_1_2.xlsx,32,3,RTx2536,sorghum,E2_RTx2536_AMP77_AMP207_P01,1,single,AMP207,,,500000,500000,E2_RTx2536_AMP77_AMP207|AMP207|500000,2,1,112
E2_RTx2536_AMP77_AMP207,Experiment 2,published,source_workbook_A_experiments_1_2.xlsx,32,3,RTx2536,sorghum,E2_RTx2536_AMP77_AMP207_P01,1,single,AMP207,,,500000,500000,E2_RTx2536_AMP77_AMP207|AMP207|500000,3,2,112
E2_RTx2536_AMP77_AMP207,Experiment 2,published,source_workbook_A_experiments_1_2.xlsx,32,4,RTx2536,sorghum,E2_RTx2536_AMP77_AMP207_P01,1,single,AMP207,,,100000,100000,E2_RTx2536_AMP77_AMP207|AMP207|100000,1,1,111
E2_RTx2536_AMP77_AMP207,Experiment 2,published,source_workbook_A_experiments_1_2.xlsx,32,4,RTx2536,sorghum,E2_RTx2536_AMP77_AMP207_P01,1,single,AMP207,,,100000,100000,E2_RTx2536_AMP77_AMP207|AMP207|100000,2,1,111
E2_RTx2536_AMP77_AMP207,Experiment 2,published,source_workbook_A_experiments_1_2.xlsx,32,4,RTx2536,sorghum,E2_RTx2536_AMP77_AMP207_P01,1,single,AMP207,,,100000,100000,E2_RTx2536_AMP77_AMP207|AMP207|100000,3,1,111
E2_RTx2536_AMP77_AMP207,Experiment 2,published,source_workbook_A_experiments_1_2.xlsx,32,5,RTx2536,sorghum,E2_RTx2536_AMP77_AMP207_P01,1,single,AMP207,,,50000,50000,E2_RTx2536_AMP77_AMP207|AMP207|50000,1,1,111
E2_RTx2536_AMP77_AMP207,Experiment 2,published,source_workbook_A_experiments_1_2.xlsx,32,5,RTx2536,sorghum,E2_RTx2536_AMP77_AMP207_P01,1,single,AMP207,,,50000,50000,E2_RTx2536_AMP77_AMP207|AMP207|50000,2,1,111
E2_RTx2536_AMP77_AMP207,Experiment 2,published,source_workbook_A_experiments_1_2.xlsx,32,5,RTx2536,sorghum,E2_RTx2536_AMP77_AMP207_P01,1,single,AMP207,,,50000,50000,E2_RTx2536_AMP77_AMP207|AMP207|50000,3,1,111
E2_RTx2536_AMP77_AMP207,Experiment 2,published,source_workbook_A_experiments_1_2.xlsx,32,6,RTx2536,sorghum,E2_RTx2536_AMP77_AMP207_P01,1,single,AMP207,,,10000,10000,E2_RTx2536_AMP77_AMP207|AMP207|10000,1,1,111
E2_RTx2536_AMP77_AMP207,Experiment 2,published,source_workbook_A_experiments_1_2.xlsx,32,6,RTx2536,sorghum,E2_RTx2536_AMP77_AMP207_P01,1,single,AMP207,,,10000,10000,E2_RTx2536_AMP77_AMP207|AMP207|10000,2,1,111
E2_RTx2536_AMP77_AMP207,Experiment 2,published,source_workbook_A_experiments_1_2.xlsx,32,6,RTx2536,sorghum,E2_RTx2536_AMP77_AMP207_P01,1,single,AMP207,,,10000,10000,E2_RTx2536_AMP77_AMP207|AMP207|10000,3,1,111
E2_RTx2536_AMP77_AMP207,Experiment 2,published,source_workbook_A_experiments_1_2.xlsx,32,7,RTx2536,sorghum,E2_RTx2536_AMP77_AMP207_P01,1,single,AMP207,,,5000,5000,E2_RTx2536_AMP77_AMP207|AMP207|5000,1,1,111
E2_RTx2536_AMP77_AMP207,Experiment 2,published,source_workbook_A_experiments_1_2.xlsx,32,7,RTx2536,sorghum,E2_RTx2536_AMP77_AMP207_P01,1,single,AMP207,,,5000,5000,E2_RTx2536_AMP77_AMP207|AMP207|5000,2,1,111
E2_RTx2536_AMP77_AMP207,Experiment 2,published,source_workbook_A_experiments_1_2.xlsx,32,7,RTx2536,sorghum,E2_RTx2536_AMP77_AMP207_P01,1,single,AMP207,,,5000,5000,E2_RTx2536_AMP77_AMP207|AMP207|5000,3,1,111
E2_RTx2536_AMP77_AMP207,Experiment 2,published,source_workbook_A_experiments_1_2.xlsx,33,2,RTx2536,sorghum,E2_RTx2536_AMP77_AMP207_P02,2,single,AMP207,,,1000000,1000000,E2_RTx2536_AMP77_AMP207|AMP207|1000000,1,3,342
E2_RTx2536_AMP77_AMP207,Experiment 2,published,source_workbook_A_experiments_1_2.xlsx,33,2,RTx2536,sorghum,E2_RTx2536_AMP77_AMP207_P02,2,single,AMP207,,,1000000,1000000,E2_RTx2536_AMP77_AMP207|AMP207|1000000,2,4,342
E2_RTx2536_AMP77_AMP207,Experiment 2,published,source_workbook_A_experiments_1_2.xlsx,33,2,RTx2536,sorghum,E2_RTx2536_AMP77_AMP207_P02,2,single,AMP207,,,1000000,1000000,E2_RTx2536_AMP77_AMP207|AMP207|1000000,3,2,342
E2_RTx2536_AMP77_AMP207,Experiment 2,published,source_workbook_A_experiments_1_2.xlsx,33,3,RTx2536,sorghum,E2_RTx2536_AMP77_AMP207_P02,2,single,AMP207,,,500000,500000,E2_RTx2536_AMP77_AMP207|AMP207|500000,1,1,112
E2_RTx2536_AMP77_AMP207,Experiment 2,published,source_workbook_A_experiments_1_2.xlsx,33,3,RTx2536,sorghum,E2_RTx2536_AMP77_AMP207_P02,2,single,AMP207,,,500000,500000,E2_RTx2536_AMP77_AMP207|AMP207|500000,2,1,112
E2_RTx2536_AMP77_AMP207,Experiment 2,published,source_workbook_A_experiments_1_2.xlsx,33,3,RTx2536,sorghum,E2_RTx2536_AMP77_AMP207_P02,2,single,AMP207,,,500000,500000,E2_RTx2536_AMP77_AMP207|AMP207|500000,3,2,112
E2_RTx2536_AMP77_AMP207,Experiment 2,published,source_workbook_A_experiments_1_2.xlsx,33,4,RTx2536,sorghum,E2_RTx2536_AMP77_AMP207_P02,2,single,AMP207,,,100000,100000,E2_RTx2536_AMP77_AMP207|AMP207|100000,1,1,111
E2_RTx2536_AMP77_AMP207,Experiment 2,published,source_workbook_A_experiments_1_2.xlsx,33,4,RTx2536,sorghum,E2_RTx2536_AMP77_AMP207_P02,2,single,AMP207,,,100000,100000,E2_RTx2536_AMP77_AMP207|AMP207|100000,2,1,111
E2_RTx2536_AMP77_AMP207,Experiment 2,published,source_workbook_A_experiments_1_2.xlsx,33,4,RTx2536,sorghum,E2_RTx2536_AMP77_AMP207_P02,2,single,AMP207,,,100000,100000,E2_RTx2536_AMP77_AMP207|AMP207|100000,3,1,111
E2_RTx2536_AMP77_AMP207,Experiment 2,published,source_workbook_A_experiments_1_2.xlsx,33,5,RTx2536,sorghum,E2_RTx2536_AMP77_AMP207_P02,2,single,AMP207,,,50000,50000,E2_RTx2536_AMP77_AMP207|AMP207|50000,1,1,112
E2_RTx2536_AMP77_AMP207,Experiment 2,published,source_workbook_A_experiments_1_2.xlsx,33,5,RTx2536,sorghum,E2_RTx2536_AMP77_AMP207_P02,2,single,AMP207,,,50000,50000,E2_RTx2536_AMP77_AMP207|AMP207|50000,2,1,112
E2_RTx2536_AMP77_AMP207,Experiment 2,published,source_workbook_A_experiments_1_2.xlsx,33,5,RTx2536,sorghum,E2_RTx2536_AMP77_AMP207_P02,2,single,AMP207,,,50000,50000,E2_RTx2536_AMP77_AMP207|AMP207|50000,3,2,112
E2_RTx2536_AMP77_AMP207,Experiment 2,published,source_workbook_A_experiments_1_2.xlsx,33,6,RTx2536,sorghum,E2_RTx2536_AMP77_AMP207_P02,2,single,AMP207,,,10000,10000,E2_RTx2536_AMP77_AMP207|AMP207|10000,1,1,111
E2_RTx2536_AMP77_AMP207,Experiment 2,published,source_workbook_A_experiments_1_2.xlsx,33,6,RTx2536,sorghum,E2_RTx2536_AMP77_AMP207_P02,2,single,AMP207,,,10000,10000,E2_RTx2536_AMP77_AMP207|AMP207|10000,2,1,111
E2_RTx2536_AMP77_AMP207,Experiment 2,published,source_workbook_A_experiments_1_2.xlsx,33,6,RTx2536,sorghum,E2_RTx2536_AMP77_AMP207_P02,2,single,AMP207,,,10000,10000,E2_RTx2536_AMP77_AMP207|AMP207|10000,3,1,111
E2_RTx2536_AMP77_AMP207,Experiment 2,published,source_workbook_A_experiments_1_2.xlsx,33,7,RTx2536,sorghum,E2_RTx2536_AMP77_AMP207_P02,2,single,AMP207,,,5000,5000,E2_RTx2536_AMP77_AMP207|AMP207|5000,1,1,111
E2_RTx2536_AMP77_AMP207,Experiment 2,published,source_workbook_A_experiments_1_2.xlsx,33,7,RTx2536,sorghum,E2_RTx2536_AMP77_AMP207_P02,2,single,AMP207,,,5000,5000,E2_RTx2536_AMP77_AMP207|AMP207|5000,2,1,111
E2_RTx2536_AMP77_AMP207,Experiment 2,published,source_workbook_A_experiments_1_2.xlsx,33,7,RTx2536,sorghum,E2_RTx2536_AMP77_AMP207_P02,2,single,AMP207,,,5000,5000,E2_RTx2536_AMP77_AMP207|AMP207|5000,3,1,111
E2_RTx2536_AMP77_AMP207,Experiment 2,published,source_workbook_A_experiments_1_2.xlsx,34,2,RTx2536,sorghum,E2_RTx2536_AMP77_AMP207_P03,3,single,AMP207,,,1000000,1000000,E2_RTx2536_AMP77_AMP207|AMP207|1000000,1,3,322
E2_RTx2536_AMP77_AMP207,Experiment 2,published,source_workbook_A_experiments_1_2.xlsx,34,2,RTx2536,sorghum,E2_RTx2536_AMP77_AMP207_P03,3,single,AMP207,,,1000000,1000000,E2_RTx2536_AMP77_AMP207|AMP207|1000000,2,2,322
E2_RTx2536_AMP77_AMP207,Experiment 2,published,source_workbook_A_experiments_1_2.xlsx,34,2,RTx2536,sorghum,E2_RTx2536_AMP77_AMP207_P03,3,single,AMP207,,,1000000,1000000,E2_RTx2536_AMP77_AMP207|AMP207|1000000,3,2,322
E2_RTx2536_AMP77_AMP207,Experiment 2,published,source_workbook_A_experiments_1_2.xlsx,34,3,RTx2536,sorghum,E2_RTx2536_AMP77_AMP207_P03,3,single,AMP207,,,500000,500000,E2_RTx2536_AMP77_AMP207|AMP207|500000,1,2,211
E2_RTx2536_AMP77_AMP207,Experiment 2,published,source_workbook_A_experiments_1_2.xlsx,34,3,RTx2536,sorghum,E2_RTx2536_AMP77_AMP207_P03,3,single,AMP207,,,500000,500000,E2_RTx2536_AMP77_AMP207|AMP207|500000,2,1,211
E2_RTx2536_AMP77_AMP207,Experiment 2,published,source_workbook_A_experiments_1_2.xlsx,34,3,RTx2536,sorghum,E2_RTx2536_AMP77_AMP207_P03,3,single,AMP207,,,500000,500000,E2_RTx2536_AMP77_AMP207|AMP207|500000,3,1,211
E2_RTx2536_AMP77_AMP207,Experiment 2,published,source_workbook_A_experiments_1_2.xlsx,34,4,RTx2536,sorghum,E2_RTx2536_AMP77_AMP207_P03,3,single,AMP207,,,100000,100000,E2_RTx2536_AMP77_AMP207|AMP207|100000,1,2,211
E2_RTx2536_AMP77_AMP207,Experiment 2,published,source_workbook_A_experiments_1_2.xlsx,34,4,RTx2536,sorghum,E2_RTx2536_AMP77_AMP207_P03,3,single,AMP207,,,100000,100000,E2_RTx2536_AMP77_AMP207|AMP207|100000,2,1,211
E2_RTx2536_AMP77_AMP207,Experiment 2,published,source_workbook_A_experiments_1_2.xlsx,34,4,RTx2536,sorghum,E2_RTx2536_AMP77_AMP207_P03,3,single,AMP207,,,100000,100000,E2_RTx2536_AMP77_AMP207|AMP207|100000,3,1,211
E2_RTx2536_AMP77_AMP207,Experiment 2,published,source_workbook_A_experiments_1_2.xlsx,34,5,RTx2536,sorghum,E2_RTx2536_AMP77_AMP207_P03,3,single,AMP207,,,50000,50000,E2_RTx2536_AMP77_AMP207|AMP207|50000,1,2,211
E2_RTx2536_AMP77_AMP207,Experiment 2,published,source_workbook_A_experiments_1_2.xlsx,34,5,RTx2536,sorghum,E2_RTx2536_AMP77_AMP207_P03,3,single,AMP207,,,50000,50000,E2_RTx2536_AMP77_AMP207|AMP207|50000,2,1,211
E2_RTx2536_AMP77_AMP207,Experiment 2,published,source_workbook_A_experiments_1_2.xlsx,34,5,RTx2536,sorghum,E2_RTx2536_AMP77_AMP207_P03,3,single,AMP207,,,50000,50000,E2_RTx2536_AMP77_AMP207|AMP207|50000,3,1,211
E2_RTx2536_AMP77_AMP207,Experiment 2,published,source_workbook_A_experiments_1_2.xlsx,34,6,RTx2536,sorghum,E2_RTx2536_AMP77_AMP207_P03,3,single,AMP207,,,10000,10000,E2_RTx2536_AMP77_AMP207|AMP207|10000,1,1,111
E2_RTx2536_AMP77_AMP207,Experiment 2,published,source_workbook_A_experiments_1_2.xlsx,34,6,RTx2536,sorghum,E2_RTx2536_AMP77_AMP207_P03,3,single,AMP207,,,10000,10000,E2_RTx2536_AMP77_AMP207|AMP207|10000,2,1,111
E2_RTx2536_AMP77_AMP207,Experiment 2,published,source_workbook_A_experiments_1_2.xlsx,34,6,RTx2536,sorghum,E2_RTx2536_AMP77_AMP207_P03,3,single,AMP207,,,10000,10000,E2_RTx2536_AMP77_AMP207|AMP207|10000,3,1,111
E2_RTx2536_AMP77_AMP207,Experiment 2,published,source_workbook_A_experiments_1_2.xlsx,34,7,RTx2536,sorghum,E2_RTx2536_AMP77_AMP207_P03,3,single,AMP207,,,5000,5000,E2_RTx2536_AMP77_AMP207|AMP207|5000,1,1,111
E2_RTx2536_AMP77_AMP207,Experiment 2,published,source_workbook_A_experiments_1_2.xlsx,34,7,RTx2536,sorghum,E2_RTx2536_AMP77_AMP207_P03,3,single,AMP207,,,5000,5000,E2_RTx2536_AMP77_AMP207|AMP207|5000,2,1,111
E2_RTx2536_AMP77_AMP207,Experiment 2,published,source_workbook_A_experiments_1_2.xlsx,34,7,RTx2536,sorghum,E2_RTx2536_AMP77_AMP207_P03,3,single,AMP207,,,5000,5000,E2_RTx2536_AMP77_AMP207|AMP207|5000,3,1,111
E2_RTx2536_AMP77_AMP207,Experiment 2,published,source_workbook_A_experiments_1_2.xlsx,35,2,RTx2536,sorghum,E2_RTx2536_AMP77_AMP207_P04,4,single,AMP207,,,1000000,1000000,E2_RTx2536_AMP77_AMP207|AMP207|1000000,1,2,222
E2_RTx2536_AMP77_AMP207,Experiment 2,published,source_workbook_A_experiments_1_2.xlsx,35,2,RTx2536,sorghum,E2_RTx2536_AMP77_AMP207_P04,4,single,AMP207,,,1000000,1000000,E2_RTx2536_AMP77_AMP207|AMP207|1000000,2,2,222
E2_RTx2536_AMP77_AMP207,Experiment 2,published,source_workbook_A_experiments_1_2.xlsx,35,2,RTx2536,sorghum,E2_RTx2536_AMP77_AMP207_P04,4,single,AMP207,,,1000000,1000000,E2_RTx2536_AMP77_AMP207|AMP207|1000000,3,2,222
E2_RTx2536_AMP77_AMP207,Experiment 2,published,source_workbook_A_experiments_1_2.xlsx,35,3,RTx2536,sorghum,E2_RTx2536_AMP77_AMP207_P04,4,single,AMP207,,,500000,500000,E2_RTx2536_AMP77_AMP207|AMP207|500000,1,2,222
E2_RTx2536_AMP77_AMP207,Experiment 2,published,source_workbook_A_experiments_1_2.xlsx,35,3,RTx2536,sorghum,E2_RTx2536_AMP77_AMP207_P04,4,single,AMP207,,,500000,500000,E2_RTx2536_AMP77_AMP207|AMP207|500000,2,2,222
E2_RTx2536_AMP77_AMP207,Experiment 2,published,source_workbook_A_experiments_1_2.xlsx,35,3,RTx2536,sorghum,E2_RTx2536_AMP77_AMP207_P04,4,single,AMP207,,,500000,500000,E2_RTx2536_AMP77_AMP207|AMP207|500000,3,2,222
E2_RTx2536_AMP77_AMP207,Experiment 2,published,source_workbook_A_experiments_1_2.xlsx,35,4,RTx2536,sorghum,E2_RTx2536_AMP77_AMP207_P04,4,single,AMP207,,,100000,100000,E2_RTx2536_AMP77_AMP207|AMP207|100000,1,1,111
E2_RTx2536_AMP77_AMP207,Experiment 2,published,source_workbook_A_experiments_1_2.xlsx,35,4,RTx2536,sorghum,E2_RTx2536_AMP77_AMP207_P04,4,single,AMP207,,,100000,100000,E2_RTx2536_AMP77_AMP207|AMP207|100000,2,1,111
E2_RTx2536_AMP77_AMP207,Experiment 2,published,source_workbook_A_experiments_1_2.xlsx,35,4,RTx2536,sorghum,E2_RTx2536_AMP77_AMP207_P04,4,single,AMP207,,,100000,100000,E2_RTx2536_AMP77_AMP207|AMP207|100000,3,1,111
E2_RTx2536_AMP77_AMP207,Experiment 2,published,source_workbook_A_experiments_1_2.xlsx,35,5,RTx2536,sorghum,E2_RTx2536_AMP77_AMP207_P04,4,single,AMP207,,,50000,50000,E2_RTx2536_AMP77_AMP207|AMP207|50000,1,2,212
E2_RTx2536_AMP77_AMP207,Experiment 2,published,source_workbook_A_experiments_1_2.xlsx,35,5,RTx2536,sorghum,E2_RTx2536_AMP77_AMP207_P04,4,single,AMP207,,,50000,50000,E2_RTx2536_AMP77_AMP207|AMP207|50000,2,1,212
E2_RTx2536_AMP77_AMP207,Experiment 2,published,source_workbook_A_experiments_1_2.xlsx,35,5,RTx2536,sorghum,E2_RTx2536_AMP77_AMP207_P04,4,single,AMP207,,,50000,50000,E2_RTx2536_AMP77_AMP207|AMP207|50000,3,2,212
E2_RTx2536_AMP77_AMP207,Experiment 2,published,source_workbook_A_experiments_1_2.xlsx,35,6,RTx2536,sorghum,E2_RTx2536_AMP77_AMP207_P04,4,single,AMP207,,,10000,10000,E2_RTx2536_AMP77_AMP207|AMP207|10000,1,2,211
E2_RTx2536_AMP77_AMP207,Experiment 2,published,source_workbook_A_experiments_1_2.xlsx,35,6,RTx2536,sorghum,E2_RTx2536_AMP77_AMP207_P04,4,single,AMP207,,,10000,10000,E2_RTx2536_AMP77_AMP207|AMP207|10000,2,1,211
E2_RTx2536_AMP77_AMP207,Experiment 2,published,source_workbook_A_experiments_1_2.xlsx,35,6,RTx2536,sorghum,E2_RTx2536_AMP77_AMP207_P04,4,single,AMP207,,,10000,10000,E2_RTx2536_AMP77_AMP207|AMP207|10000,3,1,211
E2_RTx2536_AMP77_AMP207,Experiment 2,published,source_workbook_A_experiments_1_2.xlsx,35,7,RTx2536,sorghum,E2_RTx2536_AMP77_AMP207_P04,4,single,AMP207,,,5000,5000,E2_RTx2536_AMP77_AMP207|AMP207|5000,1,1,111
E2_RTx2536_AMP77_AMP207,Experiment 2,published,source_workbook_A_experiments_1_2.xlsx,35,7,RTx2536,sorghum,E2_RTx2536_AMP77_AMP207_P04,4,single,AMP207,,,5000,5000,E2_RTx2536_AMP77_AMP207|AMP207|5000,2,1,111
E2_RTx2536_AMP77_AMP207,Experiment 2,published,source_workbook_A_experiments_1_2.xlsx,35,7,RTx2536,sorghum,E2_RTx2536_AMP77_AMP207_P04,4,single,AMP207,,,5000,5000,E2_RTx2536_AMP77_AMP207|AMP207|5000,3,1,111
E2_RTx2536_AMP77_AMP207,Experiment 2,published,source_workbook_A_experiments_1_2.xlsx,36,2,RTx2536,sorghum,E2_RTx2536_AMP77_AMP207_P05,5,single,AMP207,,,1000000,1000000,E2_RTx2536_AMP77_AMP207|AMP207|1000000,1,4,423
E2_RTx2536_AMP77_AMP207,Experiment 2,published,source_workbook_A_experiments_1_2.xlsx,36,2,RTx2536,sorghum,E2_RTx2536_AMP77_AMP207_P05,5,single,AMP207,,,1000000,1000000,E2_RTx2536_AMP77_AMP207|AMP207|1000000,2,2,423
E2_RTx2536_AMP77_AMP207,Experiment 2,published,source_workbook_A_experiments_1_2.xlsx,36,2,RTx2536,sorghum,E2_RTx2536_AMP77_AMP207_P05,5,single,AMP207,,,1000000,1000000,E2_RTx2536_AMP77_AMP207|AMP207|1000000,3,3,423
E2_RTx2536_AMP77_AMP207,Experiment 2,published,source_workbook_A_experiments_1_2.xlsx,36,3,RTx2536,sorghum,E2_RTx2536_AMP77_AMP207_P05,5,single,AMP207,,,500000,500000,E2_RTx2536_AMP77_AMP207|AMP207|500000,1,3,332
E2_RTx2536_AMP77_AMP207,Experiment 2,published,source_workbook_A_experiments_1_2.xlsx,36,3,RTx2536,sorghum,E2_RTx2536_AMP77_AMP207_P05,5,single,AMP207,,,500000,500000,E2_RTx2536_AMP77_AMP207|AMP207|500000,2,3,332
E2_RTx2536_AMP77_AMP207,Experiment 2,published,source_workbook_A_experiments_1_2.xlsx,36,3,RTx2536,sorghum,E2_RTx2536_AMP77_AMP207_P05,5,single,AMP207,,,500000,500000,E2_RTx2536_AMP77_AMP207|AMP207|500000,3,2,332
E2_RTx2536_AMP77_AMP207,Experiment 2,published,source_workbook_A_experiments_1_2.xlsx,36,4,RTx2536,sorghum,E2_RTx2536_AMP77_AMP207_P05,5,single,AMP207,,,100000,100000,E2_RTx2536_AMP77_AMP207|AMP207|100000,1,2,211
E2_RTx2536_AMP77_AMP207,Experiment 2,published,source_workbook_A_experiments_1_2.xlsx,36,4,RTx2536,sorghum,E2_RTx2536_AMP77_AMP207_P05,5,single,AMP207,,,100000,100000,E2_RTx2536_AMP77_AMP207|AMP207|100000,2,1,211
E2_RTx2536_AMP77_AMP207,Experiment 2,published,source_workbook_A_experiments_1_2.xlsx,36,4,RTx2536,sorghum,E2_RTx2536_AMP77_AMP207_P05,5,single,AMP207,,,100000,100000,E2_RTx2536_AMP77_AMP207|AMP207|100000,3,1,211
E2_RTx2536_AMP77_AMP207,Experiment 2,published,source_workbook_A_experiments_1_2.xlsx,36,5,RTx2536,sorghum,E2_RTx2536_AMP77_AMP207_P05,5,single,AMP207,,,50000,50000,E2_RTx2536_AMP77_AMP207|AMP207|50000,1,2,211
E2_RTx2536_AMP77_AMP207,Experiment 2,published,source_workbook_A_experiments_1_2.xlsx,36,5,RTx2536,sorghum,E2_RTx2536_AMP77_AMP207_P05,5,single,AMP207,,,50000,50000,E2_RTx2536_AMP77_AMP207|AMP207|50000,2,1,211
E2_RTx2536_AMP77_AMP207,Experiment 2,published,source_workbook_A_experiments_1_2.xlsx,36,5,RTx2536,sorghum,E2_RTx2536_AMP77_AMP207_P05,5,single,AMP207,,,50000,50000,E2_RTx2536_AMP77_AMP207|AMP207|50000,3,1,211
E2_RTx2536_AMP77_AMP207,Experiment 2,published,source_workbook_A_experiments_1_2.xlsx,36,6,RTx2536,sorghum,E2_RTx2536_AMP77_AMP207_P05,5,single,AMP207,,,10000,10000,E2_RTx2536_AMP77_AMP207|AMP207|10000,1,1,111
E2_RTx2536_AMP77_AMP207,Experiment 2,published,source_workbook_A_experiments_1_2.xlsx,36,6,RTx2536,sorghum,E2_RTx2536_AMP77_AMP207_P05,5,single,AMP207,,,10000,10000,E2_RTx2536_AMP77_AMP207|AMP207|10000,2,1,111
E2_RTx2536_AMP77_AMP207,Experiment 2,published,source_workbook_A_experiments_1_2.xlsx,36,6,RTx2536,sorghum,E2_RTx2536_AMP77_AMP207_P05,5,single,AMP207,,,10000,10000,E2_RTx2536_AMP77_AMP207|AMP207|10000,3,1,111
E2_RTx2536_AMP77_AMP207,Experiment 2,published,source_workbook_A_experiments_1_2.xlsx,36,7,RTx2536,sorghum,E2_RTx2536_AMP77_AMP207_P05,5,single,AMP207,,,5000,5000,E2_RTx2536_AMP77_AMP207|AMP207|5000,1,1,111
E2_RTx2536_AMP77_AMP207,Experiment 2,published,source_workbook_A_experiments_1_2.xlsx,36,7,RTx2536,sorghum,E2_RTx2536_AMP77_AMP207_P05,5,single,AMP207,,,5000,5000,E2_RTx2536_AMP77_AMP207|AMP207|5000,2,1,111
E2_RTx2536_AMP77_AMP207,Experiment 2,published,source_workbook_A_experiments_1_2.xlsx,36,7,RTx2536,sorghum,E2_RTx2536_AMP77_AMP207_P05,5,single,AMP207,,,5000,5000,E2_RTx2536_AMP77_AMP207|AMP207|5000,3,1,111
E2_RTx2536_AMP77_AMP207,Experiment 2,published,source_workbook_A_experiments_1_2.xlsx,37,2,RTx2536,sorghum,E2_RTx2536_AMP77_AMP207_P06,6,single,AMP207,,,1000000,1000000,E2_RTx2536_AMP77_AMP207|AMP207|1000000,1,5,553
E2_RTx2536_AMP77_AMP207,Experiment 2,published,source_workbook_A_experiments_1_2.xlsx,37,2,RTx2536,sorghum,E2_RTx2536_AMP77_AMP207_P06,6,single,AMP207,,,1000000,1000000,E2_RTx2536_AMP77_AMP207|AMP207|1000000,2,5,553
E2_RTx2536_AMP77_AMP207,Experiment 2,published,source_workbook_A_experiments_1_2.xlsx,37,2,RTx2536,sorghum,E2_RTx2536_AMP77_AMP207_P06,6,single,AMP207,,,1000000,1000000,E2_RTx2536_AMP77_AMP207|AMP207|1000000,3,3,553
E2_RTx2536_AMP77_AMP207,Experiment 2,published,source_workbook_A_experiments_1_2.xlsx,37,3,RTx2536,sorghum,E2_RTx2536_AMP77_AMP207_P06,6,single,AMP207,,,500000,500000,E2_RTx2536_AMP77_AMP207|AMP207|500000,1,5,554
E2_RTx2536_AMP77_AMP207,Experiment 2,published,source_workbook_A_experiments_1_2.xlsx,37,3,RTx2536,sorghum,E2_RTx2536_AMP77_AMP207_P06,6,single,AMP207,,,500000,500000,E2_RTx2536_AMP77_AMP207|AMP207|500000,2,5,554
E2_RTx2536_AMP77_AMP207,Experiment 2,published,source_workbook_A_experiments_1_2.xlsx,37,3,RTx2536,sorghum,E2_RTx2536_AMP77_AMP207_P06,6,single,AMP207,,,500000,500000,E2_RTx2536_AMP77_AMP207|AMP207|500000,3,4,554
E2_RTx2536_AMP77_AMP207,Experiment 2,published,source_workbook_A_experiments_1_2.xlsx,37,4,RTx2536,sorghum,E2_RTx2536_AMP77_AMP207_P06,6,single,AMP207,,,100000,100000,E2_RTx2536_AMP77_AMP207|AMP207|100000,1,3,345
E2_RTx2536_AMP77_AMP207,Experiment 2,published,source_workbook_A_experiments_1_2.xlsx,37,4,RTx2536,sorghum,E2_RTx2536_AMP77_AMP207_P06,6,single,AMP207,,,100000,100000,E2_RTx2536_AMP77_AMP207|AMP207|100000,2,4,345
E2_RTx2536_AMP77_AMP207,Experiment 2,published,source_workbook_A_experiments_1_2.xlsx,37,4,RTx2536,sorghum,E2_RTx2536_AMP77_AMP207_P06,6,single,AMP207,,,100000,100000,E2_RTx2536_AMP77_AMP207|AMP207|100000,3,5,345
E2_RTx2536_AMP77_AMP207,Experiment 2,published,source_workbook_A_experiments_1_2.xlsx,37,5,RTx2536,sorghum,E2_RTx2536_AMP77_AMP207_P06,6,single,AMP207,,,50000,50000,E2_RTx2536_AMP77_AMP207|AMP207|50000,1,1,122
E2_RTx2536_AMP77_AMP207,Experiment 2,published,source_workbook_A_experiments_1_2.xlsx,37,5,RTx2536,sorghum,E2_RTx2536_AMP77_AMP207_P06,6,single,AMP207,,,50000,50000,E2_RTx2536_AMP77_AMP207|AMP207|50000,2,2,122
E2_RTx2536_AMP77_AMP207,Experiment 2,published,source_workbook_A_experiments_1_2.xlsx,37,5,RTx2536,sorghum,E2_RTx2536_AMP77_AMP207_P06,6,single,AMP207,,,50000,50000,E2_RTx2536_AMP77_AMP207|AMP207|50000,3,2,122
E2_RTx2536_AMP77_AMP207,Experiment 2,published,source_workbook_A_experiments_1_2.xlsx,37,6,RTx2536,sorghum,E2_RTx2536_AMP77_AMP207_P06,6,single,AMP207,,,10000,10000,E2_RTx2536_AMP77_AMP207|AMP207|10000,1,1,111
E2_RTx2536_AMP77_AMP207,Experiment 2,published,source_workbook_A_experiments_1_2.xlsx,37,6,RTx2536,sorghum,E2_RTx2536_AMP77_AMP207_P06,6,single,AMP207,,,10000,10000,E2_RTx2536_AMP77_AMP207|AMP207|10000,2,1,111
E2_RTx2536_AMP77_AMP207,Experiment 2,published,source_workbook_A_experiments_1_2.xlsx,37,6,RTx2536,sorghum,E2_RTx2536_AMP77_AMP207_P06,6,single,AMP207,,,10000,10000,E2_RTx2536_AMP77_AMP207|AMP207|10000,3,1,111
E2_RTx2536_AMP77_AMP207,Experiment 2,published,source_workbook_A_experiments_1_2.xlsx,37,7,RTx2536,sorghum,E2_RTx2536_AMP77_AMP207_P06,6,single,AMP207,,,5000,5000,E2_RTx2536_AMP77_AMP207|AMP207|5000,1,1,111
E2_RTx2536_AMP77_AMP207,Experiment 2,published,source_workbook_A_experiments_1_2.xlsx,37,7,RTx2536,sorghum,E2_RTx2536_AMP77_AMP207_P06,6,single,AMP207,,,5000,5000,E2_RTx2536_AMP77_AMP207|AMP207|5000,2,1,111
E2_RTx2536_AMP77_AMP207,Experiment 2,published,source_workbook_A_experiments_1_2.xlsx,37,7,RTx2536,sorghum,E2_RTx2536_AMP77_AMP207_P06,6,single,AMP207,,,5000,5000,E2_RTx2536_AMP77_AMP207|AMP207|5000,3,1,111
E2_RTx2536_AMP77_AMP207,Experiment 2,published,source_workbook_A_experiments_1_2.xlsx,39,2,RTx2536,sorghum,E2_RTx2536_AMP77_AMP207_P01,1,mixture,AMP77,AMP207,1:1,1000000,500000,E2_RTx2536_AMP77_AMP207|AMP77+AMP207|1000000,1,3,333
E2_RTx2536_AMP77_AMP207,Experiment 2,published,source_workbook_A_experiments_1_2.xlsx,39,2,RTx2536,sorghum,E2_RTx2536_AMP77_AMP207_P01,1,mixture,AMP77,AMP207,1:1,1000000,500000,E2_RTx2536_AMP77_AMP207|AMP77+AMP207|1000000,2,3,333
E2_RTx2536_AMP77_AMP207,Experiment 2,published,source_workbook_A_experiments_1_2.xlsx,39,2,RTx2536,sorghum,E2_RTx2536_AMP77_AMP207_P01,1,mixture,AMP77,AMP207,1:1,1000000,500000,E2_RTx2536_AMP77_AMP207|AMP77+AMP207|1000000,3,3,333
E2_RTx2536_AMP77_AMP207,Experiment 2,published,source_workbook_A_experiments_1_2.xlsx,39,3,RTx2536,sorghum,E2_RTx2536_AMP77_AMP207_P01,1,mixture,AMP77,AMP207,1:1,100000,50000,E2_RTx2536_AMP77_AMP207|AMP77+AMP207|100000,1,1,112
E2_RTx2536_AMP77_AMP207,Experiment 2,published,source_workbook_A_experiments_1_2.xlsx,39,3,RTx2536,sorghum,E2_RTx2536_AMP77_AMP207_P01,1,mixture,AMP77,AMP207,1:1,100000,50000,E2_RTx2536_AMP77_AMP207|AMP77+AMP207|100000,2,1,112
E2_RTx2536_AMP77_AMP207,Experiment 2,published,source_workbook_A_experiments_1_2.xlsx,39,3,RTx2536,sorghum,E2_RTx2536_AMP77_AMP207_P01,1,mixture,AMP77,AMP207,1:1,100000,50000,E2_RTx2536_AMP77_AMP207|AMP77+AMP207|100000,3,2,112
E2_RTx2536_AMP77_AMP207,Experiment 2,published,source_workbook_A_experiments_1_2.xlsx,39,4,RTx2536,sorghum,E2_RTx2536_AMP77_AMP207_P01,1,mixture,AMP77,AMP207,1:1,10000,5000,E2_RTx2536_AMP77_AMP207|AMP77+AMP207|10000,1,1,111
E2_RTx2536_AMP77_AMP207,Experiment 2,published,source_workbook_A_experiments_1_2.xlsx,39,4,RTx2536,sorghum,E2_RTx2536_AMP77_AMP207_P01,1,mixture,AMP77,AMP207,1:1,10000,5000,E2_RTx2536_AMP77_AMP207|AMP77+AMP207|10000,2,1,111
E2_RTx2536_AMP77_AMP207,Experiment 2,published,source_workbook_A_experiments_1_2.xlsx,39,4,RTx2536,sorghum,E2_RTx2536_AMP77_AMP207_P01,1,mixture,AMP77,AMP207,1:1,10000,5000,E2_RTx2536_AMP77_AMP207|AMP77+AMP207|10000,3,1,111
E2_RTx2536_AMP77_AMP207,Experiment 2,published,source_workbook_A_experiments_1_2.xlsx,40,2,RTx2536,sorghum,E2_RTx2536_AMP77_AMP207_P02,2,mixture,AMP77,AMP207,1:1,1000000,500000,E2_RTx2536_AMP77_AMP207|AMP77+AMP207|1000000,1,2,233
E2_RTx2536_AMP77_AMP207,Experiment 2,published,source_workbook_A_experiments_1_2.xlsx,40,2,RTx2536,sorghum,E2_RTx2536_AMP77_AMP207_P02,2,mixture,AMP77,AMP207,1:1,1000000,500000,E2_RTx2536_AMP77_AMP207|AMP77+AMP207|1000000,2,3,233
E2_RTx2536_AMP77_AMP207,Experiment 2,published,source_workbook_A_experiments_1_2.xlsx,40,2,RTx2536,sorghum,E2_RTx2536_AMP77_AMP207_P02,2,mixture,AMP77,AMP207,1:1,1000000,500000,E2_RTx2536_AMP77_AMP207|AMP77+AMP207|1000000,3,3,233
E2_RTx2536_AMP77_AMP207,Experiment 2,published,source_workbook_A_experiments_1_2.xlsx,40,3,RTx2536,sorghum,E2_RTx2536_AMP77_AMP207_P02,2,mixture,AMP77,AMP207,1:1,100000,50000,E2_RTx2536_AMP77_AMP207|AMP77+AMP207|100000,1,3,311
E2_RTx2536_AMP77_AMP207,Experiment 2,published,source_workbook_A_experiments_1_2.xlsx,40,3,RTx2536,sorghum,E2_RTx2536_AMP77_AMP207_P02,2,mixture,AMP77,AMP207,1:1,100000,50000,E2_RTx2536_AMP77_AMP207|AMP77+AMP207|100000,2,1,311
E2_RTx2536_AMP77_AMP207,Experiment 2,published,source_workbook_A_experiments_1_2.xlsx,40,3,RTx2536,sorghum,E2_RTx2536_AMP77_AMP207_P02,2,mixture,AMP77,AMP207,1:1,100000,50000,E2_RTx2536_AMP77_AMP207|AMP77+AMP207|100000,3,1,311
E2_RTx2536_AMP77_AMP207,Experiment 2,published,source_workbook_A_experiments_1_2.xlsx,40,4,RTx2536,sorghum,E2_RTx2536_AMP77_AMP207_P02,2,mixture,AMP77,AMP207,1:1,10000,5000,E2_RTx2536_AMP77_AMP207|AMP77+AMP207|10000,1,1,111
E2_RTx2536_AMP77_AMP207,Experiment 2,published,source_workbook_A_experiments_1_2.xlsx,40,4,RTx2536,sorghum,E2_RTx2536_AMP77_AMP207_P02,2,mixture,AMP77,AMP207,1:1,10000,5000,E2_RTx2536_AMP77_AMP207|AMP77+AMP207|10000,2,1,111
E2_RTx2536_AMP77_AMP207,Experiment 2,published,source_workbook_A_experiments_1_2.xlsx,40,4,RTx2536,sorghum,E2_RTx2536_AMP77_AMP207_P02,2,mixture,AMP77,AMP207,1:1,10000,5000,E2_RTx2536_AMP77_AMP207|AMP77+AMP207|10000,3,1,111
E2_RTx2536_AMP77_AMP207,Experiment 2,published,source_workbook_A_experiments_1_2.xlsx,41,2,RTx2536,sorghum,E2_RTx2536_AMP77_AMP207_P03,3,mixture,AMP77,AMP207,1:1,1000000,500000,E2_RTx2536_AMP77_AMP207|AMP77+AMP207|1000000,1,3,333
E2_RTx2536_AMP77_AMP207,Experiment 2,published,source_workbook_A_experiments_1_2.xlsx,41,2,RTx2536,sorghum,E2_RTx2536_AMP77_AMP207_P03,3,mixture,AMP77,AMP207,1:1,1000000,500000,E2_RTx2536_AMP77_AMP207|AMP77+AMP207|1000000,2,3,333
E2_RTx2536_AMP77_AMP207,Experiment 2,published,source_workbook_A_experiments_1_2.xlsx,41,2,RTx2536,sorghum,E2_RTx2536_AMP77_AMP207_P03,3,mixture,AMP77,AMP207,1:1,1000000,500000,E2_RTx2536_AMP77_AMP207|AMP77+AMP207|1000000,3,3,333
E2_RTx2536_AMP77_AMP207,Experiment 2,published,source_workbook_A_experiments_1_2.xlsx,41,3,RTx2536,sorghum,E2_RTx2536_AMP77_AMP207_P03,3,mixture,AMP77,AMP207,1:1,100000,50000,E2_RTx2536_AMP77_AMP207|AMP77+AMP207|100000,1,1,111
E2_RTx2536_AMP77_AMP207,Experiment 2,published,source_workbook_A_experiments_1_2.xlsx,41,3,RTx2536,sorghum,E2_RTx2536_AMP77_AMP207_P03,3,mixture,AMP77,AMP207,1:1,100000,50000,E2_RTx2536_AMP77_AMP207|AMP77+AMP207|100000,2,1,111
E2_RTx2536_AMP77_AMP207,Experiment 2,published,source_workbook_A_experiments_1_2.xlsx,41,3,RTx2536,sorghum,E2_RTx2536_AMP77_AMP207_P03,3,mixture,AMP77,AMP207,1:1,100000,50000,E2_RTx2536_AMP77_AMP207|AMP77+AMP207|100000,3,1,111
E2_RTx2536_AMP77_AMP207,Experiment 2,published,source_workbook_A_experiments_1_2.xlsx,41,4,RTx2536,sorghum,E2_RTx2536_AMP77_AMP207_P03,3,mixture,AMP77,AMP207,1:1,10000,5000,E2_RTx2536_AMP77_AMP207|AMP77+AMP207|10000,1,1,111
E2_RTx2536_AMP77_AMP207,Experiment 2,published,source_workbook_A_experiments_1_2.xlsx,41,4,RTx2536,sorghum,E2_RTx2536_AMP77_AMP207_P03,3,mixture,AMP77,AMP207,1:1,10000,5000,E2_RTx2536_AMP77_AMP207|AMP77+AMP207|10000,2,1,111
E2_RTx2536_AMP77_AMP207,Experiment 2,published,source_workbook_A_experiments_1_2.xlsx,41,4,RTx2536,sorghum,E2_RTx2536_AMP77_AMP207_P03,3,mixture,AMP77,AMP207,1:1,10000,5000,E2_RTx2536_AMP77_AMP207|AMP77+AMP207|10000,3,1,111
E2_RTx2536_AMP77_AMP207,Experiment 2,published,source_workbook_A_experiments_1_2.xlsx,42,2,RTx2536,sorghum,E2_RTx2536_AMP77_AMP207_P04,4,mixture,AMP77,AMP207,1:1,1000000,500000,E2_RTx2536_AMP77_AMP207|AMP77+AMP207|1000000,1,3,344
E2_RTx2536_AMP77_AMP207,Experiment 2,published,source_workbook_A_experiments_1_2.xlsx,42,2,RTx2536,sorghum,E2_RTx2536_AMP77_AMP207_P04,4,mixture,AMP77,AMP207,1:1,1000000,500000,E2_RTx2536_AMP77_AMP207|AMP77+AMP207|1000000,2,4,344
E2_RTx2536_AMP77_AMP207,Experiment 2,published,source_workbook_A_experiments_1_2.xlsx,42,2,RTx2536,sorghum,E2_RTx2536_AMP77_AMP207_P04,4,mixture,AMP77,AMP207,1:1,1000000,500000,E2_RTx2536_AMP77_AMP207|AMP77+AMP207|1000000,3,4,344
E2_RTx2536_AMP77_AMP207,Experiment 2,published,source_workbook_A_experiments_1_2.xlsx,42,3,RTx2536,sorghum,E2_RTx2536_AMP77_AMP207_P04,4,mixture,AMP77,AMP207,1:1,100000,50000,E2_RTx2536_AMP77_AMP207|AMP77+AMP207|100000,1,2,233
E2_RTx2536_AMP77_AMP207,Experiment 2,published,source_workbook_A_experiments_1_2.xlsx,42,3,RTx2536,sorghum,E2_RTx2536_AMP77_AMP207_P04,4,mixture,AMP77,AMP207,1:1,100000,50000,E2_RTx2536_AMP77_AMP207|AMP77+AMP207|100000,2,3,233
E2_RTx2536_AMP77_AMP207,Experiment 2,published,source_workbook_A_experiments_1_2.xlsx,42,3,RTx2536,sorghum,E2_RTx2536_AMP77_AMP207_P04,4,mixture,AMP77,AMP207,1:1,100000,50000,E2_RTx2536_AMP77_AMP207|AMP77+AMP207|100000,3,3,233
E2_RTx2536_AMP77_AMP207,Experiment 2,published,source_workbook_A_experiments_1_2.xlsx,42,4,RTx2536,sorghum,E2_RTx2536_AMP77_AMP207_P04,4,mixture,AMP77,AMP207,1:1,10000,5000,E2_RTx2536_AMP77_AMP207|AMP77+AMP207|10000,1,1,111
E2_RTx2536_AMP77_AMP207,Experiment 2,published,source_workbook_A_experiments_1_2.xlsx,42,4,RTx2536,sorghum,E2_RTx2536_AMP77_AMP207_P04,4,mixture,AMP77,AMP207,1:1,10000,5000,E2_RTx2536_AMP77_AMP207|AMP77+AMP207|10000,2,1,111
E2_RTx2536_AMP77_AMP207,Experiment 2,published,source_workbook_A_experiments_1_2.xlsx,42,4,RTx2536,sorghum,E2_RTx2536_AMP77_AMP207_P04,4,mixture,AMP77,AMP207,1:1,10000,5000,E2_RTx2536_AMP77_AMP207|AMP77+AMP207|10000,3,1,111
E2_RTx2536_AMP77_AMP207,Experiment 2,published,source_workbook_A_experiments_1_2.xlsx,43,2,RTx2536,sorghum,E2_RTx2536_AMP77_AMP207_P05,5,mixture,AMP77,AMP207,1:1,1000000,500000,E2_RTx2536_AMP77_AMP207|AMP77+AMP207|1000000,1,4,432
E2_RTx2536_AMP77_AMP207,Experiment 2,published,source_workbook_A_experiments_1_2.xlsx,43,2,RTx2536,sorghum,E2_RTx2536_AMP77_AMP207_P05,5,mixture,AMP77,AMP207,1:1,1000000,500000,E2_RTx2536_AMP77_AMP207|AMP77+AMP207|1000000,2,3,432
E2_RTx2536_AMP77_AMP207,Experiment 2,published,source_workbook_A_experiments_1_2.xlsx,43,2,RTx2536,sorghum,E2_RTx2536_AMP77_AMP207_P05,5,mixture,AMP77,AMP207,1:1,1000000,500000,E2_RTx2536_AMP77_AMP207|AMP77+AMP207|1000000,3,2,432
E2_RTx2536_AMP77_AMP207,Experiment 2,published,source_workbook_A_experiments_1_2.xlsx,43,3,RTx2536,sorghum,E2_RTx2536_AMP77_AMP207_P05,5,mixture,AMP77,AMP207,1:1,100000,50000,E2_RTx2536_AMP77_AMP207|AMP77+AMP207|100000,1,1,111
E2_RTx2536_AMP77_AMP207,Experiment 2,published,source_workbook_A_experiments_1_2.xlsx,43,3,RTx2536,sorghum,E2_RTx2536_AMP77_AMP207_P05,5,mixture,AMP77,AMP207,1:1,100000,50000,E2_RTx2536_AMP77_AMP207|AMP77+AMP207|100000,2,1,111
E2_RTx2536_AMP77_AMP207,Experiment 2,published,source_workbook_A_experiments_1_2.xlsx,43,3,RTx2536,sorghum,E2_RTx2536_AMP77_AMP207_P05,5,mixture,AMP77,AMP207,1:1,100000,50000,E2_RTx2536_AMP77_AMP207|AMP77+AMP207|100000,3,1,111
E2_RTx2536_AMP77_AMP207,Experiment 2,published,source_workbook_A_experiments_1_2.xlsx,43,4,RTx2536,sorghum,E2_RTx2536_AMP77_AMP207_P05,5,mixture,AMP77,AMP207,1:1,10000,5000,E2_RTx2536_AMP77_AMP207|AMP77+AMP207|10000,1,1,111
E2_RTx2536_AMP77_AMP207,Experiment 2,published,source_workbook_A_experiments_1_2.xlsx,43,4,RTx2536,sorghum,E2_RTx2536_AMP77_AMP207_P05,5,mixture,AMP77,AMP207,1:1,10000,5000,E2_RTx2536_AMP77_AMP207|AMP77+AMP207|10000,2,1,111
E2_RTx2536_AMP77_AMP207,Experiment 2,published,source_workbook_A_experiments_1_2.xlsx,43,4,RTx2536,sorghum,E2_RTx2536_AMP77_AMP207_P05,5,mixture,AMP77,AMP207,1:1,10000,5000,E2_RTx2536_AMP77_AMP207|AMP77+AMP207|10000,3,1,111
E2_RTx2536_AMP77_AMP207,Experiment 2,published,source_workbook_A_experiments_1_2.xlsx,44,2,RTx2536,sorghum,E2_RTx2536_AMP77_AMP207_P06,6,mixture,AMP77,AMP207,1:1,1000000,500000,E2_RTx2536_AMP77_AMP207|AMP77+AMP207|1000000,1,5,533
E2_RTx2536_AMP77_AMP207,Experiment 2,published,source_workbook_A_experiments_1_2.xlsx,44,2,RTx2536,sorghum,E2_RTx2536_AMP77_AMP207_P06,6,mixture,AMP77,AMP207,1:1,1000000,500000,E2_RTx2536_AMP77_AMP207|AMP77+AMP207|1000000,2,3,533
E2_RTx2536_AMP77_AMP207,Experiment 2,published,source_workbook_A_experiments_1_2.xlsx,44,2,RTx2536,sorghum,E2_RTx2536_AMP77_AMP207_P06,6,mixture,AMP77,AMP207,1:1,1000000,500000,E2_RTx2536_AMP77_AMP207|AMP77+AMP207|1000000,3,3,533
E2_RTx2536_AMP77_AMP207,Experiment 2,published,source_workbook_A_experiments_1_2.xlsx,44,3,RTx2536,sorghum,E2_RTx2536_AMP77_AMP207_P06,6,mixture,AMP77,AMP207,1:1,100000,50000,E2_RTx2536_AMP77_AMP207|AMP77+AMP207|100000,1,1,123
E2_RTx2536_AMP77_AMP207,Experiment 2,published,source_workbook_A_experiments_1_2.xlsx,44,3,RTx2536,sorghum,E2_RTx2536_AMP77_AMP207_P06,6,mixture,AMP77,AMP207,1:1,100000,50000,E2_RTx2536_AMP77_AMP207|AMP77+AMP207|100000,2,2,123
E2_RTx2536_AMP77_AMP207,Experiment 2,published,source_workbook_A_experiments_1_2.xlsx,44,3,RTx2536,sorghum,E2_RTx2536_AMP77_AMP207_P06,6,mixture,AMP77,AMP207,1:1,100000,50000,E2_RTx2536_AMP77_AMP207|AMP77+AMP207|100000,3,3,123
E2_RTx2536_AMP77_AMP207,Experiment 2,published,source_workbook_A_experiments_1_2.xlsx,44,4,RTx2536,sorghum,E2_RTx2536_AMP77_AMP207_P06,6,mixture,AMP77,AMP207,1:1,10000,5000,E2_RTx2536_AMP77_AMP207|AMP77+AMP207|10000,1,1,111
E2_RTx2536_AMP77_AMP207,Experiment 2,published,source_workbook_A_experiments_1_2.xlsx,44,4,RTx2536,sorghum,E2_RTx2536_AMP77_AMP207_P06,6,mixture,AMP77,AMP207,1:1,10000,5000,E2_RTx2536_AMP77_AMP207|AMP77+AMP207|10000,2,1,111
E2_RTx2536_AMP77_AMP207,Experiment 2,published,source_workbook_A_experiments_1_2.xlsx,44,4,RTx2536,sorghum,E2_RTx2536_AMP77_AMP207_P06,6,mixture,AMP77,AMP207,1:1,10000,5000,E2_RTx2536_AMP77_AMP207|AMP77+AMP207|10000,3,1,111
E3_BTx398_AMP99_AMP170,Experiment 3,published,source_workbook_B_experiment_3_historical_block_1.xlsx,3,2,BTx398,sorghum,E3_BTx398_AMP99_AMP170_P01,1,single,AMP99,,,1000000,1000000,E3_BTx398_AMP99_AMP170|AMP99|1000000,1,5,525
E3_BTx398_AMP99_AMP170,Experiment 3,published,source_workbook_B_experiment_3_historical_block_1.xlsx,3,2,BTx398,sorghum,E3_BTx398_AMP99_AMP170_P01,1,single,AMP99,,,1000000,1000000,E3_BTx398_AMP99_AMP170|AMP99|1000000,2,2,525
E3_BTx398_AMP99_AMP170,Experiment 3,published,source_workbook_B_experiment_3_historical_block_1.xlsx,3,2,BTx398,sorghum,E3_BTx398_AMP99_AMP170_P01,1,single,AMP99,,,1000000,1000000,E3_BTx398_AMP99_AMP170|AMP99|1000000,3,5,525
E3_BTx398_AMP99_AMP170,Experiment 3,published,source_workbook_B_experiment_3_historical_block_1.xlsx,3,3,BTx398,sorghum,E3_BTx398_AMP99_AMP170_P01,1,single,AMP99,,,500000,500000,E3_BTx398_AMP99_AMP170|AMP99|500000,1,5,555
E3_BTx398_AMP99_AMP170,Experiment 3,published,source_workbook_B_experiment_3_historical_block_1.xlsx,3,3,BTx398,sorghum,E3_BTx398_AMP99_AMP170_P01,1,single,AMP99,,,500000,500000,E3_BTx398_AMP99_AMP170|AMP99|500000,2,5,555
E3_BTx398_AMP99_AMP170,Experiment 3,published,source_workbook_B_experiment_3_historical_block_1.xlsx,3,3,BTx398,sorghum,E3_BTx398_AMP99_AMP170_P01,1,single,AMP99,,,500000,500000,E3_BTx398_AMP99_AMP170|AMP99|500000,3,5,555
E3_BTx398_AMP99_AMP170,Experiment 3,published,source_workbook_B_experiment_3_historical_block_1.xlsx,3,4,BTx398,sorghum,E3_BTx398_AMP99_AMP170_P01,1,single,AMP99,,,100000,100000,E3_BTx398_AMP99_AMP170|AMP99|100000,1,5,555
E3_BTx398_AMP99_AMP170,Experiment 3,published,source_workbook_B_experiment_3_historical_block_1.xlsx,3,4,BTx398,sorghum,E3_BTx398_AMP99_AMP170_P01,1,single,AMP99,,,100000,100000,E3_BTx398_AMP99_AMP170|AMP99|100000,2,5,555
E3_BTx398_AMP99_AMP170,Experiment 3,published,source_workbook_B_experiment_3_historical_block_1.xlsx,3,4,BTx398,sorghum,E3_BTx398_AMP99_AMP170_P01,1,single,AMP99,,,100000,100000,E3_BTx398_AMP99_AMP170|AMP99|100000,3,5,555
E3_BTx398_AMP99_AMP170,Experiment 3,published,source_workbook_B_experiment_3_historical_block_1.xlsx,3,5,BTx398,sorghum,E3_BTx398_AMP99_AMP170_P01,1,single,AMP99,,,50000,50000,E3_BTx398_AMP99_AMP170|AMP99|50000,1,5,544
E3_BTx398_AMP99_AMP170,Experiment 3,published,source_workbook_B_experiment_3_historical_block_1.xlsx,3,5,BTx398,sorghum,E3_BTx398_AMP99_AMP170_P01,1,single,AMP99,,,50000,50000,E3_BTx398_AMP99_AMP170|AMP99|50000,2,4,544
E3_BTx398_AMP99_AMP170,Experiment 3,published,source_workbook_B_experiment_3_historical_block_1.xlsx,3,5,BTx398,sorghum,E3_BTx398_AMP99_AMP170_P01,1,single,AMP99,,,50000,50000,E3_BTx398_AMP99_AMP170|AMP99|50000,3,4,544
E3_BTx398_AMP99_AMP170,Experiment 3,published,source_workbook_B_experiment_3_historical_block_1.xlsx,3,6,BTx398,sorghum,E3_BTx398_AMP99_AMP170_P01,1,single,AMP99,,,10000,10000,E3_BTx398_AMP99_AMP170|AMP99|10000,1,4,411
E3_BTx398_AMP99_AMP170,Experiment 3,published,source_workbook_B_experiment_3_historical_block_1.xlsx,3,6,BTx398,sorghum,E3_BTx398_AMP99_AMP170_P01,1,single,AMP99,,,10000,10000,E3_BTx398_AMP99_AMP170|AMP99|10000,2,1,411
E3_BTx398_AMP99_AMP170,Experiment 3,published,source_workbook_B_experiment_3_historical_block_1.xlsx,3,6,BTx398,sorghum,E3_BTx398_AMP99_AMP170_P01,1,single,AMP99,,,10000,10000,E3_BTx398_AMP99_AMP170|AMP99|10000,3,1,411
E3_BTx398_AMP99_AMP170,Experiment 3,published,source_workbook_B_experiment_3_historical_block_1.xlsx,3,7,BTx398,sorghum,E3_BTx398_AMP99_AMP170_P01,1,single,AMP99,,,5000,5000,E3_BTx398_AMP99_AMP170|AMP99|5000,1,1,151
E3_BTx398_AMP99_AMP170,Experiment 3,published,source_workbook_B_experiment_3_historical_block_1.xlsx,3,7,BTx398,sorghum,E3_BTx398_AMP99_AMP170_P01,1,single,AMP99,,,5000,5000,E3_BTx398_AMP99_AMP170|AMP99|5000,2,5,151
E3_BTx398_AMP99_AMP170,Experiment 3,published,source_workbook_B_experiment_3_historical_block_1.xlsx,3,7,BTx398,sorghum,E3_BTx398_AMP99_AMP170_P01,1,single,AMP99,,,5000,5000,E3_BTx398_AMP99_AMP170|AMP99|5000,3,1,151
E3_BTx398_AMP99_AMP170,Experiment 3,published,source_workbook_B_experiment_3_historical_block_1.xlsx,4,2,BTx398,sorghum,E3_BTx398_AMP99_AMP170_P02,2,single,AMP99,,,1000000,1000000,E3_BTx398_AMP99_AMP170|AMP99|1000000,1,5,555
E3_BTx398_AMP99_AMP170,Experiment 3,published,source_workbook_B_experiment_3_historical_block_1.xlsx,4,2,BTx398,sorghum,E3_BTx398_AMP99_AMP170_P02,2,single,AMP99,,,1000000,1000000,E3_BTx398_AMP99_AMP170|AMP99|1000000,2,5,555
E3_BTx398_AMP99_AMP170,Experiment 3,published,source_workbook_B_experiment_3_historical_block_1.xlsx,4,2,BTx398,sorghum,E3_BTx398_AMP99_AMP170_P02,2,single,AMP99,,,1000000,1000000,E3_BTx398_AMP99_AMP170|AMP99|1000000,3,5,555
E3_BTx398_AMP99_AMP170,Experiment 3,published,source_workbook_B_experiment_3_historical_block_1.xlsx,4,3,BTx398,sorghum,E3_BTx398_AMP99_AMP170_P02,2,single,AMP99,,,500000,500000,E3_BTx398_AMP99_AMP170|AMP99|500000,1,5,555
E3_BTx398_AMP99_AMP170,Experiment 3,published,source_workbook_B_experiment_3_historical_block_1.xlsx,4,3,BTx398,sorghum,E3_BTx398_AMP99_AMP170_P02,2,single,AMP99,,,500000,500000,E3_BTx398_AMP99_AMP170|AMP99|500000,2,5,555
E3_BTx398_AMP99_AMP170,Experiment 3,published,source_workbook_B_experiment_3_historical_block_1.xlsx,4,3,BTx398,sorghum,E3_BTx398_AMP99_AMP170_P02,2,single,AMP99,,,500000,500000,E3_BTx398_AMP99_AMP170|AMP99|500000,3,5,555
E3_BTx398_AMP99_AMP170,Experiment 3,published,source_workbook_B_experiment_3_historical_block_1.xlsx,4,4,BTx398,sorghum,E3_BTx398_AMP99_AMP170_P02,2,single,AMP99,,,100000,100000,E3_BTx398_AMP99_AMP170|AMP99|100000,1,5,555
E3_BTx398_AMP99_AMP170,Experiment 3,published,source_workbook_B_experiment_3_historical_block_1.xlsx,4,4,BTx398,sorghum,E3_BTx398_AMP99_AMP170_P02,2,single,AMP99,,,100000,100000,E3_BTx398_AMP99_AMP170|AMP99|100000,2,5,555
E3_BTx398_AMP99_AMP170,Experiment 3,published,source_workbook_B_experiment_3_historical_block_1.xlsx,4,4,BTx398,sorghum,E3_BTx398_AMP99_AMP170_P02,2,single,AMP99,,,100000,100000,E3_BTx398_AMP99_AMP170|AMP99|100000,3,5,555
E3_BTx398_AMP99_AMP170,Experiment 3,published,source_workbook_B_experiment_3_historical_block_1.xlsx,4,5,BTx398,sorghum,E3_BTx398_AMP99_AMP170_P02,2,single,AMP99,,,50000,50000,E3_BTx398_AMP99_AMP170|AMP99|50000,1,5,515
E3_BTx398_AMP99_AMP170,Experiment 3,published,source_workbook_B_experiment_3_historical_block_1.xlsx,4,5,BTx398,sorghum,E3_BTx398_AMP99_AMP170_P02,2,single,AMP99,,,50000,50000,E3_BTx398_AMP99_AMP170|AMP99|50000,2,1,515
E3_BTx398_AMP99_AMP170,Experiment 3,published,source_workbook_B_experiment_3_historical_block_1.xlsx,4,5,BTx398,sorghum,E3_BTx398_AMP99_AMP170_P02,2,single,AMP99,,,50000,50000,E3_BTx398_AMP99_AMP170|AMP99|50000,3,5,515
E3_BTx398_AMP99_AMP170,Experiment 3,published,source_workbook_B_experiment_3_historical_block_1.xlsx,4,6,BTx398,sorghum,E3_BTx398_AMP99_AMP170_P02,2,single,AMP99,,,10000,10000,E3_BTx398_AMP99_AMP170|AMP99|10000,1,1,111
E3_BTx398_AMP99_AMP170,Experiment 3,published,source_workbook_B_experiment_3_historical_block_1.xlsx,4,6,BTx398,sorghum,E3_BTx398_AMP99_AMP170_P02,2,single,AMP99,,,10000,10000,E3_BTx398_AMP99_AMP170|AMP99|10000,2,1,111
E3_BTx398_AMP99_AMP170,Experiment 3,published,source_workbook_B_experiment_3_historical_block_1.xlsx,4,6,BTx398,sorghum,E3_BTx398_AMP99_AMP170_P02,2,single,AMP99,,,10000,10000,E3_BTx398_AMP99_AMP170|AMP99|10000,3,1,111
E3_BTx398_AMP99_AMP170,Experiment 3,published,source_workbook_B_experiment_3_historical_block_1.xlsx,4,7,BTx398,sorghum,E3_BTx398_AMP99_AMP170_P02,2,single,AMP99,,,5000,5000,E3_BTx398_AMP99_AMP170|AMP99|5000,1,1,115
E3_BTx398_AMP99_AMP170,Experiment 3,published,source_workbook_B_experiment_3_historical_block_1.xlsx,4,7,BTx398,sorghum,E3_BTx398_AMP99_AMP170_P02,2,single,AMP99,,,5000,5000,E3_BTx398_AMP99_AMP170|AMP99|5000,2,1,115
E3_BTx398_AMP99_AMP170,Experiment 3,published,source_workbook_B_experiment_3_historical_block_1.xlsx,4,7,BTx398,sorghum,E3_BTx398_AMP99_AMP170_P02,2,single,AMP99,,,5000,5000,E3_BTx398_AMP99_AMP170|AMP99|5000,3,5,115
E3_BTx398_AMP99_AMP170,Experiment 3,published,source_workbook_B_experiment_3_historical_block_1.xlsx,5,2,BTx398,sorghum,E3_BTx398_AMP99_AMP170_P03,3,single,AMP99,,,1000000,1000000,E3_BTx398_AMP99_AMP170|AMP99|1000000,1,3,312
E3_BTx398_AMP99_AMP170,Experiment 3,published,source_workbook_B_experiment_3_historical_block_1.xlsx,5,2,BTx398,sorghum,E3_BTx398_AMP99_AMP170_P03,3,single,AMP99,,,1000000,1000000,E3_BTx398_AMP99_AMP170|AMP99|1000000,2,1,312
E3_BTx398_AMP99_AMP170,Experiment 3,published,source_workbook_B_experiment_3_historical_block_1.xlsx,5,2,BTx398,sorghum,E3_BTx398_AMP99_AMP170_P03,3,single,AMP99,,,1000000,1000000,E3_BTx398_AMP99_AMP170|AMP99|1000000,3,2,312
E3_BTx398_AMP99_AMP170,Experiment 3,published,source_workbook_B_experiment_3_historical_block_1.xlsx,5,3,BTx398,sorghum,E3_BTx398_AMP99_AMP170_P03,3,single,AMP99,,,500000,500000,E3_BTx398_AMP99_AMP170|AMP99|500000,1,5,555
E3_BTx398_AMP99_AMP170,Experiment 3,published,source_workbook_B_experiment_3_historical_block_1.xlsx,5,3,BTx398,sorghum,E3_BTx398_AMP99_AMP170_P03,3,single,AMP99,,,500000,500000,E3_BTx398_AMP99_AMP170|AMP99|500000,2,5,555
E3_BTx398_AMP99_AMP170,Experiment 3,published,source_workbook_B_experiment_3_historical_block_1.xlsx,5,3,BTx398,sorghum,E3_BTx398_AMP99_AMP170_P03,3,single,AMP99,,,500000,500000,E3_BTx398_AMP99_AMP170|AMP99|500000,3,5,555
E3_BTx398_AMP99_AMP170,Experiment 3,published,source_workbook_B_experiment_3_historical_block_1.xlsx,5,4,BTx398,sorghum,E3_BTx398_AMP99_AMP170_P03,3,single,AMP99,,,100000,100000,E3_BTx398_AMP99_AMP170|AMP99|100000,1,2,251
E3_BTx398_AMP99_AMP170,Experiment 3,published,source_workbook_B_experiment_3_historical_block_1.xlsx,5,4,BTx398,sorghum,E3_BTx398_AMP99_AMP170_P03,3,single,AMP99,,,100000,100000,E3_BTx398_AMP99_AMP170|AMP99|100000,2,5,251
E3_BTx398_AMP99_AMP170,Experiment 3,published,source_workbook_B_experiment_3_historical_block_1.xlsx,5,4,BTx398,sorghum,E3_BTx398_AMP99_AMP170_P03,3,single,AMP99,,,100000,100000,E3_BTx398_AMP99_AMP170|AMP99|100000,3,1,251
E3_BTx398_AMP99_AMP170,Experiment 3,published,source_workbook_B_experiment_3_historical_block_1.xlsx,5,5,BTx398,sorghum,E3_BTx398_AMP99_AMP170_P03,3,single,AMP99,,,50000,50000,E3_BTx398_AMP99_AMP170|AMP99|50000,1,5,555
E3_BTx398_AMP99_AMP170,Experiment 3,published,source_workbook_B_experiment_3_historical_block_1.xlsx,5,5,BTx398,sorghum,E3_BTx398_AMP99_AMP170_P03,3,single,AMP99,,,50000,50000,E3_BTx398_AMP99_AMP170|AMP99|50000,2,5,555
E3_BTx398_AMP99_AMP170,Experiment 3,published,source_workbook_B_experiment_3_historical_block_1.xlsx,5,5,BTx398,sorghum,E3_BTx398_AMP99_AMP170_P03,3,single,AMP99,,,50000,50000,E3_BTx398_AMP99_AMP170|AMP99|50000,3,5,555
E3_BTx398_AMP99_AMP170,Experiment 3,published,source_workbook_B_experiment_3_historical_block_1.xlsx,5,6,BTx398,sorghum,E3_BTx398_AMP99_AMP170_P03,3,single,AMP99,,,10000,10000,E3_BTx398_AMP99_AMP170|AMP99|10000,1,1,112
E3_BTx398_AMP99_AMP170,Experiment 3,published,source_workbook_B_experiment_3_historical_block_1.xlsx,5,6,BTx398,sorghum,E3_BTx398_AMP99_AMP170_P03,3,single,AMP99,,,10000,10000,E3_BTx398_AMP99_AMP170|AMP99|10000,2,1,112
E3_BTx398_AMP99_AMP170,Experiment 3,published,source_workbook_B_experiment_3_historical_block_1.xlsx,5,6,BTx398,sorghum,E3_BTx398_AMP99_AMP170_P03,3,single,AMP99,,,10000,10000,E3_BTx398_AMP99_AMP170|AMP99|10000,3,2,112
E3_BTx398_AMP99_AMP170,Experiment 3,published,source_workbook_B_experiment_3_historical_block_1.xlsx,5,7,BTx398,sorghum,E3_BTx398_AMP99_AMP170_P03,3,single,AMP99,,,5000,5000,E3_BTx398_AMP99_AMP170|AMP99|5000,1,1,155
E3_BTx398_AMP99_AMP170,Experiment 3,published,source_workbook_B_experiment_3_historical_block_1.xlsx,5,7,BTx398,sorghum,E3_BTx398_AMP99_AMP170_P03,3,single,AMP99,,,5000,5000,E3_BTx398_AMP99_AMP170|AMP99|5000,2,5,155
E3_BTx398_AMP99_AMP170,Experiment 3,published,source_workbook_B_experiment_3_historical_block_1.xlsx,5,7,BTx398,sorghum,E3_BTx398_AMP99_AMP170_P03,3,single,AMP99,,,5000,5000,E3_BTx398_AMP99_AMP170|AMP99|5000,3,5,155
E3_BTx398_AMP99_AMP170,Experiment 3,published,source_workbook_B_experiment_3_historical_block_1.xlsx,6,2,BTx398,sorghum,E3_BTx398_AMP99_AMP170_P04,4,single,AMP99,,,1000000,1000000,E3_BTx398_AMP99_AMP170|AMP99|1000000,1,5,542
E3_BTx398_AMP99_AMP170,Experiment 3,published,source_workbook_B_experiment_3_historical_block_1.xlsx,6,2,BTx398,sorghum,E3_BTx398_AMP99_AMP170_P04,4,single,AMP99,,,1000000,1000000,E3_BTx398_AMP99_AMP170|AMP99|1000000,2,4,542
E3_BTx398_AMP99_AMP170,Experiment 3,published,source_workbook_B_experiment_3_historical_block_1.xlsx,6,2,BTx398,sorghum,E3_BTx398_AMP99_AMP170_P04,4,single,AMP99,,,1000000,1000000,E3_BTx398_AMP99_AMP170|AMP99|1000000,3,2,542
E3_BTx398_AMP99_AMP170,Experiment 3,published,source_workbook_B_experiment_3_historical_block_1.xlsx,6,3,BTx398,sorghum,E3_BTx398_AMP99_AMP170_P04,4,single,AMP99,,,500000,500000,E3_BTx398_AMP99_AMP170|AMP99|500000,1,5,553
E3_BTx398_AMP99_AMP170,Experiment 3,published,source_workbook_B_experiment_3_historical_block_1.xlsx,6,3,BTx398,sorghum,E3_BTx398_AMP99_AMP170_P04,4,single,AMP99,,,500000,500000,E3_BTx398_AMP99_AMP170|AMP99|500000,2,5,553
E3_BTx398_AMP99_AMP170,Experiment 3,published,source_workbook_B_experiment_3_historical_block_1.xlsx,6,3,BTx398,sorghum,E3_BTx398_AMP99_AMP170_P04,4,single,AMP99,,,500000,500000,E3_BTx398_AMP99_AMP170|AMP99|500000,3,3,553
E3_BTx398_AMP99_AMP170,Experiment 3,published,source_workbook_B_experiment_3_historical_block_1.xlsx,6,4,BTx398,sorghum,E3_BTx398_AMP99_AMP170_P04,4,single,AMP99,,,100000,100000,E3_BTx398_AMP99_AMP170|AMP99|100000,1,5,555
E3_BTx398_AMP99_AMP170,Experiment 3,published,source_workbook_B_experiment_3_historical_block_1.xlsx,6,4,BTx398,sorghum,E3_BTx398_AMP99_AMP170_P04,4,single,AMP99,,,100000,100000,E3_BTx398_AMP99_AMP170|AMP99|100000,2,5,555
E3_BTx398_AMP99_AMP170,Experiment 3,published,source_workbook_B_experiment_3_historical_block_1.xlsx,6,4,BTx398,sorghum,E3_BTx398_AMP99_AMP170_P04,4,single,AMP99,,,100000,100000,E3_BTx398_AMP99_AMP170|AMP99|100000,3,5,555
E3_BTx398_AMP99_AMP170,Experiment 3,published,source_workbook_B_experiment_3_historical_block_1.xlsx,6,5,BTx398,sorghum,E3_BTx398_AMP99_AMP170_P04,4,single,AMP99,,,50000,50000,E3_BTx398_AMP99_AMP170|AMP99|50000,1,5,553
E3_BTx398_AMP99_AMP170,Experiment 3,published,source_workbook_B_experiment_3_historical_block_1.xlsx,6,5,BTx398,sorghum,E3_BTx398_AMP99_AMP170_P04,4,single,AMP99,,,50000,50000,E3_BTx398_AMP99_AMP170|AMP99|50000,2,5,553
E3_BTx398_AMP99_AMP170,Experiment 3,published,source_workbook_B_experiment_3_historical_block_1.xlsx,6,5,BTx398,sorghum,E3_BTx398_AMP99_AMP170_P04,4,single,AMP99,,,50000,50000,E3_BTx398_AMP99_AMP170|AMP99|50000,3,3,553
E3_BTx398_AMP99_AMP170,Experiment 3,published,source_workbook_B_experiment_3_historical_block_1.xlsx,6,6,BTx398,sorghum,E3_BTx398_AMP99_AMP170_P04,4,single,AMP99,,,10000,10000,E3_BTx398_AMP99_AMP170|AMP99|10000,1,1,111
E3_BTx398_AMP99_AMP170,Experiment 3,published,source_workbook_B_experiment_3_historical_block_1.xlsx,6,6,BTx398,sorghum,E3_BTx398_AMP99_AMP170_P04,4,single,AMP99,,,10000,10000,E3_BTx398_AMP99_AMP170|AMP99|10000,2,1,111
E3_BTx398_AMP99_AMP170,Experiment 3,published,source_workbook_B_experiment_3_historical_block_1.xlsx,6,6,BTx398,sorghum,E3_BTx398_AMP99_AMP170_P04,4,single,AMP99,,,10000,10000,E3_BTx398_AMP99_AMP170|AMP99|10000,3,1,111
E3_BTx398_AMP99_AMP170,Experiment 3,published,source_workbook_B_experiment_3_historical_block_1.xlsx,6,7,BTx398,sorghum,E3_BTx398_AMP99_AMP170_P04,4,single,AMP99,,,5000,5000,E3_BTx398_AMP99_AMP170|AMP99|5000,1,1,151
E3_BTx398_AMP99_AMP170,Experiment 3,published,source_workbook_B_experiment_3_historical_block_1.xlsx,6,7,BTx398,sorghum,E3_BTx398_AMP99_AMP170_P04,4,single,AMP99,,,5000,5000,E3_BTx398_AMP99_AMP170|AMP99|5000,2,5,151
E3_BTx398_AMP99_AMP170,Experiment 3,published,source_workbook_B_experiment_3_historical_block_1.xlsx,6,7,BTx398,sorghum,E3_BTx398_AMP99_AMP170_P04,4,single,AMP99,,,5000,5000,E3_BTx398_AMP99_AMP170|AMP99|5000,3,1,151
E3_BTx398_AMP99_AMP170,Experiment 3,published,source_workbook_B_experiment_3_historical_block_1.xlsx,7,2,BTx398,sorghum,E3_BTx398_AMP99_AMP170_P05,5,single,AMP99,,,1000000,1000000,E3_BTx398_AMP99_AMP170|AMP99|1000000,1,4,411
E3_BTx398_AMP99_AMP170,Experiment 3,published,source_workbook_B_experiment_3_historical_block_1.xlsx,7,2,BTx398,sorghum,E3_BTx398_AMP99_AMP170_P05,5,single,AMP99,,,1000000,1000000,E3_BTx398_AMP99_AMP170|AMP99|1000000,2,1,411
E3_BTx398_AMP99_AMP170,Experiment 3,published,source_workbook_B_experiment_3_historical_block_1.xlsx,7,2,BTx398,sorghum,E3_BTx398_AMP99_AMP170_P05,5,single,AMP99,,,1000000,1000000,E3_BTx398_AMP99_AMP170|AMP99|1000000,3,1,411
E3_BTx398_AMP99_AMP170,Experiment 3,published,source_workbook_B_experiment_3_historical_block_1.xlsx,7,3,BTx398,sorghum,E3_BTx398_AMP99_AMP170_P05,5,single,AMP99,,,500000,500000,E3_BTx398_AMP99_AMP170|AMP99|500000,1,5,554
E3_BTx398_AMP99_AMP170,Experiment 3,published,source_workbook_B_experiment_3_historical_block_1.xlsx,7,3,BTx398,sorghum,E3_BTx398_AMP99_AMP170_P05,5,single,AMP99,,,500000,500000,E3_BTx398_AMP99_AMP170|AMP99|500000,2,5,554
E3_BTx398_AMP99_AMP170,Experiment 3,published,source_workbook_B_experiment_3_historical_block_1.xlsx,7,3,BTx398,sorghum,E3_BTx398_AMP99_AMP170_P05,5,single,AMP99,,,500000,500000,E3_BTx398_AMP99_AMP170|AMP99|500000,3,4,554
E3_BTx398_AMP99_AMP170,Experiment 3,published,source_workbook_B_experiment_3_historical_block_1.xlsx,7,4,BTx398,sorghum,E3_BTx398_AMP99_AMP170_P05,5,single,AMP99,,,100000,100000,E3_BTx398_AMP99_AMP170|AMP99|100000,1,5,555
E3_BTx398_AMP99_AMP170,Experiment 3,published,source_workbook_B_experiment_3_historical_block_1.xlsx,7,4,BTx398,sorghum,E3_BTx398_AMP99_AMP170_P05,5,single,AMP99,,,100000,100000,E3_BTx398_AMP99_AMP170|AMP99|100000,2,5,555
E3_BTx398_AMP99_AMP170,Experiment 3,published,source_workbook_B_experiment_3_historical_block_1.xlsx,7,4,BTx398,sorghum,E3_BTx398_AMP99_AMP170_P05,5,single,AMP99,,,100000,100000,E3_BTx398_AMP99_AMP170|AMP99|100000,3,5,555
E3_BTx398_AMP99_AMP170,Experiment 3,published,source_workbook_B_experiment_3_historical_block_1.xlsx,7,5,BTx398,sorghum,E3_BTx398_AMP99_AMP170_P05,5,single,AMP99,,,50000,50000,E3_BTx398_AMP99_AMP170|AMP99|50000,1,5,554
E3_BTx398_AMP99_AMP170,Experiment 3,published,source_workbook_B_experiment_3_historical_block_1.xlsx,7,5,BTx398,sorghum,E3_BTx398_AMP99_AMP170_P05,5,single,AMP99,,,50000,50000,E3_BTx398_AMP99_AMP170|AMP99|50000,2,5,554
E3_BTx398_AMP99_AMP170,Experiment 3,published,source_workbook_B_experiment_3_historical_block_1.xlsx,7,5,BTx398,sorghum,E3_BTx398_AMP99_AMP170_P05,5,single,AMP99,,,50000,50000,E3_BTx398_AMP99_AMP170|AMP99|50000,3,4,554
E3_BTx398_AMP99_AMP170,Experiment 3,published,source_workbook_B_experiment_3_historical_block_1.xlsx,7,6,BTx398,sorghum,E3_BTx398_AMP99_AMP170_P05,5,single,AMP99,,,10000,10000,E3_BTx398_AMP99_AMP170|AMP99|10000,1,4,441
E3_BTx398_AMP99_AMP170,Experiment 3,published,source_workbook_B_experiment_3_historical_block_1.xlsx,7,6,BTx398,sorghum,E3_BTx398_AMP99_AMP170_P05,5,single,AMP99,,,10000,10000,E3_BTx398_AMP99_AMP170|AMP99|10000,2,4,441
E3_BTx398_AMP99_AMP170,Experiment 3,published,source_workbook_B_experiment_3_historical_block_1.xlsx,7,6,BTx398,sorghum,E3_BTx398_AMP99_AMP170_P05,5,single,AMP99,,,10000,10000,E3_BTx398_AMP99_AMP170|AMP99|10000,3,1,441
E3_BTx398_AMP99_AMP170,Experiment 3,published,source_workbook_B_experiment_3_historical_block_1.xlsx,7,7,BTx398,sorghum,E3_BTx398_AMP99_AMP170_P05,5,single,AMP99,,,5000,5000,E3_BTx398_AMP99_AMP170|AMP99|5000,1,5,545
E3_BTx398_AMP99_AMP170,Experiment 3,published,source_workbook_B_experiment_3_historical_block_1.xlsx,7,7,BTx398,sorghum,E3_BTx398_AMP99_AMP170_P05,5,single,AMP99,,,5000,5000,E3_BTx398_AMP99_AMP170|AMP99|5000,2,4,545
E3_BTx398_AMP99_AMP170,Experiment 3,published,source_workbook_B_experiment_3_historical_block_1.xlsx,7,7,BTx398,sorghum,E3_BTx398_AMP99_AMP170_P05,5,single,AMP99,,,5000,5000,E3_BTx398_AMP99_AMP170|AMP99|5000,3,5,545
E3_BTx398_AMP99_AMP170,Experiment 3,published,source_workbook_B_experiment_3_historical_block_1.xlsx,8,2,BTx398,sorghum,E3_BTx398_AMP99_AMP170_P06,6,single,AMP99,,,1000000,1000000,E3_BTx398_AMP99_AMP170|AMP99|1000000,1,5,511
E3_BTx398_AMP99_AMP170,Experiment 3,published,source_workbook_B_experiment_3_historical_block_1.xlsx,8,2,BTx398,sorghum,E3_BTx398_AMP99_AMP170_P06,6,single,AMP99,,,1000000,1000000,E3_BTx398_AMP99_AMP170|AMP99|1000000,2,1,511
E3_BTx398_AMP99_AMP170,Experiment 3,published,source_workbook_B_experiment_3_historical_block_1.xlsx,8,2,BTx398,sorghum,E3_BTx398_AMP99_AMP170_P06,6,single,AMP99,,,1000000,1000000,E3_BTx398_AMP99_AMP170|AMP99|1000000,3,1,511
E3_BTx398_AMP99_AMP170,Experiment 3,published,source_workbook_B_experiment_3_historical_block_1.xlsx,8,3,BTx398,sorghum,E3_BTx398_AMP99_AMP170_P06,6,single,AMP99,,,500000,500000,E3_BTx398_AMP99_AMP170|AMP99|500000,1,5,555
E3_BTx398_AMP99_AMP170,Experiment 3,published,source_workbook_B_experiment_3_historical_block_1.xlsx,8,3,BTx398,sorghum,E3_BTx398_AMP99_AMP170_P06,6,single,AMP99,,,500000,500000,E3_BTx398_AMP99_AMP170|AMP99|500000,2,5,555
E3_BTx398_AMP99_AMP170,Experiment 3,published,source_workbook_B_experiment_3_historical_block_1.xlsx,8,3,BTx398,sorghum,E3_BTx398_AMP99_AMP170_P06,6,single,AMP99,,,500000,500000,E3_BTx398_AMP99_AMP170|AMP99|500000,3,5,555
E3_BTx398_AMP99_AMP170,Experiment 3,published,source_workbook_B_experiment_3_historical_block_1.xlsx,8,4,BTx398,sorghum,E3_BTx398_AMP99_AMP170_P06,6,single,AMP99,,,100000,100000,E3_BTx398_AMP99_AMP170|AMP99|100000,1,5,555
E3_BTx398_AMP99_AMP170,Experiment 3,published,source_workbook_B_experiment_3_historical_block_1.xlsx,8,4,BTx398,sorghum,E3_BTx398_AMP99_AMP170_P06,6,single,AMP99,,,100000,100000,E3_BTx398_AMP99_AMP170|AMP99|100000,2,5,555
E3_BTx398_AMP99_AMP170,Experiment 3,published,source_workbook_B_experiment_3_historical_block_1.xlsx,8,4,BTx398,sorghum,E3_BTx398_AMP99_AMP170_P06,6,single,AMP99,,,100000,100000,E3_BTx398_AMP99_AMP170|AMP99|100000,3,5,555
E3_BTx398_AMP99_AMP170,Experiment 3,published,source_workbook_B_experiment_3_historical_block_1.xlsx,8,5,BTx398,sorghum,E3_BTx398_AMP99_AMP170_P06,6,single,AMP99,,,50000,50000,E3_BTx398_AMP99_AMP170|AMP99|50000,1,5,554
E3_BTx398_AMP99_AMP170,Experiment 3,published,source_workbook_B_experiment_3_historical_block_1.xlsx,8,5,BTx398,sorghum,E3_BTx398_AMP99_AMP170_P06,6,single,AMP99,,,50000,50000,E3_BTx398_AMP99_AMP170|AMP99|50000,2,5,554
E3_BTx398_AMP99_AMP170,Experiment 3,published,source_workbook_B_experiment_3_historical_block_1.xlsx,8,5,BTx398,sorghum,E3_BTx398_AMP99_AMP170_P06,6,single,AMP99,,,50000,50000,E3_BTx398_AMP99_AMP170|AMP99|50000,3,4,554
E3_BTx398_AMP99_AMP170,Experiment 3,published,source_workbook_B_experiment_3_historical_block_1.xlsx,8,6,BTx398,sorghum,E3_BTx398_AMP99_AMP170_P06,6,single,AMP99,,,10000,10000,E3_BTx398_AMP99_AMP170|AMP99|10000,1,1,111
E3_BTx398_AMP99_AMP170,Experiment 3,published,source_workbook_B_experiment_3_historical_block_1.xlsx,8,6,BTx398,sorghum,E3_BTx398_AMP99_AMP170_P06,6,single,AMP99,,,10000,10000,E3_BTx398_AMP99_AMP170|AMP99|10000,2,1,111
E3_BTx398_AMP99_AMP170,Experiment 3,published,source_workbook_B_experiment_3_historical_block_1.xlsx,8,6,BTx398,sorghum,E3_BTx398_AMP99_AMP170_P06,6,single,AMP99,,,10000,10000,E3_BTx398_AMP99_AMP170|AMP99|10000,3,1,111
E3_BTx398_AMP99_AMP170,Experiment 3,published,source_workbook_B_experiment_3_historical_block_1.xlsx,8,7,BTx398,sorghum,E3_BTx398_AMP99_AMP170_P06,6,single,AMP99,,,5000,5000,E3_BTx398_AMP99_AMP170|AMP99|5000,1,5,545
E3_BTx398_AMP99_AMP170,Experiment 3,published,source_workbook_B_experiment_3_historical_block_1.xlsx,8,7,BTx398,sorghum,E3_BTx398_AMP99_AMP170_P06,6,single,AMP99,,,5000,5000,E3_BTx398_AMP99_AMP170|AMP99|5000,2,4,545
E3_BTx398_AMP99_AMP170,Experiment 3,published,source_workbook_B_experiment_3_historical_block_1.xlsx,8,7,BTx398,sorghum,E3_BTx398_AMP99_AMP170_P06,6,single,AMP99,,,5000,5000,E3_BTx398_AMP99_AMP170|AMP99|5000,3,5,545
E3_BTx398_AMP99_AMP170,Experiment 3,published,source_workbook_B_experiment_3_historical_block_1.xlsx,9,2,BTx398,sorghum,E3_BTx398_AMP99_AMP170_P07,7,single,AMP99,,,1000000,1000000,E3_BTx398_AMP99_AMP170|AMP99|1000000,1,5,552
E3_BTx398_AMP99_AMP170,Experiment 3,published,source_workbook_B_experiment_3_historical_block_1.xlsx,9,2,BTx398,sorghum,E3_BTx398_AMP99_AMP170_P07,7,single,AMP99,,,1000000,1000000,E3_BTx398_AMP99_AMP170|AMP99|1000000,2,5,552
E3_BTx398_AMP99_AMP170,Experiment 3,published,source_workbook_B_experiment_3_historical_block_1.xlsx,9,2,BTx398,sorghum,E3_BTx398_AMP99_AMP170_P07,7,single,AMP99,,,1000000,1000000,E3_BTx398_AMP99_AMP170|AMP99|1000000,3,2,552
E3_BTx398_AMP99_AMP170,Experiment 3,published,source_workbook_B_experiment_3_historical_block_1.xlsx,9,3,BTx398,sorghum,E3_BTx398_AMP99_AMP170_P07,7,single,AMP99,,,500000,500000,E3_BTx398_AMP99_AMP170|AMP99|500000,1,5,555
E3_BTx398_AMP99_AMP170,Experiment 3,published,source_workbook_B_experiment_3_historical_block_1.xlsx,9,3,BTx398,sorghum,E3_BTx398_AMP99_AMP170_P07,7,single,AMP99,,,500000,500000,E3_BTx398_AMP99_AMP170|AMP99|500000,2,5,555
E3_BTx398_AMP99_AMP170,Experiment 3,published,source_workbook_B_experiment_3_historical_block_1.xlsx,9,3,BTx398,sorghum,E3_BTx398_AMP99_AMP170_P07,7,single,AMP99,,,500000,500000,E3_BTx398_AMP99_AMP170|AMP99|500000,3,5,555
E3_BTx398_AMP99_AMP170,Experiment 3,published,source_workbook_B_experiment_3_historical_block_1.xlsx,9,4,BTx398,sorghum,E3_BTx398_AMP99_AMP170_P07,7,single,AMP99,,,100000,100000,E3_BTx398_AMP99_AMP170|AMP99|100000,1,5,555
E3_BTx398_AMP99_AMP170,Experiment 3,published,source_workbook_B_experiment_3_historical_block_1.xlsx,9,4,BTx398,sorghum,E3_BTx398_AMP99_AMP170_P07,7,single,AMP99,,,100000,100000,E3_BTx398_AMP99_AMP170|AMP99|100000,2,5,555
E3_BTx398_AMP99_AMP170,Experiment 3,published,source_workbook_B_experiment_3_historical_block_1.xlsx,9,4,BTx398,sorghum,E3_BTx398_AMP99_AMP170_P07,7,single,AMP99,,,100000,100000,E3_BTx398_AMP99_AMP170|AMP99|100000,3,5,555
E3_BTx398_AMP99_AMP170,Experiment 3,published,source_workbook_B_experiment_3_historical_block_1.xlsx,9,5,BTx398,sorghum,E3_BTx398_AMP99_AMP170_P07,7,single,AMP99,,,50000,50000,E3_BTx398_AMP99_AMP170|AMP99|50000,1,5,555
E3_BTx398_AMP99_AMP170,Experiment 3,published,source_workbook_B_experiment_3_historical_block_1.xlsx,9,5,BTx398,sorghum,E3_BTx398_AMP99_AMP170_P07,7,single,AMP99,,,50000,50000,E3_BTx398_AMP99_AMP170|AMP99|50000,2,5,555
E3_BTx398_AMP99_AMP170,Experiment 3,published,source_workbook_B_experiment_3_historical_block_1.xlsx,9,5,BTx398,sorghum,E3_BTx398_AMP99_AMP170_P07,7,single,AMP99,,,50000,50000,E3_BTx398_AMP99_AMP170|AMP99|50000,3,5,555
E3_BTx398_AMP99_AMP170,Experiment 3,published,source_workbook_B_experiment_3_historical_block_1.xlsx,9,6,BTx398,sorghum,E3_BTx398_AMP99_AMP170_P07,7,single,AMP99,,,10000,10000,E3_BTx398_AMP99_AMP170|AMP99|10000,1,4,455
E3_BTx398_AMP99_AMP170,Experiment 3,published,source_workbook_B_experiment_3_historical_block_1.xlsx,9,6,BTx398,sorghum,E3_BTx398_AMP99_AMP170_P07,7,single,AMP99,,,10000,10000,E3_BTx398_AMP99_AMP170|AMP99|10000,2,5,455
E3_BTx398_AMP99_AMP170,Experiment 3,published,source_workbook_B_experiment_3_historical_block_1.xlsx,9,6,BTx398,sorghum,E3_BTx398_AMP99_AMP170_P07,7,single,AMP99,,,10000,10000,E3_BTx398_AMP99_AMP170|AMP99|10000,3,5,455
E3_BTx398_AMP99_AMP170,Experiment 3,published,source_workbook_B_experiment_3_historical_block_1.xlsx,9,7,BTx398,sorghum,E3_BTx398_AMP99_AMP170_P07,7,single,AMP99,,,5000,5000,E3_BTx398_AMP99_AMP170|AMP99|5000,1,5,554
E3_BTx398_AMP99_AMP170,Experiment 3,published,source_workbook_B_experiment_3_historical_block_1.xlsx,9,7,BTx398,sorghum,E3_BTx398_AMP99_AMP170_P07,7,single,AMP99,,,5000,5000,E3_BTx398_AMP99_AMP170|AMP99|5000,2,5,554
E3_BTx398_AMP99_AMP170,Experiment 3,published,source_workbook_B_experiment_3_historical_block_1.xlsx,9,7,BTx398,sorghum,E3_BTx398_AMP99_AMP170_P07,7,single,AMP99,,,5000,5000,E3_BTx398_AMP99_AMP170|AMP99|5000,3,4,554
E3_BTx398_AMP99_AMP170,Experiment 3,published,source_workbook_B_experiment_3_historical_block_1.xlsx,11,2,BTx398,sorghum,E3_BTx398_AMP99_AMP170_P01,1,single,AMP170,,,1000000,1000000,E3_BTx398_AMP99_AMP170|AMP170|1000000,1,4,443
E3_BTx398_AMP99_AMP170,Experiment 3,published,source_workbook_B_experiment_3_historical_block_1.xlsx,11,2,BTx398,sorghum,E3_BTx398_AMP99_AMP170_P01,1,single,AMP170,,,1000000,1000000,E3_BTx398_AMP99_AMP170|AMP170|1000000,2,4,443
E3_BTx398_AMP99_AMP170,Experiment 3,published,source_workbook_B_experiment_3_historical_block_1.xlsx,11,2,BTx398,sorghum,E3_BTx398_AMP99_AMP170_P01,1,single,AMP170,,,1000000,1000000,E3_BTx398_AMP99_AMP170|AMP170|1000000,3,3,443
E3_BTx398_AMP99_AMP170,Experiment 3,published,source_workbook_B_experiment_3_historical_block_1.xlsx,11,3,BTx398,sorghum,E3_BTx398_AMP99_AMP170_P01,1,single,AMP170,,,500000,500000,E3_BTx398_AMP99_AMP170|AMP170|500000,1,3,325
E3_BTx398_AMP99_AMP170,Experiment 3,published,source_workbook_B_experiment_3_historical_block_1.xlsx,11,3,BTx398,sorghum,E3_BTx398_AMP99_AMP170_P01,1,single,AMP170,,,500000,500000,E3_BTx398_AMP99_AMP170|AMP170|500000,2,2,325
E3_BTx398_AMP99_AMP170,Experiment 3,published,source_workbook_B_experiment_3_historical_block_1.xlsx,11,3,BTx398,sorghum,E3_BTx398_AMP99_AMP170_P01,1,single,AMP170,,,500000,500000,E3_BTx398_AMP99_AMP170|AMP170|500000,3,5,325
E3_BTx398_AMP99_AMP170,Experiment 3,published,source_workbook_B_experiment_3_historical_block_1.xlsx,11,4,BTx398,sorghum,E3_BTx398_AMP99_AMP170_P01,1,single,AMP170,,,100000,100000,E3_BTx398_AMP99_AMP170|AMP170|100000,1,1,122
E3_BTx398_AMP99_AMP170,Experiment 3,published,source_workbook_B_experiment_3_historical_block_1.xlsx,11,4,BTx398,sorghum,E3_BTx398_AMP99_AMP170_P01,1,single,AMP170,,,100000,100000,E3_BTx398_AMP99_AMP170|AMP170|100000,2,2,122
E3_BTx398_AMP99_AMP170,Experiment 3,published,source_workbook_B_experiment_3_historical_block_1.xlsx,11,4,BTx398,sorghum,E3_BTx398_AMP99_AMP170_P01,1,single,AMP170,,,100000,100000,E3_BTx398_AMP99_AMP170|AMP170|100000,3,2,122
E3_BTx398_AMP99_AMP170,Experiment 3,published,source_workbook_B_experiment_3_historical_block_1.xlsx,11,5,BTx398,sorghum,E3_BTx398_AMP99_AMP170_P01,1,single,AMP170,,,50000,50000,E3_BTx398_AMP99_AMP170|AMP170|50000,1,1,111
E3_BTx398_AMP99_AMP170,Experiment 3,published,source_workbook_B_experiment_3_historical_block_1.xlsx,11,5,BTx398,sorghum,E3_BTx398_AMP99_AMP170_P01,1,single,AMP170,,,50000,50000,E3_BTx398_AMP99_AMP170|AMP170|50000,2,1,111
E3_BTx398_AMP99_AMP170,Experiment 3,published,source_workbook_B_experiment_3_historical_block_1.xlsx,11,5,BTx398,sorghum,E3_BTx398_AMP99_AMP170_P01,1,single,AMP170,,,50000,50000,E3_BTx398_AMP99_AMP170|AMP170|50000,3,1,111
E3_BTx398_AMP99_AMP170,Experiment 3,published,source_workbook_B_experiment_3_historical_block_1.xlsx,11,6,BTx398,sorghum,E3_BTx398_AMP99_AMP170_P01,1,single,AMP170,,,10000,10000,E3_BTx398_AMP99_AMP170|AMP170|10000,1,1,111
E3_BTx398_AMP99_AMP170,Experiment 3,published,source_workbook_B_experiment_3_historical_block_1.xlsx,11,6,BTx398,sorghum,E3_BTx398_AMP99_AMP170_P01,1,single,AMP170,,,10000,10000,E3_BTx398_AMP99_AMP170|AMP170|10000,2,1,111
E3_BTx398_AMP99_AMP170,Experiment 3,published,source_workbook_B_experiment_3_historical_block_1.xlsx,11,6,BTx398,sorghum,E3_BTx398_AMP99_AMP170_P01,1,single,AMP170,,,10000,10000,E3_BTx398_AMP99_AMP170|AMP170|10000,3,1,111
E3_BTx398_AMP99_AMP170,Experiment 3,published,source_workbook_B_experiment_3_historical_block_1.xlsx,11,7,BTx398,sorghum,E3_BTx398_AMP99_AMP170_P01,1,single,AMP170,,,5000,5000,E3_BTx398_AMP99_AMP170|AMP170|5000,1,1,111
E3_BTx398_AMP99_AMP170,Experiment 3,published,source_workbook_B_experiment_3_historical_block_1.xlsx,11,7,BTx398,sorghum,E3_BTx398_AMP99_AMP170_P01,1,single,AMP170,,,5000,5000,E3_BTx398_AMP99_AMP170|AMP170|5000,2,1,111
E3_BTx398_AMP99_AMP170,Experiment 3,published,source_workbook_B_experiment_3_historical_block_1.xlsx,11,7,BTx398,sorghum,E3_BTx398_AMP99_AMP170_P01,1,single,AMP170,,,5000,5000,E3_BTx398_AMP99_AMP170|AMP170|5000,3,1,111
E3_BTx398_AMP99_AMP170,Experiment 3,published,source_workbook_B_experiment_3_historical_block_1.xlsx,12,2,BTx398,sorghum,E3_BTx398_AMP99_AMP170_P02,2,single,AMP170,,,1000000,1000000,E3_BTx398_AMP99_AMP170|AMP170|1000000,1,4,455
E3_BTx398_AMP99_AMP170,Experiment 3,published,source_workbook_B_experiment_3_historical_block_1.xlsx,12,2,BTx398,sorghum,E3_BTx398_AMP99_AMP170_P02,2,single,AMP170,,,1000000,1000000,E3_BTx398_AMP99_AMP170|AMP170|1000000,2,5,455
E3_BTx398_AMP99_AMP170,Experiment 3,published,source_workbook_B_experiment_3_historical_block_1.xlsx,12,2,BTx398,sorghum,E3_BTx398_AMP99_AMP170_P02,2,single,AMP170,,,1000000,1000000,E3_BTx398_AMP99_AMP170|AMP170|1000000,3,5,455
E3_BTx398_AMP99_AMP170,Experiment 3,published,source_workbook_B_experiment_3_historical_block_1.xlsx,12,3,BTx398,sorghum,E3_BTx398_AMP99_AMP170_P02,2,single,AMP170,,,500000,500000,E3_BTx398_AMP99_AMP170|AMP170|500000,1,1,121
E3_BTx398_AMP99_AMP170,Experiment 3,published,source_workbook_B_experiment_3_historical_block_1.xlsx,12,3,BTx398,sorghum,E3_BTx398_AMP99_AMP170_P02,2,single,AMP170,,,500000,500000,E3_BTx398_AMP99_AMP170|AMP170|500000,2,2,121
E3_BTx398_AMP99_AMP170,Experiment 3,published,source_workbook_B_experiment_3_historical_block_1.xlsx,12,3,BTx398,sorghum,E3_BTx398_AMP99_AMP170_P02,2,single,AMP170,,,500000,500000,E3_BTx398_AMP99_AMP170|AMP170|500000,3,1,121
E3_BTx398_AMP99_AMP170,Experiment 3,published,source_workbook_B_experiment_3_historical_block_1.xlsx,12,4,BTx398,sorghum,E3_BTx398_AMP99_AMP170_P02,2,single,AMP170,,,100000,100000,E3_BTx398_AMP99_AMP170|AMP170|100000,1,2,221
E3_BTx398_AMP99_AMP170,Experiment 3,published,source_workbook_B_experiment_3_historical_block_1.xlsx,12,4,BTx398,sorghum,E3_BTx398_AMP99_AMP170_P02,2,single,AMP170,,,100000,100000,E3_BTx398_AMP99_AMP170|AMP170|100000,2,2,221
E3_BTx398_AMP99_AMP170,Experiment 3,published,source_workbook_B_experiment_3_historical_block_1.xlsx,12,4,BTx398,sorghum,E3_BTx398_AMP99_AMP170_P02,2,single,AMP170,,,100000,100000,E3_BTx398_AMP99_AMP170|AMP170|100000,3,1,221
E3_BTx398_AMP99_AMP170,Experiment 3,published,source_workbook_B_experiment_3_historical_block_1.xlsx,12,5,BTx398,sorghum,E3_BTx398_AMP99_AMP170_P02,2,single,AMP170,,,50000,50000,E3_BTx398_AMP99_AMP170|AMP170|50000,1,2,211
E3_BTx398_AMP99_AMP170,Experiment 3,published,source_workbook_B_experiment_3_historical_block_1.xlsx,12,5,BTx398,sorghum,E3_BTx398_AMP99_AMP170_P02,2,single,AMP170,,,50000,50000,E3_BTx398_AMP99_AMP170|AMP170|50000,2,1,211
E3_BTx398_AMP99_AMP170,Experiment 3,published,source_workbook_B_experiment_3_historical_block_1.xlsx,12,5,BTx398,sorghum,E3_BTx398_AMP99_AMP170_P02,2,single,AMP170,,,50000,50000,E3_BTx398_AMP99_AMP170|AMP170|50000,3,1,211
E3_BTx398_AMP99_AMP170,Experiment 3,published,source_workbook_B_experiment_3_historical_block_1.xlsx,12,6,BTx398,sorghum,E3_BTx398_AMP99_AMP170_P02,2,single,AMP170,,,10000,10000,E3_BTx398_AMP99_AMP170|AMP170|10000,1,2,222
E3_BTx398_AMP99_AMP170,Experiment 3,published,source_workbook_B_experiment_3_historical_block_1.xlsx,12,6,BTx398,sorghum,E3_BTx398_AMP99_AMP170_P02,2,single,AMP170,,,10000,10000,E3_BTx398_AMP99_AMP170|AMP170|10000,2,2,222
E3_BTx398_AMP99_AMP170,Experiment 3,published,source_workbook_B_experiment_3_historical_block_1.xlsx,12,6,BTx398,sorghum,E3_BTx398_AMP99_AMP170_P02,2,single,AMP170,,,10000,10000,E3_BTx398_AMP99_AMP170|AMP170|10000,3,2,222
E3_BTx398_AMP99_AMP170,Experiment 3,published,source_workbook_B_experiment_3_historical_block_1.xlsx,12,7,BTx398,sorghum,E3_BTx398_AMP99_AMP170_P02,2,single,AMP170,,,5000,5000,E3_BTx398_AMP99_AMP170|AMP170|5000,1,1,111
E3_BTx398_AMP99_AMP170,Experiment 3,published,source_workbook_B_experiment_3_historical_block_1.xlsx,12,7,BTx398,sorghum,E3_BTx398_AMP99_AMP170_P02,2,single,AMP170,,,5000,5000,E3_BTx398_AMP99_AMP170|AMP170|5000,2,1,111
E3_BTx398_AMP99_AMP170,Experiment 3,published,source_workbook_B_experiment_3_historical_block_1.xlsx,12,7,BTx398,sorghum,E3_BTx398_AMP99_AMP170_P02,2,single,AMP170,,,5000,5000,E3_BTx398_AMP99_AMP170|AMP170|5000,3,1,111
E3_BTx398_AMP99_AMP170,Experiment 3,published,source_workbook_B_experiment_3_historical_block_1.xlsx,13,2,BTx398,sorghum,E3_BTx398_AMP99_AMP170_P03,3,single,AMP170,,,1000000,1000000,E3_BTx398_AMP99_AMP170|AMP170|1000000,1,5,555
E3_BTx398_AMP99_AMP170,Experiment 3,published,source_workbook_B_experiment_3_historical_block_1.xlsx,13,2,BTx398,sorghum,E3_BTx398_AMP99_AMP170_P03,3,single,AMP170,,,1000000,1000000,E3_BTx398_AMP99_AMP170|AMP170|1000000,2,5,555
E3_BTx398_AMP99_AMP170,Experiment 3,published,source_workbook_B_experiment_3_historical_block_1.xlsx,13,2,BTx398,sorghum,E3_BTx398_AMP99_AMP170_P03,3,single,AMP170,,,1000000,1000000,E3_BTx398_AMP99_AMP170|AMP170|1000000,3,5,555
E3_BTx398_AMP99_AMP170,Experiment 3,published,source_workbook_B_experiment_3_historical_block_1.xlsx,13,3,BTx398,sorghum,E3_BTx398_AMP99_AMP170_P03,3,single,AMP170,,,500000,500000,E3_BTx398_AMP99_AMP170|AMP170|500000,1,1,152
E3_BTx398_AMP99_AMP170,Experiment 3,published,source_workbook_B_experiment_3_historical_block_1.xlsx,13,3,BTx398,sorghum,E3_BTx398_AMP99_AMP170_P03,3,single,AMP170,,,500000,500000,E3_BTx398_AMP99_AMP170|AMP170|500000,2,5,152
E3_BTx398_AMP99_AMP170,Experiment 3,published,source_workbook_B_experiment_3_historical_block_1.xlsx,13,3,BTx398,sorghum,E3_BTx398_AMP99_AMP170_P03,3,single,AMP170,,,500000,500000,E3_BTx398_AMP99_AMP170|AMP170|500000,3,2,152
E3_BTx398_AMP99_AMP170,Experiment 3,published,source_workbook_B_experiment_3_historical_block_1.xlsx,13,4,BTx398,sorghum,E3_BTx398_AMP99_AMP170_P03,3,single,AMP170,,,100000,100000,E3_BTx398_AMP99_AMP170|AMP170|100000,1,1,152
E3_BTx398_AMP99_AMP170,Experiment 3,published,source_workbook_B_experiment_3_historical_block_1.xlsx,13,4,BTx398,sorghum,E3_BTx398_AMP99_AMP170_P03,3,single,AMP170,,,100000,100000,E3_BTx398_AMP99_AMP170|AMP170|100000,2,5,152
E3_BTx398_AMP99_AMP170,Experiment 3,published,source_workbook_B_experiment_3_historical_block_1.xlsx,13,4,BTx398,sorghum,E3_BTx398_AMP99_AMP170_P03,3,single,AMP170,,,100000,100000,E3_BTx398_AMP99_AMP170|AMP170|100000,3,2,152
E3_BTx398_AMP99_AMP170,Experiment 3,published,source_workbook_B_experiment_3_historical_block_1.xlsx,13,5,BTx398,sorghum,E3_BTx398_AMP99_AMP170_P03,3,single,AMP170,,,50000,50000,E3_BTx398_AMP99_AMP170|AMP170|50000,1,1,131
E3_BTx398_AMP99_AMP170,Experiment 3,published,source_workbook_B_experiment_3_historical_block_1.xlsx,13,5,BTx398,sorghum,E3_BTx398_AMP99_AMP170_P03,3,single,AMP170,,,50000,50000,E3_BTx398_AMP99_AMP170|AMP170|50000,2,3,131
E3_BTx398_AMP99_AMP170,Experiment 3,published,source_workbook_B_experiment_3_historical_block_1.xlsx,13,5,BTx398,sorghum,E3_BTx398_AMP99_AMP170_P03,3,single,AMP170,,,50000,50000,E3_BTx398_AMP99_AMP170|AMP170|50000,3,1,131
E3_BTx398_AMP99_AMP170,Experiment 3,published,source_workbook_B_experiment_3_historical_block_1.xlsx,13,6,BTx398,sorghum,E3_BTx398_AMP99_AMP170_P03,3,single,AMP170,,,10000,10000,E3_BTx398_AMP99_AMP170|AMP170|10000,1,2,222
E3_BTx398_AMP99_AMP170,Experiment 3,published,source_workbook_B_experiment_3_historical_block_1.xlsx,13,6,BTx398,sorghum,E3_BTx398_AMP99_AMP170_P03,3,single,AMP170,,,10000,10000,E3_BTx398_AMP99_AMP170|AMP170|10000,2,2,222
E3_BTx398_AMP99_AMP170,Experiment 3,published,source_workbook_B_experiment_3_historical_block_1.xlsx,13,6,BTx398,sorghum,E3_BTx398_AMP99_AMP170_P03,3,single,AMP170,,,10000,10000,E3_BTx398_AMP99_AMP170|AMP170|10000,3,2,222
E3_BTx398_AMP99_AMP170,Experiment 3,published,source_workbook_B_experiment_3_historical_block_1.xlsx,13,7,BTx398,sorghum,E3_BTx398_AMP99_AMP170_P03,3,single,AMP170,,,5000,5000,E3_BTx398_AMP99_AMP170|AMP170|5000,1,1,111
E3_BTx398_AMP99_AMP170,Experiment 3,published,source_workbook_B_experiment_3_historical_block_1.xlsx,13,7,BTx398,sorghum,E3_BTx398_AMP99_AMP170_P03,3,single,AMP170,,,5000,5000,E3_BTx398_AMP99_AMP170|AMP170|5000,2,1,111
E3_BTx398_AMP99_AMP170,Experiment 3,published,source_workbook_B_experiment_3_historical_block_1.xlsx,13,7,BTx398,sorghum,E3_BTx398_AMP99_AMP170_P03,3,single,AMP170,,,5000,5000,E3_BTx398_AMP99_AMP170|AMP170|5000,3,1,111
E3_BTx398_AMP99_AMP170,Experiment 3,published,source_workbook_B_experiment_3_historical_block_1.xlsx,14,2,BTx398,sorghum,E3_BTx398_AMP99_AMP170_P04,4,single,AMP170,,,1000000,1000000,E3_BTx398_AMP99_AMP170|AMP170|1000000,1,5,555
E3_BTx398_AMP99_AMP170,Experiment 3,published,source_workbook_B_experiment_3_historical_block_1.xlsx,14,2,BTx398,sorghum,E3_BTx398_AMP99_AMP170_P04,4,single,AMP170,,,1000000,1000000,E3_BTx398_AMP99_AMP170|AMP170|1000000,2,5,555
E3_BTx398_AMP99_AMP170,Experiment 3,published,source_workbook_B_experiment_3_historical_block_1.xlsx,14,2,BTx398,sorghum,E3_BTx398_AMP99_AMP170_P04,4,single,AMP170,,,1000000,1000000,E3_BTx398_AMP99_AMP170|AMP170|1000000,3,5,555
E3_BTx398_AMP99_AMP170,Experiment 3,published,source_workbook_B_experiment_3_historical_block_1.xlsx,14,3,BTx398,sorghum,E3_BTx398_AMP99_AMP170_P04,4,single,AMP170,,,500000,500000,E3_BTx398_AMP99_AMP170|AMP170|500000,1,1,112
E3_BTx398_AMP99_AMP170,Experiment 3,published,source_workbook_B_experiment_3_historical_block_1.xlsx,14,3,BTx398,sorghum,E3_BTx398_AMP99_AMP170_P04,4,single,AMP170,,,500000,500000,E3_BTx398_AMP99_AMP170|AMP170|500000,2,1,112
E3_BTx398_AMP99_AMP170,Experiment 3,published,source_workbook_B_experiment_3_historical_block_1.xlsx,14,3,BTx398,sorghum,E3_BTx398_AMP99_AMP170_P04,4,single,AMP170,,,500000,500000,E3_BTx398_AMP99_AMP170|AMP170|500000,3,2,112
E3_BTx398_AMP99_AMP170,Experiment 3,published,source_workbook_B_experiment_3_historical_block_1.xlsx,14,4,BTx398,sorghum,E3_BTx398_AMP99_AMP170_P04,4,single,AMP170,,,100000,100000,E3_BTx398_AMP99_AMP170|AMP170|100000,1,1,111
E3_BTx398_AMP99_AMP170,Experiment 3,published,source_workbook_B_experiment_3_historical_block_1.xlsx,14,4,BTx398,sorghum,E3_BTx398_AMP99_AMP170_P04,4,single,AMP170,,,100000,100000,E3_BTx398_AMP99_AMP170|AMP170|100000,2,1,111
E3_BTx398_AMP99_AMP170,Experiment 3,published,source_workbook_B_experiment_3_historical_block_1.xlsx,14,4,BTx398,sorghum,E3_BTx398_AMP99_AMP170_P04,4,single,AMP170,,,100000,100000,E3_BTx398_AMP99_AMP170|AMP170|100000,3,1,111
E3_BTx398_AMP99_AMP170,Experiment 3,published,source_workbook_B_experiment_3_historical_block_1.xlsx,14,5,BTx398,sorghum,E3_BTx398_AMP99_AMP170_P04,4,single,AMP170,,,50000,50000,E3_BTx398_AMP99_AMP170|AMP170|50000,1,1,121
E3_BTx398_AMP99_AMP170,Experiment 3,published,source_workbook_B_experiment_3_historical_block_1.xlsx,14,5,BTx398,sorghum,E3_BTx398_AMP99_AMP170_P04,4,single,AMP170,,,50000,50000,E3_BTx398_AMP99_AMP170|AMP170|50000,2,2,121
E3_BTx398_AMP99_AMP170,Experiment 3,published,source_workbook_B_experiment_3_historical_block_1.xlsx,14,5,BTx398,sorghum,E3_BTx398_AMP99_AMP170_P04,4,single,AMP170,,,50000,50000,E3_BTx398_AMP99_AMP170|AMP170|50000,3,1,121
E3_BTx398_AMP99_AMP170,Experiment 3,published,source_workbook_B_experiment_3_historical_block_1.xlsx,14,6,BTx398,sorghum,E3_BTx398_AMP99_AMP170_P04,4,single,AMP170,,,10000,10000,E3_BTx398_AMP99_AMP170|AMP170|10000,1,2,222
E3_BTx398_AMP99_AMP170,Experiment 3,published,source_workbook_B_experiment_3_historical_block_1.xlsx,14,6,BTx398,sorghum,E3_BTx398_AMP99_AMP170_P04,4,single,AMP170,,,10000,10000,E3_BTx398_AMP99_AMP170|AMP170|10000,2,2,222
E3_BTx398_AMP99_AMP170,Experiment 3,published,source_workbook_B_experiment_3_historical_block_1.xlsx,14,6,BTx398,sorghum,E3_BTx398_AMP99_AMP170_P04,4,single,AMP170,,,10000,10000,E3_BTx398_AMP99_AMP170|AMP170|10000,3,2,222
E3_BTx398_AMP99_AMP170,Experiment 3,published,source_workbook_B_experiment_3_historical_block_1.xlsx,14,7,BTx398,sorghum,E3_BTx398_AMP99_AMP170_P04,4,single,AMP170,,,5000,5000,E3_BTx398_AMP99_AMP170|AMP170|5000,1,1,111
E3_BTx398_AMP99_AMP170,Experiment 3,published,source_workbook_B_experiment_3_historical_block_1.xlsx,14,7,BTx398,sorghum,E3_BTx398_AMP99_AMP170_P04,4,single,AMP170,,,5000,5000,E3_BTx398_AMP99_AMP170|AMP170|5000,2,1,111
E3_BTx398_AMP99_AMP170,Experiment 3,published,source_workbook_B_experiment_3_historical_block_1.xlsx,14,7,BTx398,sorghum,E3_BTx398_AMP99_AMP170_P04,4,single,AMP170,,,5000,5000,E3_BTx398_AMP99_AMP170|AMP170|5000,3,1,111
E3_BTx398_AMP99_AMP170,Experiment 3,published,source_workbook_B_experiment_3_historical_block_1.xlsx,15,2,BTx398,sorghum,E3_BTx398_AMP99_AMP170_P05,5,single,AMP170,,,1000000,1000000,E3_BTx398_AMP99_AMP170|AMP170|1000000,1,5,554
E3_BTx398_AMP99_AMP170,Experiment 3,published,source_workbook_B_experiment_3_historical_block_1.xlsx,15,2,BTx398,sorghum,E3_BTx398_AMP99_AMP170_P05,5,single,AMP170,,,1000000,1000000,E3_BTx398_AMP99_AMP170|AMP170|1000000,2,5,554
E3_BTx398_AMP99_AMP170,Experiment 3,published,source_workbook_B_experiment_3_historical_block_1.xlsx,15,2,BTx398,sorghum,E3_BTx398_AMP99_AMP170_P05,5,single,AMP170,,,1000000,1000000,E3_BTx398_AMP99_AMP170|AMP170|1000000,3,4,554
E3_BTx398_AMP99_AMP170,Experiment 3,published,source_workbook_B_experiment_3_historical_block_1.xlsx,15,3,BTx398,sorghum,E3_BTx398_AMP99_AMP170_P05,5,single,AMP170,,,500000,500000,E3_BTx398_AMP99_AMP170|AMP170|500000,1,3,355
E3_BTx398_AMP99_AMP170,Experiment 3,published,source_workbook_B_experiment_3_historical_block_1.xlsx,15,3,BTx398,sorghum,E3_BTx398_AMP99_AMP170_P05,5,single,AMP170,,,500000,500000,E3_BTx398_AMP99_AMP170|AMP170|500000,2,5,355
E3_BTx398_AMP99_AMP170,Experiment 3,published,source_workbook_B_experiment_3_historical_block_1.xlsx,15,3,BTx398,sorghum,E3_BTx398_AMP99_AMP170_P05,5,single,AMP170,,,500000,500000,E3_BTx398_AMP99_AMP170|AMP170|500000,3,5,355
E3_BTx398_AMP99_AMP170,Experiment 3,published,source_workbook_B_experiment_3_historical_block_1.xlsx,15,4,BTx398,sorghum,E3_BTx398_AMP99_AMP170_P05,5,single,AMP170,,,100000,100000,E3_BTx398_AMP99_AMP170|AMP170|100000,1,1,111
E3_BTx398_AMP99_AMP170,Experiment 3,published,source_workbook_B_experiment_3_historical_block_1.xlsx,15,4,BTx398,sorghum,E3_BTx398_AMP99_AMP170_P05,5,single,AMP170,,,100000,100000,E3_BTx398_AMP99_AMP170|AMP170|100000,2,1,111
E3_BTx398_AMP99_AMP170,Experiment 3,published,source_workbook_B_experiment_3_historical_block_1.xlsx,15,4,BTx398,sorghum,E3_BTx398_AMP99_AMP170_P05,5,single,AMP170,,,100000,100000,E3_BTx398_AMP99_AMP170|AMP170|100000,3,1,111
E3_BTx398_AMP99_AMP170,Experiment 3,published,source_workbook_B_experiment_3_historical_block_1.xlsx,15,5,BTx398,sorghum,E3_BTx398_AMP99_AMP170_P05,5,single,AMP170,,,50000,50000,E3_BTx398_AMP99_AMP170|AMP170|50000,1,1,151
E3_BTx398_AMP99_AMP170,Experiment 3,published,source_workbook_B_experiment_3_historical_block_1.xlsx,15,5,BTx398,sorghum,E3_BTx398_AMP99_AMP170_P05,5,single,AMP170,,,50000,50000,E3_BTx398_AMP99_AMP170|AMP170|50000,2,5,151
E3_BTx398_AMP99_AMP170,Experiment 3,published,source_workbook_B_experiment_3_historical_block_1.xlsx,15,5,BTx398,sorghum,E3_BTx398_AMP99_AMP170_P05,5,single,AMP170,,,50000,50000,E3_BTx398_AMP99_AMP170|AMP170|50000,3,1,151
E3_BTx398_AMP99_AMP170,Experiment 3,published,source_workbook_B_experiment_3_historical_block_1.xlsx,15,6,BTx398,sorghum,E3_BTx398_AMP99_AMP170_P05,5,single,AMP170,,,10000,10000,E3_BTx398_AMP99_AMP170|AMP170|10000,1,2,211
E3_BTx398_AMP99_AMP170,Experiment 3,published,source_workbook_B_experiment_3_historical_block_1.xlsx,15,6,BTx398,sorghum,E3_BTx398_AMP99_AMP170_P05,5,single,AMP170,,,10000,10000,E3_BTx398_AMP99_AMP170|AMP170|10000,2,1,211
E3_BTx398_AMP99_AMP170,Experiment 3,published,source_workbook_B_experiment_3_historical_block_1.xlsx,15,6,BTx398,sorghum,E3_BTx398_AMP99_AMP170_P05,5,single,AMP170,,,10000,10000,E3_BTx398_AMP99_AMP170|AMP170|10000,3,1,211
E3_BTx398_AMP99_AMP170,Experiment 3,published,source_workbook_B_experiment_3_historical_block_1.xlsx,15,7,BTx398,sorghum,E3_BTx398_AMP99_AMP170_P05,5,single,AMP170,,,5000,5000,E3_BTx398_AMP99_AMP170|AMP170|5000,1,1,111
E3_BTx398_AMP99_AMP170,Experiment 3,published,source_workbook_B_experiment_3_historical_block_1.xlsx,15,7,BTx398,sorghum,E3_BTx398_AMP99_AMP170_P05,5,single,AMP170,,,5000,5000,E3_BTx398_AMP99_AMP170|AMP170|5000,2,1,111
E3_BTx398_AMP99_AMP170,Experiment 3,published,source_workbook_B_experiment_3_historical_block_1.xlsx,15,7,BTx398,sorghum,E3_BTx398_AMP99_AMP170_P05,5,single,AMP170,,,5000,5000,E3_BTx398_AMP99_AMP170|AMP170|5000,3,1,111
E3_BTx398_AMP99_AMP170,Experiment 3,published,source_workbook_B_experiment_3_historical_block_1.xlsx,16,2,BTx398,sorghum,E3_BTx398_AMP99_AMP170_P06,6,single,AMP170,,,1000000,1000000,E3_BTx398_AMP99_AMP170|AMP170|1000000,1,5,552
E3_BTx398_AMP99_AMP170,Experiment 3,published,source_workbook_B_experiment_3_historical_block_1.xlsx,16,2,BTx398,sorghum,E3_BTx398_AMP99_AMP170_P06,6,single,AMP170,,,1000000,1000000,E3_BTx398_AMP99_AMP170|AMP170|1000000,2,5,552
E3_BTx398_AMP99_AMP170,Experiment 3,published,source_workbook_B_experiment_3_historical_block_1.xlsx,16,2,BTx398,sorghum,E3_BTx398_AMP99_AMP170_P06,6,single,AMP170,,,1000000,1000000,E3_BTx398_AMP99_AMP170|AMP170|1000000,3,2,552
E3_BTx398_AMP99_AMP170,Experiment 3,published,source_workbook_B_experiment_3_historical_block_1.xlsx,16,3,BTx398,sorghum,E3_BTx398_AMP99_AMP170_P06,6,single,AMP170,,,500000,500000,E3_BTx398_AMP99_AMP170|AMP170|500000,1,5,555
E3_BTx398_AMP99_AMP170,Experiment 3,published,source_workbook_B_experiment_3_historical_block_1.xlsx,16,3,BTx398,sorghum,E3_BTx398_AMP99_AMP170_P06,6,single,AMP170,,,500000,500000,E3_BTx398_AMP99_AMP170|AMP170|500000,2,5,555
E3_BTx398_AMP99_AMP170,Experiment 3,published,source_workbook_B_experiment_3_historical_block_1.xlsx,16,3,BTx398,sorghum,E3_BTx398_AMP99_AMP170_P06,6,single,AMP170,,,500000,500000,E3_BTx398_AMP99_AMP170|AMP170|500000,3,5,555
E3_BTx398_AMP99_AMP170,Experiment 3,published,source_workbook_B_experiment_3_historical_block_1.xlsx,16,4,BTx398,sorghum,E3_BTx398_AMP99_AMP170_P06,6,single,AMP170,,,100000,100000,E3_BTx398_AMP99_AMP170|AMP170|100000,1,1,121
E3_BTx398_AMP99_AMP170,Experiment 3,published,source_workbook_B_experiment_3_historical_block_1.xlsx,16,4,BTx398,sorghum,E3_BTx398_AMP99_AMP170_P06,6,single,AMP170,,,100000,100000,E3_BTx398_AMP99_AMP170|AMP170|100000,2,2,121
E3_BTx398_AMP99_AMP170,Experiment 3,published,source_workbook_B_experiment_3_historical_block_1.xlsx,16,4,BTx398,sorghum,E3_BTx398_AMP99_AMP170_P06,6,single,AMP170,,,100000,100000,E3_BTx398_AMP99_AMP170|AMP170|100000,3,1,121
E3_BTx398_AMP99_AMP170,Experiment 3,published,source_workbook_B_experiment_3_historical_block_1.xlsx,16,5,BTx398,sorghum,E3_BTx398_AMP99_AMP170_P06,6,single,AMP170,,,50000,50000,E3_BTx398_AMP99_AMP170|AMP170|50000,1,1,111
E3_BTx398_AMP99_AMP170,Experiment 3,published,source_workbook_B_experiment_3_historical_block_1.xlsx,16,5,BTx398,sorghum,E3_BTx398_AMP99_AMP170_P06,6,single,AMP170,,,50000,50000,E3_BTx398_AMP99_AMP170|AMP170|50000,2,1,111
E3_BTx398_AMP99_AMP170,Experiment 3,published,source_workbook_B_experiment_3_historical_block_1.xlsx,16,5,BTx398,sorghum,E3_BTx398_AMP99_AMP170_P06,6,single,AMP170,,,50000,50000,E3_BTx398_AMP99_AMP170|AMP170|50000,3,1,111
E3_BTx398_AMP99_AMP170,Experiment 3,published,source_workbook_B_experiment_3_historical_block_1.xlsx,16,6,BTx398,sorghum,E3_BTx398_AMP99_AMP170_P06,6,single,AMP170,,,10000,10000,E3_BTx398_AMP99_AMP170|AMP170|10000,1,2,211
E3_BTx398_AMP99_AMP170,Experiment 3,published,source_workbook_B_experiment_3_historical_block_1.xlsx,16,6,BTx398,sorghum,E3_BTx398_AMP99_AMP170_P06,6,single,AMP170,,,10000,10000,E3_BTx398_AMP99_AMP170|AMP170|10000,2,1,211
E3_BTx398_AMP99_AMP170,Experiment 3,published,source_workbook_B_experiment_3_historical_block_1.xlsx,16,6,BTx398,sorghum,E3_BTx398_AMP99_AMP170_P06,6,single,AMP170,,,10000,10000,E3_BTx398_AMP99_AMP170|AMP170|10000,3,1,211
E3_BTx398_AMP99_AMP170,Experiment 3,published,source_workbook_B_experiment_3_historical_block_1.xlsx,16,7,BTx398,sorghum,E3_BTx398_AMP99_AMP170_P06,6,single,AMP170,,,5000,5000,E3_BTx398_AMP99_AMP170|AMP170|5000,1,1,111
E3_BTx398_AMP99_AMP170,Experiment 3,published,source_workbook_B_experiment_3_historical_block_1.xlsx,16,7,BTx398,sorghum,E3_BTx398_AMP99_AMP170_P06,6,single,AMP170,,,5000,5000,E3_BTx398_AMP99_AMP170|AMP170|5000,2,1,111
E3_BTx398_AMP99_AMP170,Experiment 3,published,source_workbook_B_experiment_3_historical_block_1.xlsx,16,7,BTx398,sorghum,E3_BTx398_AMP99_AMP170_P06,6,single,AMP170,,,5000,5000,E3_BTx398_AMP99_AMP170|AMP170|5000,3,1,111
E3_BTx398_AMP99_AMP170,Experiment 3,published,source_workbook_B_experiment_3_historical_block_1.xlsx,17,2,BTx398,sorghum,E3_BTx398_AMP99_AMP170_P07,7,single,AMP170,,,1000000,1000000,E3_BTx398_AMP99_AMP170|AMP170|1000000,1,5,555
E3_BTx398_AMP99_AMP170,Experiment 3,published,source_workbook_B_experiment_3_historical_block_1.xlsx,17,2,BTx398,sorghum,E3_BTx398_AMP99_AMP170_P07,7,single,AMP170,,,1000000,1000000,E3_BTx398_AMP99_AMP170|AMP170|1000000,2,5,555
E3_BTx398_AMP99_AMP170,Experiment 3,published,source_workbook_B_experiment_3_historical_block_1.xlsx,17,2,BTx398,sorghum,E3_BTx398_AMP99_AMP170_P07,7,single,AMP170,,,1000000,1000000,E3_BTx398_AMP99_AMP170|AMP170|1000000,3,5,555
E3_BTx398_AMP99_AMP170,Experiment 3,published,source_workbook_B_experiment_3_historical_block_1.xlsx,17,3,BTx398,sorghum,E3_BTx398_AMP99_AMP170_P07,7,single,AMP170,,,500000,500000,E3_BTx398_AMP99_AMP170|AMP170|500000,1,5,555
E3_BTx398_AMP99_AMP170,Experiment 3,published,source_workbook_B_experiment_3_historical_block_1.xlsx,17,3,BTx398,sorghum,E3_BTx398_AMP99_AMP170_P07,7,single,AMP170,,,500000,500000,E3_BTx398_AMP99_AMP170|AMP170|500000,2,5,555
E3_BTx398_AMP99_AMP170,Experiment 3,published,source_workbook_B_experiment_3_historical_block_1.xlsx,17,3,BTx398,sorghum,E3_BTx398_AMP99_AMP170_P07,7,single,AMP170,,,500000,500000,E3_BTx398_AMP99_AMP170|AMP170|500000,3,5,555
E3_BTx398_AMP99_AMP170,Experiment 3,published,source_workbook_B_experiment_3_historical_block_1.xlsx,17,4,BTx398,sorghum,E3_BTx398_AMP99_AMP170_P07,7,single,AMP170,,,100000,100000,E3_BTx398_AMP99_AMP170|AMP170|100000,1,1,111
E3_BTx398_AMP99_AMP170,Experiment 3,published,source_workbook_B_experiment_3_historical_block_1.xlsx,17,4,BTx398,sorghum,E3_BTx398_AMP99_AMP170_P07,7,single,AMP170,,,100000,100000,E3_BTx398_AMP99_AMP170|AMP170|100000,2,1,111
E3_BTx398_AMP99_AMP170,Experiment 3,published,source_workbook_B_experiment_3_historical_block_1.xlsx,17,4,BTx398,sorghum,E3_BTx398_AMP99_AMP170_P07,7,single,AMP170,,,100000,100000,E3_BTx398_AMP99_AMP170|AMP170|100000,3,1,111
E3_BTx398_AMP99_AMP170,Experiment 3,published,source_workbook_B_experiment_3_historical_block_1.xlsx,17,5,BTx398,sorghum,E3_BTx398_AMP99_AMP170_P07,7,single,AMP170,,,50000,50000,E3_BTx398_AMP99_AMP170|AMP170|50000,1,1,112
E3_BTx398_AMP99_AMP170,Experiment 3,published,source_workbook_B_experiment_3_historical_block_1.xlsx,17,5,BTx398,sorghum,E3_BTx398_AMP99_AMP170_P07,7,single,AMP170,,,50000,50000,E3_BTx398_AMP99_AMP170|AMP170|50000,2,1,112
E3_BTx398_AMP99_AMP170,Experiment 3,published,source_workbook_B_experiment_3_historical_block_1.xlsx,17,5,BTx398,sorghum,E3_BTx398_AMP99_AMP170_P07,7,single,AMP170,,,50000,50000,E3_BTx398_AMP99_AMP170|AMP170|50000,3,2,112
E3_BTx398_AMP99_AMP170,Experiment 3,published,source_workbook_B_experiment_3_historical_block_1.xlsx,17,6,BTx398,sorghum,E3_BTx398_AMP99_AMP170_P07,7,single,AMP170,,,10000,10000,E3_BTx398_AMP99_AMP170|AMP170|10000,1,2,211
E3_BTx398_AMP99_AMP170,Experiment 3,published,source_workbook_B_experiment_3_historical_block_1.xlsx,17,6,BTx398,sorghum,E3_BTx398_AMP99_AMP170_P07,7,single,AMP170,,,10000,10000,E3_BTx398_AMP99_AMP170|AMP170|10000,2,1,211
E3_BTx398_AMP99_AMP170,Experiment 3,published,source_workbook_B_experiment_3_historical_block_1.xlsx,17,6,BTx398,sorghum,E3_BTx398_AMP99_AMP170_P07,7,single,AMP170,,,10000,10000,E3_BTx398_AMP99_AMP170|AMP170|10000,3,1,211
E3_BTx398_AMP99_AMP170,Experiment 3,published,source_workbook_B_experiment_3_historical_block_1.xlsx,17,7,BTx398,sorghum,E3_BTx398_AMP99_AMP170_P07,7,single,AMP170,,,5000,5000,E3_BTx398_AMP99_AMP170|AMP170|5000,1,1,111
E3_BTx398_AMP99_AMP170,Experiment 3,published,source_workbook_B_experiment_3_historical_block_1.xlsx,17,7,BTx398,sorghum,E3_BTx398_AMP99_AMP170_P07,7,single,AMP170,,,5000,5000,E3_BTx398_AMP99_AMP170|AMP170|5000,2,1,111
E3_BTx398_AMP99_AMP170,Experiment 3,published,source_workbook_B_experiment_3_historical_block_1.xlsx,17,7,BTx398,sorghum,E3_BTx398_AMP99_AMP170_P07,7,single,AMP170,,,5000,5000,E3_BTx398_AMP99_AMP170|AMP170|5000,3,1,111
E3_BTx398_AMP99_AMP170,Experiment 3,published,source_workbook_B_experiment_3_historical_block_1.xlsx,19,2,BTx398,sorghum,E3_BTx398_AMP99_AMP170_P01,1,mixture,AMP99,AMP170,1:1,1000000,500000,E3_BTx398_AMP99_AMP170|AMP99+AMP170|1000000,1,5,535
E3_BTx398_AMP99_AMP170,Experiment 3,published,source_workbook_B_experiment_3_historical_block_1.xlsx,19,2,BTx398,sorghum,E3_BTx398_AMP99_AMP170_P01,1,mixture,AMP99,AMP170,1:1,1000000,500000,E3_BTx398_AMP99_AMP170|AMP99+AMP170|1000000,2,3,535
E3_BTx398_AMP99_AMP170,Experiment 3,published,source_workbook_B_experiment_3_historical_block_1.xlsx,19,2,BTx398,sorghum,E3_BTx398_AMP99_AMP170_P01,1,mixture,AMP99,AMP170,1:1,1000000,500000,E3_BTx398_AMP99_AMP170|AMP99+AMP170|1000000,3,5,535
E3_BTx398_AMP99_AMP170,Experiment 3,published,source_workbook_B_experiment_3_historical_block_1.xlsx,19,3,BTx398,sorghum,E3_BTx398_AMP99_AMP170_P01,1,mixture,AMP99,AMP170,1:1,100000,50000,E3_BTx398_AMP99_AMP170|AMP99+AMP170|100000,1,4,415
E3_BTx398_AMP99_AMP170,Experiment 3,published,source_workbook_B_experiment_3_historical_block_1.xlsx,19,3,BTx398,sorghum,E3_BTx398_AMP99_AMP170_P01,1,mixture,AMP99,AMP170,1:1,100000,50000,E3_BTx398_AMP99_AMP170|AMP99+AMP170|100000,2,1,415
E3_BTx398_AMP99_AMP170,Experiment 3,published,source_workbook_B_experiment_3_historical_block_1.xlsx,19,3,BTx398,sorghum,E3_BTx398_AMP99_AMP170_P01,1,mixture,AMP99,AMP170,1:1,100000,50000,E3_BTx398_AMP99_AMP170|AMP99+AMP170|100000,3,5,415
E3_BTx398_AMP99_AMP170,Experiment 3,published,source_workbook_B_experiment_3_historical_block_1.xlsx,19,4,BTx398,sorghum,E3_BTx398_AMP99_AMP170_P01,1,mixture,AMP99,AMP170,1:1,10000,5000,E3_BTx398_AMP99_AMP170|AMP99+AMP170|10000,1,1,111
E3_BTx398_AMP99_AMP170,Experiment 3,published,source_workbook_B_experiment_3_historical_block_1.xlsx,19,4,BTx398,sorghum,E3_BTx398_AMP99_AMP170_P01,1,mixture,AMP99,AMP170,1:1,10000,5000,E3_BTx398_AMP99_AMP170|AMP99+AMP170|10000,2,1,111
E3_BTx398_AMP99_AMP170,Experiment 3,published,source_workbook_B_experiment_3_historical_block_1.xlsx,19,4,BTx398,sorghum,E3_BTx398_AMP99_AMP170_P01,1,mixture,AMP99,AMP170,1:1,10000,5000,E3_BTx398_AMP99_AMP170|AMP99+AMP170|10000,3,1,111
E3_BTx398_AMP99_AMP170,Experiment 3,published,source_workbook_B_experiment_3_historical_block_1.xlsx,20,2,BTx398,sorghum,E3_BTx398_AMP99_AMP170_P02,2,mixture,AMP99,AMP170,1:1,1000000,500000,E3_BTx398_AMP99_AMP170|AMP99+AMP170|1000000,1,5,525
E3_BTx398_AMP99_AMP170,Experiment 3,published,source_workbook_B_experiment_3_historical_block_1.xlsx,20,2,BTx398,sorghum,E3_BTx398_AMP99_AMP170_P02,2,mixture,AMP99,AMP170,1:1,1000000,500000,E3_BTx398_AMP99_AMP170|AMP99+AMP170|1000000,2,2,525
E3_BTx398_AMP99_AMP170,Experiment 3,published,source_workbook_B_experiment_3_historical_block_1.xlsx,20,2,BTx398,sorghum,E3_BTx398_AMP99_AMP170_P02,2,mixture,AMP99,AMP170,1:1,1000000,500000,E3_BTx398_AMP99_AMP170|AMP99+AMP170|1000000,3,5,525
E3_BTx398_AMP99_AMP170,Experiment 3,published,source_workbook_B_experiment_3_historical_block_1.xlsx,20,3,BTx398,sorghum,E3_BTx398_AMP99_AMP170_P02,2,mixture,AMP99,AMP170,1:1,100000,50000,E3_BTx398_AMP99_AMP170|AMP99+AMP170|100000,1,4,451
E3_BTx398_AMP99_AMP170,Experiment 3,published,source_workbook_B_experiment_3_historical_block_1.xlsx,20,3,BTx398,sorghum,E3_BTx398_AMP99_AMP170_P02,2,mixture,AMP99,AMP170,1:1,100000,50000,E3_BTx398_AMP99_AMP170|AMP99+AMP170|100000,2,5,451
E3_BTx398_AMP99_AMP170,Experiment 3,published,source_workbook_B_experiment_3_historical_block_1.xlsx,20,3,BTx398,sorghum,E3_BTx398_AMP99_AMP170_P02,2,mixture,AMP99,AMP170,1:1,100000,50000,E3_BTx398_AMP99_AMP170|AMP99+AMP170|100000,3,1,451
E3_BTx398_AMP99_AMP170,Experiment 3,published,source_workbook_B_experiment_3_historical_block_1.xlsx,20,4,BTx398,sorghum,E3_BTx398_AMP99_AMP170_P02,2,mixture,AMP99,AMP170,1:1,10000,5000,E3_BTx398_AMP99_AMP170|AMP99+AMP170|10000,1,5,534
E3_BTx398_AMP99_AMP170,Experiment 3,published,source_workbook_B_experiment_3_historical_block_1.xlsx,20,4,BTx398,sorghum,E3_BTx398_AMP99_AMP170_P02,2,mixture,AMP99,AMP170,1:1,10000,5000,E3_BTx398_AMP99_AMP170|AMP99+AMP170|10000,2,3,534
E3_BTx398_AMP99_AMP170,Experiment 3,published,source_workbook_B_experiment_3_historical_block_1.xlsx,20,4,BTx398,sorghum,E3_BTx398_AMP99_AMP170_P02,2,mixture,AMP99,AMP170,1:1,10000,5000,E3_BTx398_AMP99_AMP170|AMP99+AMP170|10000,3,4,534
E3_BTx398_AMP99_AMP170,Experiment 3,published,source_workbook_B_experiment_3_historical_block_1.xlsx,21,2,BTx398,sorghum,E3_BTx398_AMP99_AMP170_P03,3,mixture,AMP99,AMP170,1:1,1000000,500000,E3_BTx398_AMP99_AMP170|AMP99+AMP170|1000000,1,5,553
E3_BTx398_AMP99_AMP170,Experiment 3,published,source_workbook_B_experiment_3_historical_block_1.xlsx,21,2,BTx398,sorghum,E3_BTx398_AMP99_AMP170_P03,3,mixture,AMP99,AMP170,1:1,1000000,500000,E3_BTx398_AMP99_AMP170|AMP99+AMP170|1000000,2,5,553
E3_BTx398_AMP99_AMP170,Experiment 3,published,source_workbook_B_experiment_3_historical_block_1.xlsx,21,2,BTx398,sorghum,E3_BTx398_AMP99_AMP170_P03,3,mixture,AMP99,AMP170,1:1,1000000,500000,E3_BTx398_AMP99_AMP170|AMP99+AMP170|1000000,3,3,553
E3_BTx398_AMP99_AMP170,Experiment 3,published,source_workbook_B_experiment_3_historical_block_1.xlsx,21,3,BTx398,sorghum,E3_BTx398_AMP99_AMP170_P03,3,mixture,AMP99,AMP170,1:1,100000,50000,E3_BTx398_AMP99_AMP170|AMP99+AMP170|100000,1,2,254
E3_BTx398_AMP99_AMP170,Experiment 3,published,source_workbook_B_experiment_3_historical_block_1.xlsx,21,3,BTx398,sorghum,E3_BTx398_AMP99_AMP170_P03,3,mixture,AMP99,AMP170,1:1,100000,50000,E3_BTx398_AMP99_AMP170|AMP99+AMP170|100000,2,5,254
E3_BTx398_AMP99_AMP170,Experiment 3,published,source_workbook_B_experiment_3_historical_block_1.xlsx,21,3,BTx398,sorghum,E3_BTx398_AMP99_AMP170_P03,3,mixture,AMP99,AMP170,1:1,100000,50000,E3_BTx398_AMP99_AMP170|AMP99+AMP170|100000,3,4,254
E3_BTx398_AMP99_AMP170,Experiment 3,published,source_workbook_B_experiment_3_historical_block_1.xlsx,21,4,BTx398,sorghum,E3_BTx398_AMP99_AMP170_P03,3,mixture,AMP99,AMP170,1:1,10000,5000,E3_BTx398_AMP99_AMP170|AMP99+AMP170|10000,1,5,511
E3_BTx398_AMP99_AMP170,Experiment 3,published,source_workbook_B_experiment_3_historical_block_1.xlsx,21,4,BTx398,sorghum,E3_BTx398_AMP99_AMP170_P03,3,mixture,AMP99,AMP170,1:1,10000,5000,E3_BTx398_AMP99_AMP170|AMP99+AMP170|10000,2,1,511
E3_BTx398_AMP99_AMP170,Experiment 3,published,source_workbook_B_experiment_3_historical_block_1.xlsx,21,4,BTx398,sorghum,E3_BTx398_AMP99_AMP170_P03,3,mixture,AMP99,AMP170,1:1,10000,5000,E3_BTx398_AMP99_AMP170|AMP99+AMP170|10000,3,1,511
E3_BTx398_AMP99_AMP170,Experiment 3,published,source_workbook_B_experiment_3_historical_block_1.xlsx,22,2,BTx398,sorghum,E3_BTx398_AMP99_AMP170_P04,4,mixture,AMP99,AMP170,1:1,1000000,500000,E3_BTx398_AMP99_AMP170|AMP99+AMP170|1000000,1,5,555
E3_BTx398_AMP99_AMP170,Experiment 3,published,source_workbook_B_experiment_3_historical_block_1.xlsx,22,2,BTx398,sorghum,E3_BTx398_AMP99_AMP170_P04,4,mixture,AMP99,AMP170,1:1,1000000,500000,E3_BTx398_AMP99_AMP170|AMP99+AMP170|1000000,2,5,555
E3_BTx398_AMP99_AMP170,Experiment 3,published,source_workbook_B_experiment_3_historical_block_1.xlsx,22,2,BTx398,sorghum,E3_BTx398_AMP99_AMP170_P04,4,mixture,AMP99,AMP170,1:1,1000000,500000,E3_BTx398_AMP99_AMP170|AMP99+AMP170|1000000,3,5,555
E3_BTx398_AMP99_AMP170,Experiment 3,published,source_workbook_B_experiment_3_historical_block_1.xlsx,22,3,BTx398,sorghum,E3_BTx398_AMP99_AMP170_P04,4,mixture,AMP99,AMP170,1:1,100000,50000,E3_BTx398_AMP99_AMP170|AMP99+AMP170|100000,1,2,255
E3_BTx398_AMP99_AMP170,Experiment 3,published,source_workbook_B_experiment_3_historical_block_1.xlsx,22,3,BTx398,sorghum,E3_BTx398_AMP99_AMP170_P04,4,mixture,AMP99,AMP170,1:1,100000,50000,E3_BTx398_AMP99_AMP170|AMP99+AMP170|100000,2,5,255
E3_BTx398_AMP99_AMP170,Experiment 3,published,source_workbook_B_experiment_3_historical_block_1.xlsx,22,3,BTx398,sorghum,E3_BTx398_AMP99_AMP170_P04,4,mixture,AMP99,AMP170,1:1,100000,50000,E3_BTx398_AMP99_AMP170|AMP99+AMP170|100000,3,5,255
E3_BTx398_AMP99_AMP170,Experiment 3,published,source_workbook_B_experiment_3_historical_block_1.xlsx,22,4,BTx398,sorghum,E3_BTx398_AMP99_AMP170_P04,4,mixture,AMP99,AMP170,1:1,10000,5000,E3_BTx398_AMP99_AMP170|AMP99+AMP170|10000,1,2,211
E3_BTx398_AMP99_AMP170,Experiment 3,published,source_workbook_B_experiment_3_historical_block_1.xlsx,22,4,BTx398,sorghum,E3_BTx398_AMP99_AMP170_P04,4,mixture,AMP99,AMP170,1:1,10000,5000,E3_BTx398_AMP99_AMP170|AMP99+AMP170|10000,2,1,211
E3_BTx398_AMP99_AMP170,Experiment 3,published,source_workbook_B_experiment_3_historical_block_1.xlsx,22,4,BTx398,sorghum,E3_BTx398_AMP99_AMP170_P04,4,mixture,AMP99,AMP170,1:1,10000,5000,E3_BTx398_AMP99_AMP170|AMP99+AMP170|10000,3,1,211
E3_BTx398_AMP99_AMP170,Experiment 3,published,source_workbook_B_experiment_3_historical_block_1.xlsx,23,2,BTx398,sorghum,E3_BTx398_AMP99_AMP170_P05,5,mixture,AMP99,AMP170,1:1,1000000,500000,E3_BTx398_AMP99_AMP170|AMP99+AMP170|1000000,1,5,531
E3_BTx398_AMP99_AMP170,Experiment 3,published,source_workbook_B_experiment_3_historical_block_1.xlsx,23,2,BTx398,sorghum,E3_BTx398_AMP99_AMP170_P05,5,mixture,AMP99,AMP170,1:1,1000000,500000,E3_BTx398_AMP99_AMP170|AMP99+AMP170|1000000,2,3,531
E3_BTx398_AMP99_AMP170,Experiment 3,published,source_workbook_B_experiment_3_historical_block_1.xlsx,23,2,BTx398,sorghum,E3_BTx398_AMP99_AMP170_P05,5,mixture,AMP99,AMP170,1:1,1000000,500000,E3_BTx398_AMP99_AMP170|AMP99+AMP170|1000000,3,1,531
E3_BTx398_AMP99_AMP170,Experiment 3,published,source_workbook_B_experiment_3_historical_block_1.xlsx,23,3,BTx398,sorghum,E3_BTx398_AMP99_AMP170_P05,5,mixture,AMP99,AMP170,1:1,100000,50000,E3_BTx398_AMP99_AMP170|AMP99+AMP170|100000,1,2,211
E3_BTx398_AMP99_AMP170,Experiment 3,published,source_workbook_B_experiment_3_historical_block_1.xlsx,23,3,BTx398,sorghum,E3_BTx398_AMP99_AMP170_P05,5,mixture,AMP99,AMP170,1:1,100000,50000,E3_BTx398_AMP99_AMP170|AMP99+AMP170|100000,2,1,211
E3_BTx398_AMP99_AMP170,Experiment 3,published,source_workbook_B_experiment_3_historical_block_1.xlsx,23,3,BTx398,sorghum,E3_BTx398_AMP99_AMP170_P05,5,mixture,AMP99,AMP170,1:1,100000,50000,E3_BTx398_AMP99_AMP170|AMP99+AMP170|100000,3,1,211
E3_BTx398_AMP99_AMP170,Experiment 3,published,source_workbook_B_experiment_3_historical_block_1.xlsx,23,4,BTx398,sorghum,E3_BTx398_AMP99_AMP170_P05,5,mixture,AMP99,AMP170,1:1,10000,5000,E3_BTx398_AMP99_AMP170|AMP99+AMP170|10000,1,2,213
E3_BTx398_AMP99_AMP170,Experiment 3,published,source_workbook_B_experiment_3_historical_block_1.xlsx,23,4,BTx398,sorghum,E3_BTx398_AMP99_AMP170_P05,5,mixture,AMP99,AMP170,1:1,10000,5000,E3_BTx398_AMP99_AMP170|AMP99+AMP170|10000,2,1,213
E3_BTx398_AMP99_AMP170,Experiment 3,published,source_workbook_B_experiment_3_historical_block_1.xlsx,23,4,BTx398,sorghum,E3_BTx398_AMP99_AMP170_P05,5,mixture,AMP99,AMP170,1:1,10000,5000,E3_BTx398_AMP99_AMP170|AMP99+AMP170|10000,3,3,213
E3_BTx398_AMP99_AMP170,Experiment 3,published,source_workbook_B_experiment_3_historical_block_1.xlsx,24,2,BTx398,sorghum,E3_BTx398_AMP99_AMP170_P06,6,mixture,AMP99,AMP170,1:1,1000000,500000,E3_BTx398_AMP99_AMP170|AMP99+AMP170|1000000,1,2,232
E3_BTx398_AMP99_AMP170,Experiment 3,published,source_workbook_B_experiment_3_historical_block_1.xlsx,24,2,BTx398,sorghum,E3_BTx398_AMP99_AMP170_P06,6,mixture,AMP99,AMP170,1:1,1000000,500000,E3_BTx398_AMP99_AMP170|AMP99+AMP170|1000000,2,3,232
E3_BTx398_AMP99_AMP170,Experiment 3,published,source_workbook_B_experiment_3_historical_block_1.xlsx,24,2,BTx398,sorghum,E3_BTx398_AMP99_AMP170_P06,6,mixture,AMP99,AMP170,1:1,1000000,500000,E3_BTx398_AMP99_AMP170|AMP99+AMP170|1000000,3,2,232
E3_BTx398_AMP99_AMP170,Experiment 3,published,source_workbook_B_experiment_3_historical_block_1.xlsx,24,3,BTx398,sorghum,E3_BTx398_AMP99_AMP170_P06,6,mixture,AMP99,AMP170,1:1,100000,50000,E3_BTx398_AMP99_AMP170|AMP99+AMP170|100000,1,1,113
E3_BTx398_AMP99_AMP170,Experiment 3,published,source_workbook_B_experiment_3_historical_block_1.xlsx,24,3,BTx398,sorghum,E3_BTx398_AMP99_AMP170_P06,6,mixture,AMP99,AMP170,1:1,100000,50000,E3_BTx398_AMP99_AMP170|AMP99+AMP170|100000,2,1,113
E3_BTx398_AMP99_AMP170,Experiment 3,published,source_workbook_B_experiment_3_historical_block_1.xlsx,24,3,BTx398,sorghum,E3_BTx398_AMP99_AMP170_P06,6,mixture,AMP99,AMP170,1:1,100000,50000,E3_BTx398_AMP99_AMP170|AMP99+AMP170|100000,3,3,113
E3_BTx398_AMP99_AMP170,Experiment 3,published,source_workbook_B_experiment_3_historical_block_1.xlsx,24,4,BTx398,sorghum,E3_BTx398_AMP99_AMP170_P06,6,mixture,AMP99,AMP170,1:1,10000,5000,E3_BTx398_AMP99_AMP170|AMP99+AMP170|10000,1,1,111
E3_BTx398_AMP99_AMP170,Experiment 3,published,source_workbook_B_experiment_3_historical_block_1.xlsx,24,4,BTx398,sorghum,E3_BTx398_AMP99_AMP170_P06,6,mixture,AMP99,AMP170,1:1,10000,5000,E3_BTx398_AMP99_AMP170|AMP99+AMP170|10000,2,1,111
E3_BTx398_AMP99_AMP170,Experiment 3,published,source_workbook_B_experiment_3_historical_block_1.xlsx,24,4,BTx398,sorghum,E3_BTx398_AMP99_AMP170_P06,6,mixture,AMP99,AMP170,1:1,10000,5000,E3_BTx398_AMP99_AMP170|AMP99+AMP170|10000,3,1,111
E3_BTx398_AMP99_AMP170,Experiment 3,published,source_workbook_B_experiment_3_historical_block_1.xlsx,25,2,BTx398,sorghum,E3_BTx398_AMP99_AMP170_P07,7,mixture,AMP99,AMP170,1:1,1000000,500000,E3_BTx398_AMP99_AMP170|AMP99+AMP170|1000000,1,5,555
E3_BTx398_AMP99_AMP170,Experiment 3,published,source_workbook_B_experiment_3_historical_block_1.xlsx,25,2,BTx398,sorghum,E3_BTx398_AMP99_AMP170_P07,7,mixture,AMP99,AMP170,1:1,1000000,500000,E3_BTx398_AMP99_AMP170|AMP99+AMP170|1000000,2,5,555
E3_BTx398_AMP99_AMP170,Experiment 3,published,source_workbook_B_experiment_3_historical_block_1.xlsx,25,2,BTx398,sorghum,E3_BTx398_AMP99_AMP170_P07,7,mixture,AMP99,AMP170,1:1,1000000,500000,E3_BTx398_AMP99_AMP170|AMP99+AMP170|1000000,3,5,555
E3_BTx398_AMP99_AMP170,Experiment 3,published,source_workbook_B_experiment_3_historical_block_1.xlsx,25,3,BTx398,sorghum,E3_BTx398_AMP99_AMP170_P07,7,mixture,AMP99,AMP170,1:1,100000,50000,E3_BTx398_AMP99_AMP170|AMP99+AMP170|100000,1,3,311
E3_BTx398_AMP99_AMP170,Experiment 3,published,source_workbook_B_experiment_3_historical_block_1.xlsx,25,3,BTx398,sorghum,E3_BTx398_AMP99_AMP170_P07,7,mixture,AMP99,AMP170,1:1,100000,50000,E3_BTx398_AMP99_AMP170|AMP99+AMP170|100000,2,1,311
E3_BTx398_AMP99_AMP170,Experiment 3,published,source_workbook_B_experiment_3_historical_block_1.xlsx,25,3,BTx398,sorghum,E3_BTx398_AMP99_AMP170_P07,7,mixture,AMP99,AMP170,1:1,100000,50000,E3_BTx398_AMP99_AMP170|AMP99+AMP170|100000,3,1,311
E3_BTx398_AMP99_AMP170,Experiment 3,published,source_workbook_B_experiment_3_historical_block_1.xlsx,25,4,BTx398,sorghum,E3_BTx398_AMP99_AMP170_P07,7,mixture,AMP99,AMP170,1:1,10000,5000,E3_BTx398_AMP99_AMP170|AMP99+AMP170|10000,1,1,111
E3_BTx398_AMP99_AMP170,Experiment 3,published,source_workbook_B_experiment_3_historical_block_1.xlsx,25,4,BTx398,sorghum,E3_BTx398_AMP99_AMP170_P07,7,mixture,AMP99,AMP170,1:1,10000,5000,E3_BTx398_AMP99_AMP170|AMP99+AMP170|10000,2,1,111
E3_BTx398_AMP99_AMP170,Experiment 3,published,source_workbook_B_experiment_3_historical_block_1.xlsx,25,4,BTx398,sorghum,E3_BTx398_AMP99_AMP170_P07,7,mixture,AMP99,AMP170,1:1,10000,5000,E3_BTx398_AMP99_AMP170|AMP99+AMP170|10000,3,1,111
H1_RTx2536_AMP20_AMP27,Historical block 1,historical,source_workbook_B_experiment_3_historical_block_1.xlsx,28,2,RTx2536,sorghum,H1_RTx2536_AMP20_AMP27_P01,1,single,AMP20,,,1000000,1000000,H1_RTx2536_AMP20_AMP27|AMP20|1000000,1,5,555
H1_RTx2536_AMP20_AMP27,Historical block 1,historical,source_workbook_B_experiment_3_historical_block_1.xlsx,28,2,RTx2536,sorghum,H1_RTx2536_AMP20_AMP27_P01,1,single,AMP20,,,1000000,1000000,H1_RTx2536_AMP20_AMP27|AMP20|1000000,2,5,555
H1_RTx2536_AMP20_AMP27,Historical block 1,historical,source_workbook_B_experiment_3_historical_block_1.xlsx,28,2,RTx2536,sorghum,H1_RTx2536_AMP20_AMP27_P01,1,single,AMP20,,,1000000,1000000,H1_RTx2536_AMP20_AMP27|AMP20|1000000,3,5,555
H1_RTx2536_AMP20_AMP27,Historical block 1,historical,source_workbook_B_experiment_3_historical_block_1.xlsx,28,3,RTx2536,sorghum,H1_RTx2536_AMP20_AMP27_P01,1,single,AMP20,,,500000,500000,H1_RTx2536_AMP20_AMP27|AMP20|500000,1,5,555
H1_RTx2536_AMP20_AMP27,Historical block 1,historical,source_workbook_B_experiment_3_historical_block_1.xlsx,28,3,RTx2536,sorghum,H1_RTx2536_AMP20_AMP27_P01,1,single,AMP20,,,500000,500000,H1_RTx2536_AMP20_AMP27|AMP20|500000,2,5,555
H1_RTx2536_AMP20_AMP27,Historical block 1,historical,source_workbook_B_experiment_3_historical_block_1.xlsx,28,3,RTx2536,sorghum,H1_RTx2536_AMP20_AMP27_P01,1,single,AMP20,,,500000,500000,H1_RTx2536_AMP20_AMP27|AMP20|500000,3,5,555
H1_RTx2536_AMP20_AMP27,Historical block 1,historical,source_workbook_B_experiment_3_historical_block_1.xlsx,28,4,RTx2536,sorghum,H1_RTx2536_AMP20_AMP27_P01,1,single,AMP20,,,100000,100000,H1_RTx2536_AMP20_AMP27|AMP20|100000,1,5,553
H1_RTx2536_AMP20_AMP27,Historical block 1,historical,source_workbook_B_experiment_3_historical_block_1.xlsx,28,4,RTx2536,sorghum,H1_RTx2536_AMP20_AMP27_P01,1,single,AMP20,,,100000,100000,H1_RTx2536_AMP20_AMP27|AMP20|100000,2,5,553
H1_RTx2536_AMP20_AMP27,Historical block 1,historical,source_workbook_B_experiment_3_historical_block_1.xlsx,28,4,RTx2536,sorghum,H1_RTx2536_AMP20_AMP27_P01,1,single,AMP20,,,100000,100000,H1_RTx2536_AMP20_AMP27|AMP20|100000,3,3,553
H1_RTx2536_AMP20_AMP27,Historical block 1,historical,source_workbook_B_experiment_3_historical_block_1.xlsx,28,5,RTx2536,sorghum,H1_RTx2536_AMP20_AMP27_P01,1,single,AMP20,,,50000,50000,H1_RTx2536_AMP20_AMP27|AMP20|50000,1,1,111
H1_RTx2536_AMP20_AMP27,Historical block 1,historical,source_workbook_B_experiment_3_historical_block_1.xlsx,28,5,RTx2536,sorghum,H1_RTx2536_AMP20_AMP27_P01,1,single,AMP20,,,50000,50000,H1_RTx2536_AMP20_AMP27|AMP20|50000,2,1,111
H1_RTx2536_AMP20_AMP27,Historical block 1,historical,source_workbook_B_experiment_3_historical_block_1.xlsx,28,5,RTx2536,sorghum,H1_RTx2536_AMP20_AMP27_P01,1,single,AMP20,,,50000,50000,H1_RTx2536_AMP20_AMP27|AMP20|50000,3,1,111
H1_RTx2536_AMP20_AMP27,Historical block 1,historical,source_workbook_B_experiment_3_historical_block_1.xlsx,28,6,RTx2536,sorghum,H1_RTx2536_AMP20_AMP27_P01,1,single,AMP20,,,10000,10000,H1_RTx2536_AMP20_AMP27|AMP20|10000,1,5,511
H1_RTx2536_AMP20_AMP27,Historical block 1,historical,source_workbook_B_experiment_3_historical_block_1.xlsx,28,6,RTx2536,sorghum,H1_RTx2536_AMP20_AMP27_P01,1,single,AMP20,,,10000,10000,H1_RTx2536_AMP20_AMP27|AMP20|10000,2,1,511
H1_RTx2536_AMP20_AMP27,Historical block 1,historical,source_workbook_B_experiment_3_historical_block_1.xlsx,28,6,RTx2536,sorghum,H1_RTx2536_AMP20_AMP27_P01,1,single,AMP20,,,10000,10000,H1_RTx2536_AMP20_AMP27|AMP20|10000,3,1,511
H1_RTx2536_AMP20_AMP27,Historical block 1,historical,source_workbook_B_experiment_3_historical_block_1.xlsx,28,7,RTx2536,sorghum,H1_RTx2536_AMP20_AMP27_P01,1,single,AMP20,,,5000,5000,H1_RTx2536_AMP20_AMP27|AMP20|5000,1,2,211
H1_RTx2536_AMP20_AMP27,Historical block 1,historical,source_workbook_B_experiment_3_historical_block_1.xlsx,28,7,RTx2536,sorghum,H1_RTx2536_AMP20_AMP27_P01,1,single,AMP20,,,5000,5000,H1_RTx2536_AMP20_AMP27|AMP20|5000,2,1,211
H1_RTx2536_AMP20_AMP27,Historical block 1,historical,source_workbook_B_experiment_3_historical_block_1.xlsx,28,7,RTx2536,sorghum,H1_RTx2536_AMP20_AMP27_P01,1,single,AMP20,,,5000,5000,H1_RTx2536_AMP20_AMP27|AMP20|5000,3,1,211
H1_RTx2536_AMP20_AMP27,Historical block 1,historical,source_workbook_B_experiment_3_historical_block_1.xlsx,29,2,RTx2536,sorghum,H1_RTx2536_AMP20_AMP27_P02,2,single,AMP20,,,1000000,1000000,H1_RTx2536_AMP20_AMP27|AMP20|1000000,1,5,555
H1_RTx2536_AMP20_AMP27,Historical block 1,historical,source_workbook_B_experiment_3_historical_block_1.xlsx,29,2,RTx2536,sorghum,H1_RTx2536_AMP20_AMP27_P02,2,single,AMP20,,,1000000,1000000,H1_RTx2536_AMP20_AMP27|AMP20|1000000,2,5,555
H1_RTx2536_AMP20_AMP27,Historical block 1,historical,source_workbook_B_experiment_3_historical_block_1.xlsx,29,2,RTx2536,sorghum,H1_RTx2536_AMP20_AMP27_P02,2,single,AMP20,,,1000000,1000000,H1_RTx2536_AMP20_AMP27|AMP20|1000000,3,5,555
H1_RTx2536_AMP20_AMP27,Historical block 1,historical,source_workbook_B_experiment_3_historical_block_1.xlsx,29,3,RTx2536,sorghum,H1_RTx2536_AMP20_AMP27_P02,2,single,AMP20,,,500000,500000,H1_RTx2536_AMP20_AMP27|AMP20|500000,1,5,555
H1_RTx2536_AMP20_AMP27,Historical block 1,historical,source_workbook_B_experiment_3_historical_block_1.xlsx,29,3,RTx2536,sorghum,H1_RTx2536_AMP20_AMP27_P02,2,single,AMP20,,,500000,500000,H1_RTx2536_AMP20_AMP27|AMP20|500000,2,5,555
H1_RTx2536_AMP20_AMP27,Historical block 1,historical,source_workbook_B_experiment_3_historical_block_1.xlsx,29,3,RTx2536,sorghum,H1_RTx2536_AMP20_AMP27_P02,2,single,AMP20,,,500000,500000,H1_RTx2536_AMP20_AMP27|AMP20|500000,3,5,555
H1_RTx2536_AMP20_AMP27,Historical block 1,historical,source_workbook_B_experiment_3_historical_block_1.xlsx,29,4,RTx2536,sorghum,H1_RTx2536_AMP20_AMP27_P02,2,single,AMP20,,,100000,100000,H1_RTx2536_AMP20_AMP27|AMP20|100000,1,5,555
H1_RTx2536_AMP20_AMP27,Historical block 1,historical,source_workbook_B_experiment_3_historical_block_1.xlsx,29,4,RTx2536,sorghum,H1_RTx2536_AMP20_AMP27_P02,2,single,AMP20,,,100000,100000,H1_RTx2536_AMP20_AMP27|AMP20|100000,2,5,555
H1_RTx2536_AMP20_AMP27,Historical block 1,historical,source_workbook_B_experiment_3_historical_block_1.xlsx,29,4,RTx2536,sorghum,H1_RTx2536_AMP20_AMP27_P02,2,single,AMP20,,,100000,100000,H1_RTx2536_AMP20_AMP27|AMP20|100000,3,5,555
H1_RTx2536_AMP20_AMP27,Historical block 1,historical,source_workbook_B_experiment_3_historical_block_1.xlsx,29,5,RTx2536,sorghum,H1_RTx2536_AMP20_AMP27_P02,2,single,AMP20,,,50000,50000,H1_RTx2536_AMP20_AMP27|AMP20|50000,1,5,554
H1_RTx2536_AMP20_AMP27,Historical block 1,historical,source_workbook_B_experiment_3_historical_block_1.xlsx,29,5,RTx2536,sorghum,H1_RTx2536_AMP20_AMP27_P02,2,single,AMP20,,,50000,50000,H1_RTx2536_AMP20_AMP27|AMP20|50000,2,5,554
H1_RTx2536_AMP20_AMP27,Historical block 1,historical,source_workbook_B_experiment_3_historical_block_1.xlsx,29,5,RTx2536,sorghum,H1_RTx2536_AMP20_AMP27_P02,2,single,AMP20,,,50000,50000,H1_RTx2536_AMP20_AMP27|AMP20|50000,3,4,554
H1_RTx2536_AMP20_AMP27,Historical block 1,historical,source_workbook_B_experiment_3_historical_block_1.xlsx,29,6,RTx2536,sorghum,H1_RTx2536_AMP20_AMP27_P02,2,single,AMP20,,,10000,10000,H1_RTx2536_AMP20_AMP27|AMP20|10000,1,1,111
H1_RTx2536_AMP20_AMP27,Historical block 1,historical,source_workbook_B_experiment_3_historical_block_1.xlsx,29,6,RTx2536,sorghum,H1_RTx2536_AMP20_AMP27_P02,2,single,AMP20,,,10000,10000,H1_RTx2536_AMP20_AMP27|AMP20|10000,2,1,111
H1_RTx2536_AMP20_AMP27,Historical block 1,historical,source_workbook_B_experiment_3_historical_block_1.xlsx,29,6,RTx2536,sorghum,H1_RTx2536_AMP20_AMP27_P02,2,single,AMP20,,,10000,10000,H1_RTx2536_AMP20_AMP27|AMP20|10000,3,1,111
H1_RTx2536_AMP20_AMP27,Historical block 1,historical,source_workbook_B_experiment_3_historical_block_1.xlsx,29,7,RTx2536,sorghum,H1_RTx2536_AMP20_AMP27_P02,2,single,AMP20,,,5000,5000,H1_RTx2536_AMP20_AMP27|AMP20|5000,1,1,111
H1_RTx2536_AMP20_AMP27,Historical block 1,historical,source_workbook_B_experiment_3_historical_block_1.xlsx,29,7,RTx2536,sorghum,H1_RTx2536_AMP20_AMP27_P02,2,single,AMP20,,,5000,5000,H1_RTx2536_AMP20_AMP27|AMP20|5000,2,1,111
H1_RTx2536_AMP20_AMP27,Historical block 1,historical,source_workbook_B_experiment_3_historical_block_1.xlsx,29,7,RTx2536,sorghum,H1_RTx2536_AMP20_AMP27_P02,2,single,AMP20,,,5000,5000,H1_RTx2536_AMP20_AMP27|AMP20|5000,3,1,111
H1_RTx2536_AMP20_AMP27,Historical block 1,historical,source_workbook_B_experiment_3_historical_block_1.xlsx,30,2,RTx2536,sorghum,H1_RTx2536_AMP20_AMP27_P03,3,single,AMP20,,,1000000,1000000,H1_RTx2536_AMP20_AMP27|AMP20|1000000,1,5,555
H1_RTx2536_AMP20_AMP27,Historical block 1,historical,source_workbook_B_experiment_3_historical_block_1.xlsx,30,2,RTx2536,sorghum,H1_RTx2536_AMP20_AMP27_P03,3,single,AMP20,,,1000000,1000000,H1_RTx2536_AMP20_AMP27|AMP20|1000000,2,5,555
H1_RTx2536_AMP20_AMP27,Historical block 1,historical,source_workbook_B_experiment_3_historical_block_1.xlsx,30,2,RTx2536,sorghum,H1_RTx2536_AMP20_AMP27_P03,3,single,AMP20,,,1000000,1000000,H1_RTx2536_AMP20_AMP27|AMP20|1000000,3,5,555
H1_RTx2536_AMP20_AMP27,Historical block 1,historical,source_workbook_B_experiment_3_historical_block_1.xlsx,30,3,RTx2536,sorghum,H1_RTx2536_AMP20_AMP27_P03,3,single,AMP20,,,500000,500000,H1_RTx2536_AMP20_AMP27|AMP20|500000,1,5,555
H1_RTx2536_AMP20_AMP27,Historical block 1,historical,source_workbook_B_experiment_3_historical_block_1.xlsx,30,3,RTx2536,sorghum,H1_RTx2536_AMP20_AMP27_P03,3,single,AMP20,,,500000,500000,H1_RTx2536_AMP20_AMP27|AMP20|500000,2,5,555
H1_RTx2536_AMP20_AMP27,Historical block 1,historical,source_workbook_B_experiment_3_historical_block_1.xlsx,30,3,RTx2536,sorghum,H1_RTx2536_AMP20_AMP27_P03,3,single,AMP20,,,500000,500000,H1_RTx2536_AMP20_AMP27|AMP20|500000,3,5,555
H1_RTx2536_AMP20_AMP27,Historical block 1,historical,source_workbook_B_experiment_3_historical_block_1.xlsx,30,4,RTx2536,sorghum,H1_RTx2536_AMP20_AMP27_P03,3,single,AMP20,,,100000,100000,H1_RTx2536_AMP20_AMP27|AMP20|100000,1,5,551
H1_RTx2536_AMP20_AMP27,Historical block 1,historical,source_workbook_B_experiment_3_historical_block_1.xlsx,30,4,RTx2536,sorghum,H1_RTx2536_AMP20_AMP27_P03,3,single,AMP20,,,100000,100000,H1_RTx2536_AMP20_AMP27|AMP20|100000,2,5,551
H1_RTx2536_AMP20_AMP27,Historical block 1,historical,source_workbook_B_experiment_3_historical_block_1.xlsx,30,4,RTx2536,sorghum,H1_RTx2536_AMP20_AMP27_P03,3,single,AMP20,,,100000,100000,H1_RTx2536_AMP20_AMP27|AMP20|100000,3,1,551
H1_RTx2536_AMP20_AMP27,Historical block 1,historical,source_workbook_B_experiment_3_historical_block_1.xlsx,30,5,RTx2536,sorghum,H1_RTx2536_AMP20_AMP27_P03,3,single,AMP20,,,50000,50000,H1_RTx2536_AMP20_AMP27|AMP20|50000,1,2,225
H1_RTx2536_AMP20_AMP27,Historical block 1,historical,source_workbook_B_experiment_3_historical_block_1.xlsx,30,5,RTx2536,sorghum,H1_RTx2536_AMP20_AMP27_P03,3,single,AMP20,,,50000,50000,H1_RTx2536_AMP20_AMP27|AMP20|50000,2,2,225
H1_RTx2536_AMP20_AMP27,Historical block 1,historical,source_workbook_B_experiment_3_historical_block_1.xlsx,30,5,RTx2536,sorghum,H1_RTx2536_AMP20_AMP27_P03,3,single,AMP20,,,50000,50000,H1_RTx2536_AMP20_AMP27|AMP20|50000,3,5,225
H1_RTx2536_AMP20_AMP27,Historical block 1,historical,source_workbook_B_experiment_3_historical_block_1.xlsx,30,6,RTx2536,sorghum,H1_RTx2536_AMP20_AMP27_P03,3,single,AMP20,,,10000,10000,H1_RTx2536_AMP20_AMP27|AMP20|10000,1,5,511
H1_RTx2536_AMP20_AMP27,Historical block 1,historical,source_workbook_B_experiment_3_historical_block_1.xlsx,30,6,RTx2536,sorghum,H1_RTx2536_AMP20_AMP27_P03,3,single,AMP20,,,10000,10000,H1_RTx2536_AMP20_AMP27|AMP20|10000,2,1,511
H1_RTx2536_AMP20_AMP27,Historical block 1,historical,source_workbook_B_experiment_3_historical_block_1.xlsx,30,6,RTx2536,sorghum,H1_RTx2536_AMP20_AMP27_P03,3,single,AMP20,,,10000,10000,H1_RTx2536_AMP20_AMP27|AMP20|10000,3,1,511
H1_RTx2536_AMP20_AMP27,Historical block 1,historical,source_workbook_B_experiment_3_historical_block_1.xlsx,30,7,RTx2536,sorghum,H1_RTx2536_AMP20_AMP27_P03,3,single,AMP20,,,5000,5000,H1_RTx2536_AMP20_AMP27|AMP20|5000,1,1,111
H1_RTx2536_AMP20_AMP27,Historical block 1,historical,source_workbook_B_experiment_3_historical_block_1.xlsx,30,7,RTx2536,sorghum,H1_RTx2536_AMP20_AMP27_P03,3,single,AMP20,,,5000,5000,H1_RTx2536_AMP20_AMP27|AMP20|5000,2,1,111
H1_RTx2536_AMP20_AMP27,Historical block 1,historical,source_workbook_B_experiment_3_historical_block_1.xlsx,30,7,RTx2536,sorghum,H1_RTx2536_AMP20_AMP27_P03,3,single,AMP20,,,5000,5000,H1_RTx2536_AMP20_AMP27|AMP20|5000,3,1,111
H1_RTx2536_AMP20_AMP27,Historical block 1,historical,source_workbook_B_experiment_3_historical_block_1.xlsx,31,2,RTx2536,sorghum,H1_RTx2536_AMP20_AMP27_P04,4,single,AMP20,,,1000000,1000000,H1_RTx2536_AMP20_AMP27|AMP20|1000000,1,5,555
H1_RTx2536_AMP20_AMP27,Historical block 1,historical,source_workbook_B_experiment_3_historical_block_1.xlsx,31,2,RTx2536,sorghum,H1_RTx2536_AMP20_AMP27_P04,4,single,AMP20,,,1000000,1000000,H1_RTx2536_AMP20_AMP27|AMP20|1000000,2,5,555
H1_RTx2536_AMP20_AMP27,Historical block 1,historical,source_workbook_B_experiment_3_historical_block_1.xlsx,31,2,RTx2536,sorghum,H1_RTx2536_AMP20_AMP27_P04,4,single,AMP20,,,1000000,1000000,H1_RTx2536_AMP20_AMP27|AMP20|1000000,3,5,555
H1_RTx2536_AMP20_AMP27,Historical block 1,historical,source_workbook_B_experiment_3_historical_block_1.xlsx,31,3,RTx2536,sorghum,H1_RTx2536_AMP20_AMP27_P04,4,single,AMP20,,,500000,500000,H1_RTx2536_AMP20_AMP27|AMP20|500000,1,5,555
H1_RTx2536_AMP20_AMP27,Historical block 1,historical,source_workbook_B_experiment_3_historical_block_1.xlsx,31,3,RTx2536,sorghum,H1_RTx2536_AMP20_AMP27_P04,4,single,AMP20,,,500000,500000,H1_RTx2536_AMP20_AMP27|AMP20|500000,2,5,555
H1_RTx2536_AMP20_AMP27,Historical block 1,historical,source_workbook_B_experiment_3_historical_block_1.xlsx,31,3,RTx2536,sorghum,H1_RTx2536_AMP20_AMP27_P04,4,single,AMP20,,,500000,500000,H1_RTx2536_AMP20_AMP27|AMP20|500000,3,5,555
H1_RTx2536_AMP20_AMP27,Historical block 1,historical,source_workbook_B_experiment_3_historical_block_1.xlsx,31,4,RTx2536,sorghum,H1_RTx2536_AMP20_AMP27_P04,4,single,AMP20,,,100000,100000,H1_RTx2536_AMP20_AMP27|AMP20|100000,1,5,531
H1_RTx2536_AMP20_AMP27,Historical block 1,historical,source_workbook_B_experiment_3_historical_block_1.xlsx,31,4,RTx2536,sorghum,H1_RTx2536_AMP20_AMP27_P04,4,single,AMP20,,,100000,100000,H1_RTx2536_AMP20_AMP27|AMP20|100000,2,3,531
H1_RTx2536_AMP20_AMP27,Historical block 1,historical,source_workbook_B_experiment_3_historical_block_1.xlsx,31,4,RTx2536,sorghum,H1_RTx2536_AMP20_AMP27_P04,4,single,AMP20,,,100000,100000,H1_RTx2536_AMP20_AMP27|AMP20|100000,3,1,531
H1_RTx2536_AMP20_AMP27,Historical block 1,historical,source_workbook_B_experiment_3_historical_block_1.xlsx,31,5,RTx2536,sorghum,H1_RTx2536_AMP20_AMP27_P04,4,single,AMP20,,,50000,50000,H1_RTx2536_AMP20_AMP27|AMP20|50000,1,5,553
H1_RTx2536_AMP20_AMP27,Historical block 1,historical,source_workbook_B_experiment_3_historical_block_1.xlsx,31,5,RTx2536,sorghum,H1_RTx2536_AMP20_AMP27_P04,4,single,AMP20,,,50000,50000,H1_RTx2536_AMP20_AMP27|AMP20|50000,2,5,553
H1_RTx2536_AMP20_AMP27,Historical block 1,historical,source_workbook_B_experiment_3_historical_block_1.xlsx,31,5,RTx2536,sorghum,H1_RTx2536_AMP20_AMP27_P04,4,single,AMP20,,,50000,50000,H1_RTx2536_AMP20_AMP27|AMP20|50000,3,3,553
H1_RTx2536_AMP20_AMP27,Historical block 1,historical,source_workbook_B_experiment_3_historical_block_1.xlsx,31,6,RTx2536,sorghum,H1_RTx2536_AMP20_AMP27_P04,4,single,AMP20,,,10000,10000,H1_RTx2536_AMP20_AMP27|AMP20|10000,1,5,554
H1_RTx2536_AMP20_AMP27,Historical block 1,historical,source_workbook_B_experiment_3_historical_block_1.xlsx,31,6,RTx2536,sorghum,H1_RTx2536_AMP20_AMP27_P04,4,single,AMP20,,,10000,10000,H1_RTx2536_AMP20_AMP27|AMP20|10000,2,5,554
H1_RTx2536_AMP20_AMP27,Historical block 1,historical,source_workbook_B_experiment_3_historical_block_1.xlsx,31,6,RTx2536,sorghum,H1_RTx2536_AMP20_AMP27_P04,4,single,AMP20,,,10000,10000,H1_RTx2536_AMP20_AMP27|AMP20|10000,3,4,554
H1_RTx2536_AMP20_AMP27,Historical block 1,historical,source_workbook_B_experiment_3_historical_block_1.xlsx,31,7,RTx2536,sorghum,H1_RTx2536_AMP20_AMP27_P04,4,single,AMP20,,,5000,5000,H1_RTx2536_AMP20_AMP27|AMP20|5000,1,1,111
H1_RTx2536_AMP20_AMP27,Historical block 1,historical,source_workbook_B_experiment_3_historical_block_1.xlsx,31,7,RTx2536,sorghum,H1_RTx2536_AMP20_AMP27_P04,4,single,AMP20,,,5000,5000,H1_RTx2536_AMP20_AMP27|AMP20|5000,2,1,111
H1_RTx2536_AMP20_AMP27,Historical block 1,historical,source_workbook_B_experiment_3_historical_block_1.xlsx,31,7,RTx2536,sorghum,H1_RTx2536_AMP20_AMP27_P04,4,single,AMP20,,,5000,5000,H1_RTx2536_AMP20_AMP27|AMP20|5000,3,1,111
H1_RTx2536_AMP20_AMP27,Historical block 1,historical,source_workbook_B_experiment_3_historical_block_1.xlsx,32,2,RTx2536,sorghum,H1_RTx2536_AMP20_AMP27_P05,5,single,AMP20,,,1000000,1000000,H1_RTx2536_AMP20_AMP27|AMP20|1000000,1,5,555
H1_RTx2536_AMP20_AMP27,Historical block 1,historical,source_workbook_B_experiment_3_historical_block_1.xlsx,32,2,RTx2536,sorghum,H1_RTx2536_AMP20_AMP27_P05,5,single,AMP20,,,1000000,1000000,H1_RTx2536_AMP20_AMP27|AMP20|1000000,2,5,555
H1_RTx2536_AMP20_AMP27,Historical block 1,historical,source_workbook_B_experiment_3_historical_block_1.xlsx,32,2,RTx2536,sorghum,H1_RTx2536_AMP20_AMP27_P05,5,single,AMP20,,,1000000,1000000,H1_RTx2536_AMP20_AMP27|AMP20|1000000,3,5,555
H1_RTx2536_AMP20_AMP27,Historical block 1,historical,source_workbook_B_experiment_3_historical_block_1.xlsx,32,3,RTx2536,sorghum,H1_RTx2536_AMP20_AMP27_P05,5,single,AMP20,,,500000,500000,H1_RTx2536_AMP20_AMP27|AMP20|500000,1,5,555
H1_RTx2536_AMP20_AMP27,Historical block 1,historical,source_workbook_B_experiment_3_historical_block_1.xlsx,32,3,RTx2536,sorghum,H1_RTx2536_AMP20_AMP27_P05,5,single,AMP20,,,500000,500000,H1_RTx2536_AMP20_AMP27|AMP20|500000,2,5,555
H1_RTx2536_AMP20_AMP27,Historical block 1,historical,source_workbook_B_experiment_3_historical_block_1.xlsx,32,3,RTx2536,sorghum,H1_RTx2536_AMP20_AMP27_P05,5,single,AMP20,,,500000,500000,H1_RTx2536_AMP20_AMP27|AMP20|500000,3,5,555
H1_RTx2536_AMP20_AMP27,Historical block 1,historical,source_workbook_B_experiment_3_historical_block_1.xlsx,32,4,RTx2536,sorghum,H1_RTx2536_AMP20_AMP27_P05,5,single,AMP20,,,100000,100000,H1_RTx2536_AMP20_AMP27|AMP20|100000,1,2,212
H1_RTx2536_AMP20_AMP27,Historical block 1,historical,source_workbook_B_experiment_3_historical_block_1.xlsx,32,4,RTx2536,sorghum,H1_RTx2536_AMP20_AMP27_P05,5,single,AMP20,,,100000,100000,H1_RTx2536_AMP20_AMP27|AMP20|100000,2,1,212
H1_RTx2536_AMP20_AMP27,Historical block 1,historical,source_workbook_B_experiment_3_historical_block_1.xlsx,32,4,RTx2536,sorghum,H1_RTx2536_AMP20_AMP27_P05,5,single,AMP20,,,100000,100000,H1_RTx2536_AMP20_AMP27|AMP20|100000,3,2,212
H1_RTx2536_AMP20_AMP27,Historical block 1,historical,source_workbook_B_experiment_3_historical_block_1.xlsx,32,5,RTx2536,sorghum,H1_RTx2536_AMP20_AMP27_P05,5,single,AMP20,,,50000,50000,H1_RTx2536_AMP20_AMP27|AMP20|50000,1,1,114
H1_RTx2536_AMP20_AMP27,Historical block 1,historical,source_workbook_B_experiment_3_historical_block_1.xlsx,32,5,RTx2536,sorghum,H1_RTx2536_AMP20_AMP27_P05,5,single,AMP20,,,50000,50000,H1_RTx2536_AMP20_AMP27|AMP20|50000,2,1,114
H1_RTx2536_AMP20_AMP27,Historical block 1,historical,source_workbook_B_experiment_3_historical_block_1.xlsx,32,5,RTx2536,sorghum,H1_RTx2536_AMP20_AMP27_P05,5,single,AMP20,,,50000,50000,H1_RTx2536_AMP20_AMP27|AMP20|50000,3,4,114
H1_RTx2536_AMP20_AMP27,Historical block 1,historical,source_workbook_B_experiment_3_historical_block_1.xlsx,32,6,RTx2536,sorghum,H1_RTx2536_AMP20_AMP27_P05,5,single,AMP20,,,10000,10000,H1_RTx2536_AMP20_AMP27|AMP20|10000,1,4,411
H1_RTx2536_AMP20_AMP27,Historical block 1,historical,source_workbook_B_experiment_3_historical_block_1.xlsx,32,6,RTx2536,sorghum,H1_RTx2536_AMP20_AMP27_P05,5,single,AMP20,,,10000,10000,H1_RTx2536_AMP20_AMP27|AMP20|10000,2,1,411
H1_RTx2536_AMP20_AMP27,Historical block 1,historical,source_workbook_B_experiment_3_historical_block_1.xlsx,32,6,RTx2536,sorghum,H1_RTx2536_AMP20_AMP27_P05,5,single,AMP20,,,10000,10000,H1_RTx2536_AMP20_AMP27|AMP20|10000,3,1,411
H1_RTx2536_AMP20_AMP27,Historical block 1,historical,source_workbook_B_experiment_3_historical_block_1.xlsx,32,7,RTx2536,sorghum,H1_RTx2536_AMP20_AMP27_P05,5,single,AMP20,,,5000,5000,H1_RTx2536_AMP20_AMP27|AMP20|5000,1,1,111
H1_RTx2536_AMP20_AMP27,Historical block 1,historical,source_workbook_B_experiment_3_historical_block_1.xlsx,32,7,RTx2536,sorghum,H1_RTx2536_AMP20_AMP27_P05,5,single,AMP20,,,5000,5000,H1_RTx2536_AMP20_AMP27|AMP20|5000,2,1,111
H1_RTx2536_AMP20_AMP27,Historical block 1,historical,source_workbook_B_experiment_3_historical_block_1.xlsx,32,7,RTx2536,sorghum,H1_RTx2536_AMP20_AMP27_P05,5,single,AMP20,,,5000,5000,H1_RTx2536_AMP20_AMP27|AMP20|5000,3,1,111
H1_RTx2536_AMP20_AMP27,Historical block 1,historical,source_workbook_B_experiment_3_historical_block_1.xlsx,33,2,RTx2536,sorghum,H1_RTx2536_AMP20_AMP27_P06,6,single,AMP20,,,1000000,1000000,H1_RTx2536_AMP20_AMP27|AMP20|1000000,1,5,551
H1_RTx2536_AMP20_AMP27,Historical block 1,historical,source_workbook_B_experiment_3_historical_block_1.xlsx,33,2,RTx2536,sorghum,H1_RTx2536_AMP20_AMP27_P06,6,single,AMP20,,,1000000,1000000,H1_RTx2536_AMP20_AMP27|AMP20|1000000,2,5,551
H1_RTx2536_AMP20_AMP27,Historical block 1,historical,source_workbook_B_experiment_3_historical_block_1.xlsx,33,2,RTx2536,sorghum,H1_RTx2536_AMP20_AMP27_P06,6,single,AMP20,,,1000000,1000000,H1_RTx2536_AMP20_AMP27|AMP20|1000000,3,1,551
H1_RTx2536_AMP20_AMP27,Historical block 1,historical,source_workbook_B_experiment_3_historical_block_1.xlsx,33,3,RTx2536,sorghum,H1_RTx2536_AMP20_AMP27_P06,6,single,AMP20,,,500000,500000,H1_RTx2536_AMP20_AMP27|AMP20|500000,1,5,555
H1_RTx2536_AMP20_AMP27,Historical block 1,historical,source_workbook_B_experiment_3_historical_block_1.xlsx,33,3,RTx2536,sorghum,H1_RTx2536_AMP20_AMP27_P06,6,single,AMP20,,,500000,500000,H1_RTx2536_AMP20_AMP27|AMP20|500000,2,5,555
H1_RTx2536_AMP20_AMP27,Historical block 1,historical,source_workbook_B_experiment_3_historical_block_1.xlsx,33,3,RTx2536,sorghum,H1_RTx2536_AMP20_AMP27_P06,6,single,AMP20,,,500000,500000,H1_RTx2536_AMP20_AMP27|AMP20|500000,3,5,555
H1_RTx2536_AMP20_AMP27,Historical block 1,historical,source_workbook_B_experiment_3_historical_block_1.xlsx,33,4,RTx2536,sorghum,H1_RTx2536_AMP20_AMP27_P06,6,single,AMP20,,,100000,100000,H1_RTx2536_AMP20_AMP27|AMP20|100000,1,5,551
H1_RTx2536_AMP20_AMP27,Historical block 1,historical,source_workbook_B_experiment_3_historical_block_1.xlsx,33,4,RTx2536,sorghum,H1_RTx2536_AMP20_AMP27_P06,6,single,AMP20,,,100000,100000,H1_RTx2536_AMP20_AMP27|AMP20|100000,2,5,551
H1_RTx2536_AMP20_AMP27,Historical block 1,historical,source_workbook_B_experiment_3_historical_block_1.xlsx,33,4,RTx2536,sorghum,H1_RTx2536_AMP20_AMP27_P06,6,single,AMP20,,,100000,100000,H1_RTx2536_AMP20_AMP27|AMP20|100000,3,1,551
H1_RTx2536_AMP20_AMP27,Historical block 1,historical,source_workbook_B_experiment_3_historical_block_1.xlsx,33,5,RTx2536,sorghum,H1_RTx2536_AMP20_AMP27_P06,6,single,AMP20,,,50000,50000,H1_RTx2536_AMP20_AMP27|AMP20|50000,1,5,542
H1_RTx2536_AMP20_AMP27,Historical block 1,historical,source_workbook_B_experiment_3_historical_block_1.xlsx,33,5,RTx2536,sorghum,H1_RTx2536_AMP20_AMP27_P06,6,single,AMP20,,,50000,50000,H1_RTx2536_AMP20_AMP27|AMP20|50000,2,4,542
H1_RTx2536_AMP20_AMP27,Historical block 1,historical,source_workbook_B_experiment_3_historical_block_1.xlsx,33,5,RTx2536,sorghum,H1_RTx2536_AMP20_AMP27_P06,6,single,AMP20,,,50000,50000,H1_RTx2536_AMP20_AMP27|AMP20|50000,3,2,542
H1_RTx2536_AMP20_AMP27,Historical block 1,historical,source_workbook_B_experiment_3_historical_block_1.xlsx,33,6,RTx2536,sorghum,H1_RTx2536_AMP20_AMP27_P06,6,single,AMP20,,,10000,10000,H1_RTx2536_AMP20_AMP27|AMP20|10000,1,5,551
H1_RTx2536_AMP20_AMP27,Historical block 1,historical,source_workbook_B_experiment_3_historical_block_1.xlsx,33,6,RTx2536,sorghum,H1_RTx2536_AMP20_AMP27_P06,6,single,AMP20,,,10000,10000,H1_RTx2536_AMP20_AMP27|AMP20|10000,2,5,551
H1_RTx2536_AMP20_AMP27,Historical block 1,historical,source_workbook_B_experiment_3_historical_block_1.xlsx,33,6,RTx2536,sorghum,H1_RTx2536_AMP20_AMP27_P06,6,single,AMP20,,,10000,10000,H1_RTx2536_AMP20_AMP27|AMP20|10000,3,1,551
H1_RTx2536_AMP20_AMP27,Historical block 1,historical,source_workbook_B_experiment_3_historical_block_1.xlsx,33,7,RTx2536,sorghum,H1_RTx2536_AMP20_AMP27_P06,6,single,AMP20,,,5000,5000,H1_RTx2536_AMP20_AMP27|AMP20|5000,1,1,111
H1_RTx2536_AMP20_AMP27,Historical block 1,historical,source_workbook_B_experiment_3_historical_block_1.xlsx,33,7,RTx2536,sorghum,H1_RTx2536_AMP20_AMP27_P06,6,single,AMP20,,,5000,5000,H1_RTx2536_AMP20_AMP27|AMP20|5000,2,1,111
H1_RTx2536_AMP20_AMP27,Historical block 1,historical,source_workbook_B_experiment_3_historical_block_1.xlsx,33,7,RTx2536,sorghum,H1_RTx2536_AMP20_AMP27_P06,6,single,AMP20,,,5000,5000,H1_RTx2536_AMP20_AMP27|AMP20|5000,3,1,111
H1_RTx2536_AMP20_AMP27,Historical block 1,historical,source_workbook_B_experiment_3_historical_block_1.xlsx,35,2,RTx2536,sorghum,H1_RTx2536_AMP20_AMP27_P01,1,single,AMP27,,,1000000,1000000,H1_RTx2536_AMP20_AMP27|AMP27|1000000,1,5,555
H1_RTx2536_AMP20_AMP27,Historical block 1,historical,source_workbook_B_experiment_3_historical_block_1.xlsx,35,2,RTx2536,sorghum,H1_RTx2536_AMP20_AMP27_P01,1,single,AMP27,,,1000000,1000000,H1_RTx2536_AMP20_AMP27|AMP27|1000000,2,5,555
H1_RTx2536_AMP20_AMP27,Historical block 1,historical,source_workbook_B_experiment_3_historical_block_1.xlsx,35,2,RTx2536,sorghum,H1_RTx2536_AMP20_AMP27_P01,1,single,AMP27,,,1000000,1000000,H1_RTx2536_AMP20_AMP27|AMP27|1000000,3,5,555
H1_RTx2536_AMP20_AMP27,Historical block 1,historical,source_workbook_B_experiment_3_historical_block_1.xlsx,35,3,RTx2536,sorghum,H1_RTx2536_AMP20_AMP27_P01,1,single,AMP27,,,500000,500000,H1_RTx2536_AMP20_AMP27|AMP27|500000,1,2,211
H1_RTx2536_AMP20_AMP27,Historical block 1,historical,source_workbook_B_experiment_3_historical_block_1.xlsx,35,3,RTx2536,sorghum,H1_RTx2536_AMP20_AMP27_P01,1,single,AMP27,,,500000,500000,H1_RTx2536_AMP20_AMP27|AMP27|500000,2,1,211
H1_RTx2536_AMP20_AMP27,Historical block 1,historical,source_workbook_B_experiment_3_historical_block_1.xlsx,35,3,RTx2536,sorghum,H1_RTx2536_AMP20_AMP27_P01,1,single,AMP27,,,500000,500000,H1_RTx2536_AMP20_AMP27|AMP27|500000,3,1,211
H1_RTx2536_AMP20_AMP27,Historical block 1,historical,source_workbook_B_experiment_3_historical_block_1.xlsx,35,4,RTx2536,sorghum,H1_RTx2536_AMP20_AMP27_P01,1,single,AMP27,,,100000,100000,H1_RTx2536_AMP20_AMP27|AMP27|100000,1,5,511
H1_RTx2536_AMP20_AMP27,Historical block 1,historical,source_workbook_B_experiment_3_historical_block_1.xlsx,35,4,RTx2536,sorghum,H1_RTx2536_AMP20_AMP27_P01,1,single,AMP27,,,100000,100000,H1_RTx2536_AMP20_AMP27|AMP27|100000,2,1,511
H1_RTx2536_AMP20_AMP27,Historical block 1,historical,source_workbook_B_experiment_3_historical_block_1.xlsx,35,4,RTx2536,sorghum,H1_RTx2536_AMP20_AMP27_P01,1,single,AMP27,,,100000,100000,H1_RTx2536_AMP20_AMP27|AMP27|100000,3,1,511
H1_RTx2536_AMP20_AMP27,Historical block 1,historical,source_workbook_B_experiment_3_historical_block_1.xlsx,35,5,RTx2536,sorghum,H1_RTx2536_AMP20_AMP27_P01,1,single,AMP27,,,50000,50000,H1_RTx2536_AMP20_AMP27|AMP27|50000,1,5,555
H1_RTx2536_AMP20_AMP27,Historical block 1,historical,source_workbook_B_experiment_3_historical_block_1.xlsx,35,5,RTx2536,sorghum,H1_RTx2536_AMP20_AMP27_P01,1,single,AMP27,,,50000,50000,H1_RTx2536_AMP20_AMP27|AMP27|50000,2,5,555
H1_RTx2536_AMP20_AMP27,Historical block 1,historical,source_workbook_B_experiment_3_historical_block_1.xlsx,35,5,RTx2536,sorghum,H1_RTx2536_AMP20_AMP27_P01,1,single,AMP27,,,50000,50000,H1_RTx2536_AMP20_AMP27|AMP27|50000,3,5,555
H1_RTx2536_AMP20_AMP27,Historical block 1,historical,source_workbook_B_experiment_3_historical_block_1.xlsx,35,6,RTx2536,sorghum,H1_RTx2536_AMP20_AMP27_P01,1,single,AMP27,,,10000,10000,H1_RTx2536_AMP20_AMP27|AMP27|10000,1,1,111
H1_RTx2536_AMP20_AMP27,Historical block 1,historical,source_workbook_B_experiment_3_historical_block_1.xlsx,35,6,RTx2536,sorghum,H1_RTx2536_AMP20_AMP27_P01,1,single,AMP27,,,10000,10000,H1_RTx2536_AMP20_AMP27|AMP27|10000,2,1,111
H1_RTx2536_AMP20_AMP27,Historical block 1,historical,source_workbook_B_experiment_3_historical_block_1.xlsx,35,6,RTx2536,sorghum,H1_RTx2536_AMP20_AMP27_P01,1,single,AMP27,,,10000,10000,H1_RTx2536_AMP20_AMP27|AMP27|10000,3,1,111
H1_RTx2536_AMP20_AMP27,Historical block 1,historical,source_workbook_B_experiment_3_historical_block_1.xlsx,35,7,RTx2536,sorghum,H1_RTx2536_AMP20_AMP27_P01,1,single,AMP27,,,5000,5000,H1_RTx2536_AMP20_AMP27|AMP27|5000,1,1,115
H1_RTx2536_AMP20_AMP27,Historical block 1,historical,source_workbook_B_experiment_3_historical_block_1.xlsx,35,7,RTx2536,sorghum,H1_RTx2536_AMP20_AMP27_P01,1,single,AMP27,,,5000,5000,H1_RTx2536_AMP20_AMP27|AMP27|5000,2,1,115
H1_RTx2536_AMP20_AMP27,Historical block 1,historical,source_workbook_B_experiment_3_historical_block_1.xlsx,35,7,RTx2536,sorghum,H1_RTx2536_AMP20_AMP27_P01,1,single,AMP27,,,5000,5000,H1_RTx2536_AMP20_AMP27|AMP27|5000,3,5,115
H1_RTx2536_AMP20_AMP27,Historical block 1,historical,source_workbook_B_experiment_3_historical_block_1.xlsx,36,2,RTx2536,sorghum,H1_RTx2536_AMP20_AMP27_P02,2,single,AMP27,,,1000000,1000000,H1_RTx2536_AMP20_AMP27|AMP27|1000000,1,5,555
H1_RTx2536_AMP20_AMP27,Historical block 1,historical,source_workbook_B_experiment_3_historical_block_1.xlsx,36,2,RTx2536,sorghum,H1_RTx2536_AMP20_AMP27_P02,2,single,AMP27,,,1000000,1000000,H1_RTx2536_AMP20_AMP27|AMP27|1000000,2,5,555
H1_RTx2536_AMP20_AMP27,Historical block 1,historical,source_workbook_B_experiment_3_historical_block_1.xlsx,36,2,RTx2536,sorghum,H1_RTx2536_AMP20_AMP27_P02,2,single,AMP27,,,1000000,1000000,H1_RTx2536_AMP20_AMP27|AMP27|1000000,3,5,555
H1_RTx2536_AMP20_AMP27,Historical block 1,historical,source_workbook_B_experiment_3_historical_block_1.xlsx,36,3,RTx2536,sorghum,H1_RTx2536_AMP20_AMP27_P02,2,single,AMP27,,,500000,500000,H1_RTx2536_AMP20_AMP27|AMP27|500000,1,2,211
H1_RTx2536_AMP20_AMP27,Historical block 1,historical,source_workbook_B_experiment_3_historical_block_1.xlsx,36,3,RTx2536,sorghum,H1_RTx2536_AMP20_AMP27_P02,2,single,AMP27,,,500000,500000,H1_RTx2536_AMP20_AMP27|AMP27|500000,2,1,211
H1_RTx2536_AMP20_AMP27,Historical block 1,historical,source_workbook_B_experiment_3_historical_block_1.xlsx,36,3,RTx2536,sorghum,H1_RTx2536_AMP20_AMP27_P02,2,single,AMP27,,,500000,500000,H1_RTx2536_AMP20_AMP27|AMP27|500000,3,1,211
H1_RTx2536_AMP20_AMP27,Historical block 1,historical,source_workbook_B_experiment_3_historical_block_1.xlsx,36,4,RTx2536,sorghum,H1_RTx2536_AMP20_AMP27_P02,2,single,AMP27,,,100000,100000,H1_RTx2536_AMP20_AMP27|AMP27|100000,1,4,455
H1_RTx2536_AMP20_AMP27,Historical block 1,historical,source_workbook_B_experiment_3_historical_block_1.xlsx,36,4,RTx2536,sorghum,H1_RTx2536_AMP20_AMP27_P02,2,single,AMP27,,,100000,100000,H1_RTx2536_AMP20_AMP27|AMP27|100000,2,5,455
H1_RTx2536_AMP20_AMP27,Historical block 1,historical,source_workbook_B_experiment_3_historical_block_1.xlsx,36,4,RTx2536,sorghum,H1_RTx2536_AMP20_AMP27_P02,2,single,AMP27,,,100000,100000,H1_RTx2536_AMP20_AMP27|AMP27|100000,3,5,455
H1_RTx2536_AMP20_AMP27,Historical block 1,historical,source_workbook_B_experiment_3_historical_block_1.xlsx,36,5,RTx2536,sorghum,H1_RTx2536_AMP20_AMP27_P02,2,single,AMP27,,,50000,50000,H1_RTx2536_AMP20_AMP27|AMP27|50000,1,5,554
H1_RTx2536_AMP20_AMP27,Historical block 1,historical,source_workbook_B_experiment_3_historical_block_1.xlsx,36,5,RTx2536,sorghum,H1_RTx2536_AMP20_AMP27_P02,2,single,AMP27,,,50000,50000,H1_RTx2536_AMP20_AMP27|AMP27|50000,2,5,554
H1_RTx2536_AMP20_AMP27,Historical block 1,historical,source_workbook_B_experiment_3_historical_block_1.xlsx,36,5,RTx2536,sorghum,H1_RTx2536_AMP20_AMP27_P02,2,single,AMP27,,,50000,50000,H1_RTx2536_AMP20_AMP27|AMP27|50000,3,4,554
H1_RTx2536_AMP20_AMP27,Historical block 1,historical,source_workbook_B_experiment_3_historical_block_1.xlsx,36,6,RTx2536,sorghum,H1_RTx2536_AMP20_AMP27_P02,2,single,AMP27,,,10000,10000,H1_RTx2536_AMP20_AMP27|AMP27|10000,1,5,513
H1_RTx2536_AMP20_AMP27,Historical block 1,historical,source_workbook_B_experiment_3_historical_block_1.xlsx,36,6,RTx2536,sorghum,H1_RTx2536_AMP20_AMP27_P02,2,single,AMP27,,,10000,10000,H1_RTx2536_AMP20_AMP27|AMP27|10000,2,1,513
H1_RTx2536_AMP20_AMP27,Historical block 1,historical,source_workbook_B_experiment_3_historical_block_1.xlsx,36,6,RTx2536,sorghum,H1_RTx2536_AMP20_AMP27_P02,2,single,AMP27,,,10000,10000,H1_RTx2536_AMP20_AMP27|AMP27|10000,3,3,513
H1_RTx2536_AMP20_AMP27,Historical block 1,historical,source_workbook_B_experiment_3_historical_block_1.xlsx,36,7,RTx2536,sorghum,H1_RTx2536_AMP20_AMP27_P02,2,single,AMP27,,,5000,5000,H1_RTx2536_AMP20_AMP27|AMP27|5000,1,5,521
H1_RTx2536_AMP20_AMP27,Historical block 1,historical,source_workbook_B_experiment_3_historical_block_1.xlsx,36,7,RTx2536,sorghum,H1_RTx2536_AMP20_AMP27_P02,2,single,AMP27,,,5000,5000,H1_RTx2536_AMP20_AMP27|AMP27|5000,2,2,521
H1_RTx2536_AMP20_AMP27,Historical block 1,historical,source_workbook_B_experiment_3_historical_block_1.xlsx,36,7,RTx2536,sorghum,H1_RTx2536_AMP20_AMP27_P02,2,single,AMP27,,,5000,5000,H1_RTx2536_AMP20_AMP27|AMP27|5000,3,1,521
H1_RTx2536_AMP20_AMP27,Historical block 1,historical,source_workbook_B_experiment_3_historical_block_1.xlsx,37,2,RTx2536,sorghum,H1_RTx2536_AMP20_AMP27_P03,3,single,AMP27,,,1000000,1000000,H1_RTx2536_AMP20_AMP27|AMP27|1000000,1,5,552
H1_RTx2536_AMP20_AMP27,Historical block 1,historical,source_workbook_B_experiment_3_historical_block_1.xlsx,37,2,RTx2536,sorghum,H1_RTx2536_AMP20_AMP27_P03,3,single,AMP27,,,1000000,1000000,H1_RTx2536_AMP20_AMP27|AMP27|1000000,2,5,552
H1_RTx2536_AMP20_AMP27,Historical block 1,historical,source_workbook_B_experiment_3_historical_block_1.xlsx,37,2,RTx2536,sorghum,H1_RTx2536_AMP20_AMP27_P03,3,single,AMP27,,,1000000,1000000,H1_RTx2536_AMP20_AMP27|AMP27|1000000,3,2,552
H1_RTx2536_AMP20_AMP27,Historical block 1,historical,source_workbook_B_experiment_3_historical_block_1.xlsx,37,3,RTx2536,sorghum,H1_RTx2536_AMP20_AMP27_P03,3,single,AMP27,,,500000,500000,H1_RTx2536_AMP20_AMP27|AMP27|500000,1,1,121
H1_RTx2536_AMP20_AMP27,Historical block 1,historical,source_workbook_B_experiment_3_historical_block_1.xlsx,37,3,RTx2536,sorghum,H1_RTx2536_AMP20_AMP27_P03,3,single,AMP27,,,500000,500000,H1_RTx2536_AMP20_AMP27|AMP27|500000,2,2,121
H1_RTx2536_AMP20_AMP27,Historical block 1,historical,source_workbook_B_experiment_3_historical_block_1.xlsx,37,3,RTx2536,sorghum,H1_RTx2536_AMP20_AMP27_P03,3,single,AMP27,,,500000,500000,H1_RTx2536_AMP20_AMP27|AMP27|500000,3,1,121
H1_RTx2536_AMP20_AMP27,Historical block 1,historical,source_workbook_B_experiment_3_historical_block_1.xlsx,37,4,RTx2536,sorghum,H1_RTx2536_AMP20_AMP27_P03,3,single,AMP27,,,100000,100000,H1_RTx2536_AMP20_AMP27|AMP27|100000,1,5,521
H1_RTx2536_AMP20_AMP27,Historical block 1,historical,source_workbook_B_experiment_3_historical_block_1.xlsx,37,4,RTx2536,sorghum,H1_RTx2536_AMP20_AMP27_P03,3,single,AMP27,,,100000,100000,H1_RTx2536_AMP20_AMP27|AMP27|100000,2,2,521
H1_RTx2536_AMP20_AMP27,Historical block 1,historical,source_workbook_B_experiment_3_historical_block_1.xlsx,37,4,RTx2536,sorghum,H1_RTx2536_AMP20_AMP27_P03,3,single,AMP27,,,100000,100000,H1_RTx2536_AMP20_AMP27|AMP27|100000,3,1,521
H1_RTx2536_AMP20_AMP27,Historical block 1,historical,source_workbook_B_experiment_3_historical_block_1.xlsx,37,5,RTx2536,sorghum,H1_RTx2536_AMP20_AMP27_P03,3,single,AMP27,,,50000,50000,H1_RTx2536_AMP20_AMP27|AMP27|50000,1,5,555
H1_RTx2536_AMP20_AMP27,Historical block 1,historical,source_workbook_B_experiment_3_historical_block_1.xlsx,37,5,RTx2536,sorghum,H1_RTx2536_AMP20_AMP27_P03,3,single,AMP27,,,50000,50000,H1_RTx2536_AMP20_AMP27|AMP27|50000,2,5,555
H1_RTx2536_AMP20_AMP27,Historical block 1,historical,source_workbook_B_experiment_3_historical_block_1.xlsx,37,5,RTx2536,sorghum,H1_RTx2536_AMP20_AMP27_P03,3,single,AMP27,,,50000,50000,H1_RTx2536_AMP20_AMP27|AMP27|50000,3,5,555
H1_RTx2536_AMP20_AMP27,Historical block 1,historical,source_workbook_B_experiment_3_historical_block_1.xlsx,37,6,RTx2536,sorghum,H1_RTx2536_AMP20_AMP27_P03,3,single,AMP27,,,10000,10000,H1_RTx2536_AMP20_AMP27|AMP27|10000,1,5,531
H1_RTx2536_AMP20_AMP27,Historical block 1,historical,source_workbook_B_experiment_3_historical_block_1.xlsx,37,6,RTx2536,sorghum,H1_RTx2536_AMP20_AMP27_P03,3,single,AMP27,,,10000,10000,H1_RTx2536_AMP20_AMP27|AMP27|10000,2,3,531
H1_RTx2536_AMP20_AMP27,Historical block 1,historical,source_workbook_B_experiment_3_historical_block_1.xlsx,37,6,RTx2536,sorghum,H1_RTx2536_AMP20_AMP27_P03,3,single,AMP27,,,10000,10000,H1_RTx2536_AMP20_AMP27|AMP27|10000,3,1,531
H1_RTx2536_AMP20_AMP27,Historical block 1,historical,source_workbook_B_experiment_3_historical_block_1.xlsx,37,7,RTx2536,sorghum,H1_RTx2536_AMP20_AMP27_P03,3,single,AMP27,,,5000,5000,H1_RTx2536_AMP20_AMP27|AMP27|5000,1,1,115
H1_RTx2536_AMP20_AMP27,Historical block 1,historical,source_workbook_B_experiment_3_historical_block_1.xlsx,37,7,RTx2536,sorghum,H1_RTx2536_AMP20_AMP27_P03,3,single,AMP27,,,5000,5000,H1_RTx2536_AMP20_AMP27|AMP27|5000,2,1,115
H1_RTx2536_AMP20_AMP27,Historical block 1,historical,source_workbook_B_experiment_3_historical_block_1.xlsx,37,7,RTx2536,sorghum,H1_RTx2536_AMP20_AMP27_P03,3,single,AMP27,,,5000,5000,H1_RTx2536_AMP20_AMP27|AMP27|5000,3,5,115
H1_RTx2536_AMP20_AMP27,Historical block 1,historical,source_workbook_B_experiment_3_historical_block_1.xlsx,38,2,RTx2536,sorghum,H1_RTx2536_AMP20_AMP27_P04,4,single,AMP27,,,1000000,1000000,H1_RTx2536_AMP20_AMP27|AMP27|1000000,1,5,555
H1_RTx2536_AMP20_AMP27,Historical block 1,historical,source_workbook_B_experiment_3_historical_block_1.xlsx,38,2,RTx2536,sorghum,H1_RTx2536_AMP20_AMP27_P04,4,single,AMP27,,,1000000,1000000,H1_RTx2536_AMP20_AMP27|AMP27|1000000,2,5,555
H1_RTx2536_AMP20_AMP27,Historical block 1,historical,source_workbook_B_experiment_3_historical_block_1.xlsx,38,2,RTx2536,sorghum,H1_RTx2536_AMP20_AMP27_P04,4,single,AMP27,,,1000000,1000000,H1_RTx2536_AMP20_AMP27|AMP27|1000000,3,5,555
H1_RTx2536_AMP20_AMP27,Historical block 1,historical,source_workbook_B_experiment_3_historical_block_1.xlsx,38,3,RTx2536,sorghum,H1_RTx2536_AMP20_AMP27_P04,4,single,AMP27,,,500000,500000,H1_RTx2536_AMP20_AMP27|AMP27|500000,1,1,131
H1_RTx2536_AMP20_AMP27,Historical block 1,historical,source_workbook_B_experiment_3_historical_block_1.xlsx,38,3,RTx2536,sorghum,H1_RTx2536_AMP20_AMP27_P04,4,single,AMP27,,,500000,500000,H1_RTx2536_AMP20_AMP27|AMP27|500000,2,3,131
H1_RTx2536_AMP20_AMP27,Historical block 1,historical,source_workbook_B_experiment_3_historical_block_1.xlsx,38,3,RTx2536,sorghum,H1_RTx2536_AMP20_AMP27_P04,4,single,AMP27,,,500000,500000,H1_RTx2536_AMP20_AMP27|AMP27|500000,3,1,131
H1_RTx2536_AMP20_AMP27,Historical block 1,historical,source_workbook_B_experiment_3_historical_block_1.xlsx,38,4,RTx2536,sorghum,H1_RTx2536_AMP20_AMP27_P04,4,single,AMP27,,,100000,100000,H1_RTx2536_AMP20_AMP27|AMP27|100000,1,5,555
H1_RTx2536_AMP20_AMP27,Historical block 1,historical,source_workbook_B_experiment_3_historical_block_1.xlsx,38,4,RTx2536,sorghum,H1_RTx2536_AMP20_AMP27_P04,4,single,AMP27,,,100000,100000,H1_RTx2536_AMP20_AMP27|AMP27|100000,2,5,555
H1_RTx2536_AMP20_AMP27,Historical block 1,historical,source_workbook_B_experiment_3_historical_block_1.xlsx,38,4,RTx2536,sorghum,H1_RTx2536_AMP20_AMP27_P04,4,single,AMP27,,,100000,100000,H1_RTx2536_AMP20_AMP27|AMP27|100000,3,5,555
H1_RTx2536_AMP20_AMP27,Historical block 1,historical,source_workbook_B_experiment_3_historical_block_1.xlsx,38,5,RTx2536,sorghum,H1_RTx2536_AMP20_AMP27_P04,4,single,AMP27,,,50000,50000,H1_RTx2536_AMP20_AMP27|AMP27|50000,1,5,555
H1_RTx2536_AMP20_AMP27,Historical block 1,historical,source_workbook_B_experiment_3_historical_block_1.xlsx,38,5,RTx2536,sorghum,H1_RTx2536_AMP20_AMP27_P04,4,single,AMP27,,,50000,50000,H1_RTx2536_AMP20_AMP27|AMP27|50000,2,5,555
H1_RTx2536_AMP20_AMP27,Historical block 1,historical,source_workbook_B_experiment_3_historical_block_1.xlsx,38,5,RTx2536,sorghum,H1_RTx2536_AMP20_AMP27_P04,4,single,AMP27,,,50000,50000,H1_RTx2536_AMP20_AMP27|AMP27|50000,3,5,555
H1_RTx2536_AMP20_AMP27,Historical block 1,historical,source_workbook_B_experiment_3_historical_block_1.xlsx,38,6,RTx2536,sorghum,H1_RTx2536_AMP20_AMP27_P04,4,single,AMP27,,,10000,10000,H1_RTx2536_AMP20_AMP27|AMP27|10000,1,4,445
H1_RTx2536_AMP20_AMP27,Historical block 1,historical,source_workbook_B_experiment_3_historical_block_1.xlsx,38,6,RTx2536,sorghum,H1_RTx2536_AMP20_AMP27_P04,4,single,AMP27,,,10000,10000,H1_RTx2536_AMP20_AMP27|AMP27|10000,2,4,445
H1_RTx2536_AMP20_AMP27,Historical block 1,historical,source_workbook_B_experiment_3_historical_block_1.xlsx,38,6,RTx2536,sorghum,H1_RTx2536_AMP20_AMP27_P04,4,single,AMP27,,,10000,10000,H1_RTx2536_AMP20_AMP27|AMP27|10000,3,5,445
H1_RTx2536_AMP20_AMP27,Historical block 1,historical,source_workbook_B_experiment_3_historical_block_1.xlsx,38,7,RTx2536,sorghum,H1_RTx2536_AMP20_AMP27_P04,4,single,AMP27,,,5000,5000,H1_RTx2536_AMP20_AMP27|AMP27|5000,1,1,144
H1_RTx2536_AMP20_AMP27,Historical block 1,historical,source_workbook_B_experiment_3_historical_block_1.xlsx,38,7,RTx2536,sorghum,H1_RTx2536_AMP20_AMP27_P04,4,single,AMP27,,,5000,5000,H1_RTx2536_AMP20_AMP27|AMP27|5000,2,4,144
H1_RTx2536_AMP20_AMP27,Historical block 1,historical,source_workbook_B_experiment_3_historical_block_1.xlsx,38,7,RTx2536,sorghum,H1_RTx2536_AMP20_AMP27_P04,4,single,AMP27,,,5000,5000,H1_RTx2536_AMP20_AMP27|AMP27|5000,3,4,144
H1_RTx2536_AMP20_AMP27,Historical block 1,historical,source_workbook_B_experiment_3_historical_block_1.xlsx,39,2,RTx2536,sorghum,H1_RTx2536_AMP20_AMP27_P05,5,single,AMP27,,,1000000,1000000,H1_RTx2536_AMP20_AMP27|AMP27|1000000,1,5,555
H1_RTx2536_AMP20_AMP27,Historical block 1,historical,source_workbook_B_experiment_3_historical_block_1.xlsx,39,2,RTx2536,sorghum,H1_RTx2536_AMP20_AMP27_P05,5,single,AMP27,,,1000000,1000000,H1_RTx2536_AMP20_AMP27|AMP27|1000000,2,5,555
H1_RTx2536_AMP20_AMP27,Historical block 1,historical,source_workbook_B_experiment_3_historical_block_1.xlsx,39,2,RTx2536,sorghum,H1_RTx2536_AMP20_AMP27_P05,5,single,AMP27,,,1000000,1000000,H1_RTx2536_AMP20_AMP27|AMP27|1000000,3,5,555
H1_RTx2536_AMP20_AMP27,Historical block 1,historical,source_workbook_B_experiment_3_historical_block_1.xlsx,39,3,RTx2536,sorghum,H1_RTx2536_AMP20_AMP27_P05,5,single,AMP27,,,500000,500000,H1_RTx2536_AMP20_AMP27|AMP27|500000,1,1,111
H1_RTx2536_AMP20_AMP27,Historical block 1,historical,source_workbook_B_experiment_3_historical_block_1.xlsx,39,3,RTx2536,sorghum,H1_RTx2536_AMP20_AMP27_P05,5,single,AMP27,,,500000,500000,H1_RTx2536_AMP20_AMP27|AMP27|500000,2,1,111
H1_RTx2536_AMP20_AMP27,Historical block 1,historical,source_workbook_B_experiment_3_historical_block_1.xlsx,39,3,RTx2536,sorghum,H1_RTx2536_AMP20_AMP27_P05,5,single,AMP27,,,500000,500000,H1_RTx2536_AMP20_AMP27|AMP27|500000,3,1,111
H1_RTx2536_AMP20_AMP27,Historical block 1,historical,source_workbook_B_experiment_3_historical_block_1.xlsx,39,4,RTx2536,sorghum,H1_RTx2536_AMP20_AMP27_P05,5,single,AMP27,,,100000,100000,H1_RTx2536_AMP20_AMP27|AMP27|100000,1,5,552
H1_RTx2536_AMP20_AMP27,Historical block 1,historical,source_workbook_B_experiment_3_historical_block_1.xlsx,39,4,RTx2536,sorghum,H1_RTx2536_AMP20_AMP27_P05,5,single,AMP27,,,100000,100000,H1_RTx2536_AMP20_AMP27|AMP27|100000,2,5,552
H1_RTx2536_AMP20_AMP27,Historical block 1,historical,source_workbook_B_experiment_3_historical_block_1.xlsx,39,4,RTx2536,sorghum,H1_RTx2536_AMP20_AMP27_P05,5,single,AMP27,,,100000,100000,H1_RTx2536_AMP20_AMP27|AMP27|100000,3,2,552
H1_RTx2536_AMP20_AMP27,Historical block 1,historical,source_workbook_B_experiment_3_historical_block_1.xlsx,39,5,RTx2536,sorghum,H1_RTx2536_AMP20_AMP27_P05,5,single,AMP27,,,50000,50000,H1_RTx2536_AMP20_AMP27|AMP27|50000,1,1,152
H1_RTx2536_AMP20_AMP27,Historical block 1,historical,source_workbook_B_experiment_3_historical_block_1.xlsx,39,5,RTx2536,sorghum,H1_RTx2536_AMP20_AMP27_P05,5,single,AMP27,,,50000,50000,H1_RTx2536_AMP20_AMP27|AMP27|50000,2,5,152
H1_RTx2536_AMP20_AMP27,Historical block 1,historical,source_workbook_B_experiment_3_historical_block_1.xlsx,39,5,RTx2536,sorghum,H1_RTx2536_AMP20_AMP27_P05,5,single,AMP27,,,50000,50000,H1_RTx2536_AMP20_AMP27|AMP27|50000,3,2,152
H1_RTx2536_AMP20_AMP27,Historical block 1,historical,source_workbook_B_experiment_3_historical_block_1.xlsx,39,6,RTx2536,sorghum,H1_RTx2536_AMP20_AMP27_P05,5,single,AMP27,,,10000,10000,H1_RTx2536_AMP20_AMP27|AMP27|10000,1,4,451
H1_RTx2536_AMP20_AMP27,Historical block 1,historical,source_workbook_B_experiment_3_historical_block_1.xlsx,39,6,RTx2536,sorghum,H1_RTx2536_AMP20_AMP27_P05,5,single,AMP27,,,10000,10000,H1_RTx2536_AMP20_AMP27|AMP27|10000,2,5,451
H1_RTx2536_AMP20_AMP27,Historical block 1,historical,source_workbook_B_experiment_3_historical_block_1.xlsx,39,6,RTx2536,sorghum,H1_RTx2536_AMP20_AMP27_P05,5,single,AMP27,,,10000,10000,H1_RTx2536_AMP20_AMP27|AMP27|10000,3,1,451
H1_RTx2536_AMP20_AMP27,Historical block 1,historical,source_workbook_B_experiment_3_historical_block_1.xlsx,39,7,RTx2536,sorghum,H1_RTx2536_AMP20_AMP27_P05,5,single,AMP27,,,5000,5000,H1_RTx2536_AMP20_AMP27|AMP27|5000,1,1,125
H1_RTx2536_AMP20_AMP27,Historical block 1,historical,source_workbook_B_experiment_3_historical_block_1.xlsx,39,7,RTx2536,sorghum,H1_RTx2536_AMP20_AMP27_P05,5,single,AMP27,,,5000,5000,H1_RTx2536_AMP20_AMP27|AMP27|5000,2,2,125
H1_RTx2536_AMP20_AMP27,Historical block 1,historical,source_workbook_B_experiment_3_historical_block_1.xlsx,39,7,RTx2536,sorghum,H1_RTx2536_AMP20_AMP27_P05,5,single,AMP27,,,5000,5000,H1_RTx2536_AMP20_AMP27|AMP27|5000,3,5,125
H1_RTx2536_AMP20_AMP27,Historical block 1,historical,source_workbook_B_experiment_3_historical_block_1.xlsx,40,2,RTx2536,sorghum,H1_RTx2536_AMP20_AMP27_P06,6,single,AMP27,,,1000000,1000000,H1_RTx2536_AMP20_AMP27|AMP27|1000000,1,5,555
H1_RTx2536_AMP20_AMP27,Historical block 1,historical,source_workbook_B_experiment_3_historical_block_1.xlsx,40,2,RTx2536,sorghum,H1_RTx2536_AMP20_AMP27_P06,6,single,AMP27,,,1000000,1000000,H1_RTx2536_AMP20_AMP27|AMP27|1000000,2,5,555
H1_RTx2536_AMP20_AMP27,Historical block 1,historical,source_workbook_B_experiment_3_historical_block_1.xlsx,40,2,RTx2536,sorghum,H1_RTx2536_AMP20_AMP27_P06,6,single,AMP27,,,1000000,1000000,H1_RTx2536_AMP20_AMP27|AMP27|1000000,3,5,555
H1_RTx2536_AMP20_AMP27,Historical block 1,historical,source_workbook_B_experiment_3_historical_block_1.xlsx,40,3,RTx2536,sorghum,H1_RTx2536_AMP20_AMP27_P06,6,single,AMP27,,,500000,500000,H1_RTx2536_AMP20_AMP27|AMP27|500000,1,1,111
H1_RTx2536_AMP20_AMP27,Historical block 1,historical,source_workbook_B_experiment_3_historical_block_1.xlsx,40,3,RTx2536,sorghum,H1_RTx2536_AMP20_AMP27_P06,6,single,AMP27,,,500000,500000,H1_RTx2536_AMP20_AMP27|AMP27|500000,2,1,111
H1_RTx2536_AMP20_AMP27,Historical block 1,historical,source_workbook_B_experiment_3_historical_block_1.xlsx,40,3,RTx2536,sorghum,H1_RTx2536_AMP20_AMP27_P06,6,single,AMP27,,,500000,500000,H1_RTx2536_AMP20_AMP27|AMP27|500000,3,1,111
H1_RTx2536_AMP20_AMP27,Historical block 1,historical,source_workbook_B_experiment_3_historical_block_1.xlsx,40,4,RTx2536,sorghum,H1_RTx2536_AMP20_AMP27_P06,6,single,AMP27,,,100000,100000,H1_RTx2536_AMP20_AMP27|AMP27|100000,1,5,555
H1_RTx2536_AMP20_AMP27,Historical block 1,historical,source_workbook_B_experiment_3_historical_block_1.xlsx,40,4,RTx2536,sorghum,H1_RTx2536_AMP20_AMP27_P06,6,single,AMP27,,,100000,100000,H1_RTx2536_AMP20_AMP27|AMP27|100000,2,5,555
H1_RTx2536_AMP20_AMP27,Historical block 1,historical,source_workbook_B_experiment_3_historical_block_1.xlsx,40,4,RTx2536,sorghum,H1_RTx2536_AMP20_AMP27_P06,6,single,AMP27,,,100000,100000,H1_RTx2536_AMP20_AMP27|AMP27|100000,3,5,555
H1_RTx2536_AMP20_AMP27,Historical block 1,historical,source_workbook_B_experiment_3_historical_block_1.xlsx,40,5,RTx2536,sorghum,H1_RTx2536_AMP20_AMP27_P06,6,single,AMP27,,,50000,50000,H1_RTx2536_AMP20_AMP27|AMP27|50000,1,5,552
H1_RTx2536_AMP20_AMP27,Historical block 1,historical,source_workbook_B_experiment_3_historical_block_1.xlsx,40,5,RTx2536,sorghum,H1_RTx2536_AMP20_AMP27_P06,6,single,AMP27,,,50000,50000,H1_RTx2536_AMP20_AMP27|AMP27|50000,2,5,552
H1_RTx2536_AMP20_AMP27,Historical block 1,historical,source_workbook_B_experiment_3_historical_block_1.xlsx,40,5,RTx2536,sorghum,H1_RTx2536_AMP20_AMP27_P06,6,single,AMP27,,,50000,50000,H1_RTx2536_AMP20_AMP27|AMP27|50000,3,2,552
H1_RTx2536_AMP20_AMP27,Historical block 1,historical,source_workbook_B_experiment_3_historical_block_1.xlsx,40,6,RTx2536,sorghum,H1_RTx2536_AMP20_AMP27_P06,6,single,AMP27,,,10000,10000,H1_RTx2536_AMP20_AMP27|AMP27|10000,1,5,511
H1_RTx2536_AMP20_AMP27,Historical block 1,historical,source_workbook_B_experiment_3_historical_block_1.xlsx,40,6,RTx2536,sorghum,H1_RTx2536_AMP20_AMP27_P06,6,single,AMP27,,,10000,10000,H1_RTx2536_AMP20_AMP27|AMP27|10000,2,1,511
H1_RTx2536_AMP20_AMP27,Historical block 1,historical,source_workbook_B_experiment_3_historical_block_1.xlsx,40,6,RTx2536,sorghum,H1_RTx2536_AMP20_AMP27_P06,6,single,AMP27,,,10000,10000,H1_RTx2536_AMP20_AMP27|AMP27|10000,3,1,511
H1_RTx2536_AMP20_AMP27,Historical block 1,historical,source_workbook_B_experiment_3_historical_block_1.xlsx,40,7,RTx2536,sorghum,H1_RTx2536_AMP20_AMP27_P06,6,single,AMP27,,,5000,5000,H1_RTx2536_AMP20_AMP27|AMP27|5000,1,5,511
H1_RTx2536_AMP20_AMP27,Historical block 1,historical,source_workbook_B_experiment_3_historical_block_1.xlsx,40,7,RTx2536,sorghum,H1_RTx2536_AMP20_AMP27_P06,6,single,AMP27,,,5000,5000,H1_RTx2536_AMP20_AMP27|AMP27|5000,2,1,511
H1_RTx2536_AMP20_AMP27,Historical block 1,historical,source_workbook_B_experiment_3_historical_block_1.xlsx,40,7,RTx2536,sorghum,H1_RTx2536_AMP20_AMP27_P06,6,single,AMP27,,,5000,5000,H1_RTx2536_AMP20_AMP27|AMP27|5000,3,1,511
H1_RTx2536_AMP20_AMP27,Historical block 1,historical,source_workbook_B_experiment_3_historical_block_1.xlsx,42,2,RTx2536,sorghum,H1_RTx2536_AMP20_AMP27_P01,1,mixture,AMP20,AMP27,1:1,1000000,500000,H1_RTx2536_AMP20_AMP27|AMP20+AMP27|1000000,1,5,555
H1_RTx2536_AMP20_AMP27,Historical block 1,historical,source_workbook_B_experiment_3_historical_block_1.xlsx,42,2,RTx2536,sorghum,H1_RTx2536_AMP20_AMP27_P01,1,mixture,AMP20,AMP27,1:1,1000000,500000,H1_RTx2536_AMP20_AMP27|AMP20+AMP27|1000000,2,5,555
H1_RTx2536_AMP20_AMP27,Historical block 1,historical,source_workbook_B_experiment_3_historical_block_1.xlsx,42,2,RTx2536,sorghum,H1_RTx2536_AMP20_AMP27_P01,1,mixture,AMP20,AMP27,1:1,1000000,500000,H1_RTx2536_AMP20_AMP27|AMP20+AMP27|1000000,3,5,555
H1_RTx2536_AMP20_AMP27,Historical block 1,historical,source_workbook_B_experiment_3_historical_block_1.xlsx,42,3,RTx2536,sorghum,H1_RTx2536_AMP20_AMP27_P01,1,mixture,AMP20,AMP27,1:1,100000,50000,H1_RTx2536_AMP20_AMP27|AMP20+AMP27|100000,1,1,153
H1_RTx2536_AMP20_AMP27,Historical block 1,historical,source_workbook_B_experiment_3_historical_block_1.xlsx,42,3,RTx2536,sorghum,H1_RTx2536_AMP20_AMP27_P01,1,mixture,AMP20,AMP27,1:1,100000,50000,H1_RTx2536_AMP20_AMP27|AMP20+AMP27|100000,2,5,153
H1_RTx2536_AMP20_AMP27,Historical block 1,historical,source_workbook_B_experiment_3_historical_block_1.xlsx,42,3,RTx2536,sorghum,H1_RTx2536_AMP20_AMP27_P01,1,mixture,AMP20,AMP27,1:1,100000,50000,H1_RTx2536_AMP20_AMP27|AMP20+AMP27|100000,3,3,153
H1_RTx2536_AMP20_AMP27,Historical block 1,historical,source_workbook_B_experiment_3_historical_block_1.xlsx,42,4,RTx2536,sorghum,H1_RTx2536_AMP20_AMP27_P01,1,mixture,AMP20,AMP27,1:1,10000,5000,H1_RTx2536_AMP20_AMP27|AMP20+AMP27|10000,1,1,111
H1_RTx2536_AMP20_AMP27,Historical block 1,historical,source_workbook_B_experiment_3_historical_block_1.xlsx,42,4,RTx2536,sorghum,H1_RTx2536_AMP20_AMP27_P01,1,mixture,AMP20,AMP27,1:1,10000,5000,H1_RTx2536_AMP20_AMP27|AMP20+AMP27|10000,2,1,111
H1_RTx2536_AMP20_AMP27,Historical block 1,historical,source_workbook_B_experiment_3_historical_block_1.xlsx,42,4,RTx2536,sorghum,H1_RTx2536_AMP20_AMP27_P01,1,mixture,AMP20,AMP27,1:1,10000,5000,H1_RTx2536_AMP20_AMP27|AMP20+AMP27|10000,3,1,111
H1_RTx2536_AMP20_AMP27,Historical block 1,historical,source_workbook_B_experiment_3_historical_block_1.xlsx,43,2,RTx2536,sorghum,H1_RTx2536_AMP20_AMP27_P02,2,mixture,AMP20,AMP27,1:1,1000000,500000,H1_RTx2536_AMP20_AMP27|AMP20+AMP27|1000000,1,5,555
H1_RTx2536_AMP20_AMP27,Historical block 1,historical,source_workbook_B_experiment_3_historical_block_1.xlsx,43,2,RTx2536,sorghum,H1_RTx2536_AMP20_AMP27_P02,2,mixture,AMP20,AMP27,1:1,1000000,500000,H1_RTx2536_AMP20_AMP27|AMP20+AMP27|1000000,2,5,555
H1_RTx2536_AMP20_AMP27,Historical block 1,historical,source_workbook_B_experiment_3_historical_block_1.xlsx,43,2,RTx2536,sorghum,H1_RTx2536_AMP20_AMP27_P02,2,mixture,AMP20,AMP27,1:1,1000000,500000,H1_RTx2536_AMP20_AMP27|AMP20+AMP27|1000000,3,5,555
H1_RTx2536_AMP20_AMP27,Historical block 1,historical,source_workbook_B_experiment_3_historical_block_1.xlsx,43,3,RTx2536,sorghum,H1_RTx2536_AMP20_AMP27_P02,2,mixture,AMP20,AMP27,1:1,100000,50000,H1_RTx2536_AMP20_AMP27|AMP20+AMP27|100000,1,5,555
H1_RTx2536_AMP20_AMP27,Historical block 1,historical,source_workbook_B_experiment_3_historical_block_1.xlsx,43,3,RTx2536,sorghum,H1_RTx2536_AMP20_AMP27_P02,2,mixture,AMP20,AMP27,1:1,100000,50000,H1_RTx2536_AMP20_AMP27|AMP20+AMP27|100000,2,5,555
H1_RTx2536_AMP20_AMP27,Historical block 1,historical,source_workbook_B_experiment_3_historical_block_1.xlsx,43,3,RTx2536,sorghum,H1_RTx2536_AMP20_AMP27_P02,2,mixture,AMP20,AMP27,1:1,100000,50000,H1_RTx2536_AMP20_AMP27|AMP20+AMP27|100000,3,5,555
H1_RTx2536_AMP20_AMP27,Historical block 1,historical,source_workbook_B_experiment_3_historical_block_1.xlsx,43,4,RTx2536,sorghum,H1_RTx2536_AMP20_AMP27_P02,2,mixture,AMP20,AMP27,1:1,10000,5000,H1_RTx2536_AMP20_AMP27|AMP20+AMP27|10000,1,5,542
H1_RTx2536_AMP20_AMP27,Historical block 1,historical,source_workbook_B_experiment_3_historical_block_1.xlsx,43,4,RTx2536,sorghum,H1_RTx2536_AMP20_AMP27_P02,2,mixture,AMP20,AMP27,1:1,10000,5000,H1_RTx2536_AMP20_AMP27|AMP20+AMP27|10000,2,4,542
H1_RTx2536_AMP20_AMP27,Historical block 1,historical,source_workbook_B_experiment_3_historical_block_1.xlsx,43,4,RTx2536,sorghum,H1_RTx2536_AMP20_AMP27_P02,2,mixture,AMP20,AMP27,1:1,10000,5000,H1_RTx2536_AMP20_AMP27|AMP20+AMP27|10000,3,2,542
H1_RTx2536_AMP20_AMP27,Historical block 1,historical,source_workbook_B_experiment_3_historical_block_1.xlsx,44,2,RTx2536,sorghum,H1_RTx2536_AMP20_AMP27_P03,3,mixture,AMP20,AMP27,1:1,1000000,500000,H1_RTx2536_AMP20_AMP27|AMP20+AMP27|1000000,1,5,555
H1_RTx2536_AMP20_AMP27,Historical block 1,historical,source_workbook_B_experiment_3_historical_block_1.xlsx,44,2,RTx2536,sorghum,H1_RTx2536_AMP20_AMP27_P03,3,mixture,AMP20,AMP27,1:1,1000000,500000,H1_RTx2536_AMP20_AMP27|AMP20+AMP27|1000000,2,5,555
H1_RTx2536_AMP20_AMP27,Historical block 1,historical,source_workbook_B_experiment_3_historical_block_1.xlsx,44,2,RTx2536,sorghum,H1_RTx2536_AMP20_AMP27_P03,3,mixture,AMP20,AMP27,1:1,1000000,500000,H1_RTx2536_AMP20_AMP27|AMP20+AMP27|1000000,3,5,555
H1_RTx2536_AMP20_AMP27,Historical block 1,historical,source_workbook_B_experiment_3_historical_block_1.xlsx,44,3,RTx2536,sorghum,H1_RTx2536_AMP20_AMP27_P03,3,mixture,AMP20,AMP27,1:1,100000,50000,H1_RTx2536_AMP20_AMP27|AMP20+AMP27|100000,1,5,555
H1_RTx2536_AMP20_AMP27,Historical block 1,historical,source_workbook_B_experiment_3_historical_block_1.xlsx,44,3,RTx2536,sorghum,H1_RTx2536_AMP20_AMP27_P03,3,mixture,AMP20,AMP27,1:1,100000,50000,H1_RTx2536_AMP20_AMP27|AMP20+AMP27|100000,2,5,555
H1_RTx2536_AMP20_AMP27,Historical block 1,historical,source_workbook_B_experiment_3_historical_block_1.xlsx,44,3,RTx2536,sorghum,H1_RTx2536_AMP20_AMP27_P03,3,mixture,AMP20,AMP27,1:1,100000,50000,H1_RTx2536_AMP20_AMP27|AMP20+AMP27|100000,3,5,555
H1_RTx2536_AMP20_AMP27,Historical block 1,historical,source_workbook_B_experiment_3_historical_block_1.xlsx,44,4,RTx2536,sorghum,H1_RTx2536_AMP20_AMP27_P03,3,mixture,AMP20,AMP27,1:1,10000,5000,H1_RTx2536_AMP20_AMP27|AMP20+AMP27|10000,1,5,514
H1_RTx2536_AMP20_AMP27,Historical block 1,historical,source_workbook_B_experiment_3_historical_block_1.xlsx,44,4,RTx2536,sorghum,H1_RTx2536_AMP20_AMP27_P03,3,mixture,AMP20,AMP27,1:1,10000,5000,H1_RTx2536_AMP20_AMP27|AMP20+AMP27|10000,2,1,514
H1_RTx2536_AMP20_AMP27,Historical block 1,historical,source_workbook_B_experiment_3_historical_block_1.xlsx,44,4,RTx2536,sorghum,H1_RTx2536_AMP20_AMP27_P03,3,mixture,AMP20,AMP27,1:1,10000,5000,H1_RTx2536_AMP20_AMP27|AMP20+AMP27|10000,3,4,514
H1_RTx2536_AMP20_AMP27,Historical block 1,historical,source_workbook_B_experiment_3_historical_block_1.xlsx,45,2,RTx2536,sorghum,H1_RTx2536_AMP20_AMP27_P04,4,mixture,AMP20,AMP27,1:1,1000000,500000,H1_RTx2536_AMP20_AMP27|AMP20+AMP27|1000000,1,5,555
H1_RTx2536_AMP20_AMP27,Historical block 1,historical,source_workbook_B_experiment_3_historical_block_1.xlsx,45,2,RTx2536,sorghum,H1_RTx2536_AMP20_AMP27_P04,4,mixture,AMP20,AMP27,1:1,1000000,500000,H1_RTx2536_AMP20_AMP27|AMP20+AMP27|1000000,2,5,555
H1_RTx2536_AMP20_AMP27,Historical block 1,historical,source_workbook_B_experiment_3_historical_block_1.xlsx,45,2,RTx2536,sorghum,H1_RTx2536_AMP20_AMP27_P04,4,mixture,AMP20,AMP27,1:1,1000000,500000,H1_RTx2536_AMP20_AMP27|AMP20+AMP27|1000000,3,5,555
H1_RTx2536_AMP20_AMP27,Historical block 1,historical,source_workbook_B_experiment_3_historical_block_1.xlsx,45,3,RTx2536,sorghum,H1_RTx2536_AMP20_AMP27_P04,4,mixture,AMP20,AMP27,1:1,100000,50000,H1_RTx2536_AMP20_AMP27|AMP20+AMP27|100000,1,4,455
H1_RTx2536_AMP20_AMP27,Historical block 1,historical,source_workbook_B_experiment_3_historical_block_1.xlsx,45,3,RTx2536,sorghum,H1_RTx2536_AMP20_AMP27_P04,4,mixture,AMP20,AMP27,1:1,100000,50000,H1_RTx2536_AMP20_AMP27|AMP20+AMP27|100000,2,5,455
H1_RTx2536_AMP20_AMP27,Historical block 1,historical,source_workbook_B_experiment_3_historical_block_1.xlsx,45,3,RTx2536,sorghum,H1_RTx2536_AMP20_AMP27_P04,4,mixture,AMP20,AMP27,1:1,100000,50000,H1_RTx2536_AMP20_AMP27|AMP20+AMP27|100000,3,5,455
H1_RTx2536_AMP20_AMP27,Historical block 1,historical,source_workbook_B_experiment_3_historical_block_1.xlsx,45,4,RTx2536,sorghum,H1_RTx2536_AMP20_AMP27_P04,4,mixture,AMP20,AMP27,1:1,10000,5000,H1_RTx2536_AMP20_AMP27|AMP20+AMP27|10000,1,5,524
H1_RTx2536_AMP20_AMP27,Historical block 1,historical,source_workbook_B_experiment_3_historical_block_1.xlsx,45,4,RTx2536,sorghum,H1_RTx2536_AMP20_AMP27_P04,4,mixture,AMP20,AMP27,1:1,10000,5000,H1_RTx2536_AMP20_AMP27|AMP20+AMP27|10000,2,2,524
H1_RTx2536_AMP20_AMP27,Historical block 1,historical,source_workbook_B_experiment_3_historical_block_1.xlsx,45,4,RTx2536,sorghum,H1_RTx2536_AMP20_AMP27_P04,4,mixture,AMP20,AMP27,1:1,10000,5000,H1_RTx2536_AMP20_AMP27|AMP20+AMP27|10000,3,4,524
H1_RTx2536_AMP20_AMP27,Historical block 1,historical,source_workbook_B_experiment_3_historical_block_1.xlsx,46,2,RTx2536,sorghum,H1_RTx2536_AMP20_AMP27_P05,5,mixture,AMP20,AMP27,1:1,1000000,500000,H1_RTx2536_AMP20_AMP27|AMP20+AMP27|1000000,1,5,555
H1_RTx2536_AMP20_AMP27,Historical block 1,historical,source_workbook_B_experiment_3_historical_block_1.xlsx,46,2,RTx2536,sorghum,H1_RTx2536_AMP20_AMP27_P05,5,mixture,AMP20,AMP27,1:1,1000000,500000,H1_RTx2536_AMP20_AMP27|AMP20+AMP27|1000000,2,5,555
H1_RTx2536_AMP20_AMP27,Historical block 1,historical,source_workbook_B_experiment_3_historical_block_1.xlsx,46,2,RTx2536,sorghum,H1_RTx2536_AMP20_AMP27_P05,5,mixture,AMP20,AMP27,1:1,1000000,500000,H1_RTx2536_AMP20_AMP27|AMP20+AMP27|1000000,3,5,555
H1_RTx2536_AMP20_AMP27,Historical block 1,historical,source_workbook_B_experiment_3_historical_block_1.xlsx,46,3,RTx2536,sorghum,H1_RTx2536_AMP20_AMP27_P05,5,mixture,AMP20,AMP27,1:1,100000,50000,H1_RTx2536_AMP20_AMP27|AMP20+AMP27|100000,1,5,511
H1_RTx2536_AMP20_AMP27,Historical block 1,historical,source_workbook_B_experiment_3_historical_block_1.xlsx,46,3,RTx2536,sorghum,H1_RTx2536_AMP20_AMP27_P05,5,mixture,AMP20,AMP27,1:1,100000,50000,H1_RTx2536_AMP20_AMP27|AMP20+AMP27|100000,2,1,511
H1_RTx2536_AMP20_AMP27,Historical block 1,historical,source_workbook_B_experiment_3_historical_block_1.xlsx,46,3,RTx2536,sorghum,H1_RTx2536_AMP20_AMP27_P05,5,mixture,AMP20,AMP27,1:1,100000,50000,H1_RTx2536_AMP20_AMP27|AMP20+AMP27|100000,3,1,511
H1_RTx2536_AMP20_AMP27,Historical block 1,historical,source_workbook_B_experiment_3_historical_block_1.xlsx,46,4,RTx2536,sorghum,H1_RTx2536_AMP20_AMP27_P05,5,mixture,AMP20,AMP27,1:1,10000,5000,H1_RTx2536_AMP20_AMP27|AMP20+AMP27|10000,1,1,134
H1_RTx2536_AMP20_AMP27,Historical block 1,historical,source_workbook_B_experiment_3_historical_block_1.xlsx,46,4,RTx2536,sorghum,H1_RTx2536_AMP20_AMP27_P05,5,mixture,AMP20,AMP27,1:1,10000,5000,H1_RTx2536_AMP20_AMP27|AMP20+AMP27|10000,2,3,134
H1_RTx2536_AMP20_AMP27,Historical block 1,historical,source_workbook_B_experiment_3_historical_block_1.xlsx,46,4,RTx2536,sorghum,H1_RTx2536_AMP20_AMP27_P05,5,mixture,AMP20,AMP27,1:1,10000,5000,H1_RTx2536_AMP20_AMP27|AMP20+AMP27|10000,3,4,134
H1_RTx2536_AMP20_AMP27,Historical block 1,historical,source_workbook_B_experiment_3_historical_block_1.xlsx,47,2,RTx2536,sorghum,H1_RTx2536_AMP20_AMP27_P06,6,mixture,AMP20,AMP27,1:1,1000000,500000,H1_RTx2536_AMP20_AMP27|AMP20+AMP27|1000000,1,5,555
H1_RTx2536_AMP20_AMP27,Historical block 1,historical,source_workbook_B_experiment_3_historical_block_1.xlsx,47,2,RTx2536,sorghum,H1_RTx2536_AMP20_AMP27_P06,6,mixture,AMP20,AMP27,1:1,1000000,500000,H1_RTx2536_AMP20_AMP27|AMP20+AMP27|1000000,2,5,555
H1_RTx2536_AMP20_AMP27,Historical block 1,historical,source_workbook_B_experiment_3_historical_block_1.xlsx,47,2,RTx2536,sorghum,H1_RTx2536_AMP20_AMP27_P06,6,mixture,AMP20,AMP27,1:1,1000000,500000,H1_RTx2536_AMP20_AMP27|AMP20+AMP27|1000000,3,5,555
H1_RTx2536_AMP20_AMP27,Historical block 1,historical,source_workbook_B_experiment_3_historical_block_1.xlsx,47,3,RTx2536,sorghum,H1_RTx2536_AMP20_AMP27_P06,6,mixture,AMP20,AMP27,1:1,100000,50000,H1_RTx2536_AMP20_AMP27|AMP20+AMP27|100000,1,1,155
H1_RTx2536_AMP20_AMP27,Historical block 1,historical,source_workbook_B_experiment_3_historical_block_1.xlsx,47,3,RTx2536,sorghum,H1_RTx2536_AMP20_AMP27_P06,6,mixture,AMP20,AMP27,1:1,100000,50000,H1_RTx2536_AMP20_AMP27|AMP20+AMP27|100000,2,5,155
H1_RTx2536_AMP20_AMP27,Historical block 1,historical,source_workbook_B_experiment_3_historical_block_1.xlsx,47,3,RTx2536,sorghum,H1_RTx2536_AMP20_AMP27_P06,6,mixture,AMP20,AMP27,1:1,100000,50000,H1_RTx2536_AMP20_AMP27|AMP20+AMP27|100000,3,5,155
H1_RTx2536_AMP20_AMP27,Historical block 1,historical,source_workbook_B_experiment_3_historical_block_1.xlsx,47,4,RTx2536,sorghum,H1_RTx2536_AMP20_AMP27_P06,6,mixture,AMP20,AMP27,1:1,10000,5000,H1_RTx2536_AMP20_AMP27|AMP20+AMP27|10000,1,5,551
H1_RTx2536_AMP20_AMP27,Historical block 1,historical,source_workbook_B_experiment_3_historical_block_1.xlsx,47,4,RTx2536,sorghum,H1_RTx2536_AMP20_AMP27_P06,6,mixture,AMP20,AMP27,1:1,10000,5000,H1_RTx2536_AMP20_AMP27|AMP20+AMP27|10000,2,5,551
H1_RTx2536_AMP20_AMP27,Historical block 1,historical,source_workbook_B_experiment_3_historical_block_1.xlsx,47,4,RTx2536,sorghum,H1_RTx2536_AMP20_AMP27_P06,6,mixture,AMP20,AMP27,1:1,10000,5000,H1_RTx2536_AMP20_AMP27|AMP20+AMP27|10000,3,1,551
H2_IS18760_AMP20_AMP27,Historical block 2,historical,source_workbook_C_experiments_4_5_historical_block_2.xlsx,3,2,IS18760,sorghum,H2_IS18760_AMP20_AMP27_P01,1,single,AMP20,,,1000000,1000000,H2_IS18760_AMP20_AMP27|AMP20|1000000,1,2,232
H2_IS18760_AMP20_AMP27,Historical block 2,historical,source_workbook_C_experiments_4_5_historical_block_2.xlsx,3,2,IS18760,sorghum,H2_IS18760_AMP20_AMP27_P01,1,single,AMP20,,,1000000,1000000,H2_IS18760_AMP20_AMP27|AMP20|1000000,2,3,232
H2_IS18760_AMP20_AMP27,Historical block 2,historical,source_workbook_C_experiments_4_5_historical_block_2.xlsx,3,2,IS18760,sorghum,H2_IS18760_AMP20_AMP27_P01,1,single,AMP20,,,1000000,1000000,H2_IS18760_AMP20_AMP27|AMP20|1000000,3,2,232
H2_IS18760_AMP20_AMP27,Historical block 2,historical,source_workbook_C_experiments_4_5_historical_block_2.xlsx,3,3,IS18760,sorghum,H2_IS18760_AMP20_AMP27_P01,1,single,AMP20,,,500000,500000,H2_IS18760_AMP20_AMP27|AMP20|500000,1,1,112
H2_IS18760_AMP20_AMP27,Historical block 2,historical,source_workbook_C_experiments_4_5_historical_block_2.xlsx,3,3,IS18760,sorghum,H2_IS18760_AMP20_AMP27_P01,1,single,AMP20,,,500000,500000,H2_IS18760_AMP20_AMP27|AMP20|500000,2,1,112
H2_IS18760_AMP20_AMP27,Historical block 2,historical,source_workbook_C_experiments_4_5_historical_block_2.xlsx,3,3,IS18760,sorghum,H2_IS18760_AMP20_AMP27_P01,1,single,AMP20,,,500000,500000,H2_IS18760_AMP20_AMP27|AMP20|500000,3,2,112
H2_IS18760_AMP20_AMP27,Historical block 2,historical,source_workbook_C_experiments_4_5_historical_block_2.xlsx,3,4,IS18760,sorghum,H2_IS18760_AMP20_AMP27_P01,1,single,AMP20,,,100000,100000,H2_IS18760_AMP20_AMP27|AMP20|100000,1,1,111
H2_IS18760_AMP20_AMP27,Historical block 2,historical,source_workbook_C_experiments_4_5_historical_block_2.xlsx,3,4,IS18760,sorghum,H2_IS18760_AMP20_AMP27_P01,1,single,AMP20,,,100000,100000,H2_IS18760_AMP20_AMP27|AMP20|100000,2,1,111
H2_IS18760_AMP20_AMP27,Historical block 2,historical,source_workbook_C_experiments_4_5_historical_block_2.xlsx,3,4,IS18760,sorghum,H2_IS18760_AMP20_AMP27_P01,1,single,AMP20,,,100000,100000,H2_IS18760_AMP20_AMP27|AMP20|100000,3,1,111
H2_IS18760_AMP20_AMP27,Historical block 2,historical,source_workbook_C_experiments_4_5_historical_block_2.xlsx,3,5,IS18760,sorghum,H2_IS18760_AMP20_AMP27_P01,1,single,AMP20,,,50000,50000,H2_IS18760_AMP20_AMP27|AMP20|50000,1,1,121
H2_IS18760_AMP20_AMP27,Historical block 2,historical,source_workbook_C_experiments_4_5_historical_block_2.xlsx,3,5,IS18760,sorghum,H2_IS18760_AMP20_AMP27_P01,1,single,AMP20,,,50000,50000,H2_IS18760_AMP20_AMP27|AMP20|50000,2,2,121
H2_IS18760_AMP20_AMP27,Historical block 2,historical,source_workbook_C_experiments_4_5_historical_block_2.xlsx,3,5,IS18760,sorghum,H2_IS18760_AMP20_AMP27_P01,1,single,AMP20,,,50000,50000,H2_IS18760_AMP20_AMP27|AMP20|50000,3,1,121
H2_IS18760_AMP20_AMP27,Historical block 2,historical,source_workbook_C_experiments_4_5_historical_block_2.xlsx,3,6,IS18760,sorghum,H2_IS18760_AMP20_AMP27_P01,1,single,AMP20,,,10000,10000,H2_IS18760_AMP20_AMP27|AMP20|10000,1,1,111
H2_IS18760_AMP20_AMP27,Historical block 2,historical,source_workbook_C_experiments_4_5_historical_block_2.xlsx,3,6,IS18760,sorghum,H2_IS18760_AMP20_AMP27_P01,1,single,AMP20,,,10000,10000,H2_IS18760_AMP20_AMP27|AMP20|10000,2,1,111
H2_IS18760_AMP20_AMP27,Historical block 2,historical,source_workbook_C_experiments_4_5_historical_block_2.xlsx,3,6,IS18760,sorghum,H2_IS18760_AMP20_AMP27_P01,1,single,AMP20,,,10000,10000,H2_IS18760_AMP20_AMP27|AMP20|10000,3,1,111
H2_IS18760_AMP20_AMP27,Historical block 2,historical,source_workbook_C_experiments_4_5_historical_block_2.xlsx,3,7,IS18760,sorghum,H2_IS18760_AMP20_AMP27_P01,1,single,AMP20,,,5000,5000,H2_IS18760_AMP20_AMP27|AMP20|5000,1,1,111
H2_IS18760_AMP20_AMP27,Historical block 2,historical,source_workbook_C_experiments_4_5_historical_block_2.xlsx,3,7,IS18760,sorghum,H2_IS18760_AMP20_AMP27_P01,1,single,AMP20,,,5000,5000,H2_IS18760_AMP20_AMP27|AMP20|5000,2,1,111
H2_IS18760_AMP20_AMP27,Historical block 2,historical,source_workbook_C_experiments_4_5_historical_block_2.xlsx,3,7,IS18760,sorghum,H2_IS18760_AMP20_AMP27_P01,1,single,AMP20,,,5000,5000,H2_IS18760_AMP20_AMP27|AMP20|5000,3,1,111
H2_IS18760_AMP20_AMP27,Historical block 2,historical,source_workbook_C_experiments_4_5_historical_block_2.xlsx,4,2,IS18760,sorghum,H2_IS18760_AMP20_AMP27_P02,2,single,AMP20,,,1000000,1000000,H2_IS18760_AMP20_AMP27|AMP20|1000000,1,4,441
H2_IS18760_AMP20_AMP27,Historical block 2,historical,source_workbook_C_experiments_4_5_historical_block_2.xlsx,4,2,IS18760,sorghum,H2_IS18760_AMP20_AMP27_P02,2,single,AMP20,,,1000000,1000000,H2_IS18760_AMP20_AMP27|AMP20|1000000,2,4,441
H2_IS18760_AMP20_AMP27,Historical block 2,historical,source_workbook_C_experiments_4_5_historical_block_2.xlsx,4,2,IS18760,sorghum,H2_IS18760_AMP20_AMP27_P02,2,single,AMP20,,,1000000,1000000,H2_IS18760_AMP20_AMP27|AMP20|1000000,3,1,441
H2_IS18760_AMP20_AMP27,Historical block 2,historical,source_workbook_C_experiments_4_5_historical_block_2.xlsx,4,3,IS18760,sorghum,H2_IS18760_AMP20_AMP27_P02,2,single,AMP20,,,500000,500000,H2_IS18760_AMP20_AMP27|AMP20|500000,1,2,232
H2_IS18760_AMP20_AMP27,Historical block 2,historical,source_workbook_C_experiments_4_5_historical_block_2.xlsx,4,3,IS18760,sorghum,H2_IS18760_AMP20_AMP27_P02,2,single,AMP20,,,500000,500000,H2_IS18760_AMP20_AMP27|AMP20|500000,2,3,232
H2_IS18760_AMP20_AMP27,Historical block 2,historical,source_workbook_C_experiments_4_5_historical_block_2.xlsx,4,3,IS18760,sorghum,H2_IS18760_AMP20_AMP27_P02,2,single,AMP20,,,500000,500000,H2_IS18760_AMP20_AMP27|AMP20|500000,3,2,232
H2_IS18760_AMP20_AMP27,Historical block 2,historical,source_workbook_C_experiments_4_5_historical_block_2.xlsx,4,4,IS18760,sorghum,H2_IS18760_AMP20_AMP27_P02,2,single,AMP20,,,100000,100000,H2_IS18760_AMP20_AMP27|AMP20|100000,1,2,211
H2_IS18760_AMP20_AMP27,Historical block 2,historical,source_workbook_C_experiments_4_5_historical_block_2.xlsx,4,4,IS18760,sorghum,H2_IS18760_AMP20_AMP27_P02,2,single,AMP20,,,100000,100000,H2_IS18760_AMP20_AMP27|AMP20|100000,2,1,211
H2_IS18760_AMP20_AMP27,Historical block 2,historical,source_workbook_C_experiments_4_5_historical_block_2.xlsx,4,4,IS18760,sorghum,H2_IS18760_AMP20_AMP27_P02,2,single,AMP20,,,100000,100000,H2_IS18760_AMP20_AMP27|AMP20|100000,3,1,211
H2_IS18760_AMP20_AMP27,Historical block 2,historical,source_workbook_C_experiments_4_5_historical_block_2.xlsx,4,5,IS18760,sorghum,H2_IS18760_AMP20_AMP27_P02,2,single,AMP20,,,50000,50000,H2_IS18760_AMP20_AMP27|AMP20|50000,1,1,132
H2_IS18760_AMP20_AMP27,Historical block 2,historical,source_workbook_C_experiments_4_5_historical_block_2.xlsx,4,5,IS18760,sorghum,H2_IS18760_AMP20_AMP27_P02,2,single,AMP20,,,50000,50000,H2_IS18760_AMP20_AMP27|AMP20|50000,2,3,132
H2_IS18760_AMP20_AMP27,Historical block 2,historical,source_workbook_C_experiments_4_5_historical_block_2.xlsx,4,5,IS18760,sorghum,H2_IS18760_AMP20_AMP27_P02,2,single,AMP20,,,50000,50000,H2_IS18760_AMP20_AMP27|AMP20|50000,3,2,132
H2_IS18760_AMP20_AMP27,Historical block 2,historical,source_workbook_C_experiments_4_5_historical_block_2.xlsx,4,6,IS18760,sorghum,H2_IS18760_AMP20_AMP27_P02,2,single,AMP20,,,10000,10000,H2_IS18760_AMP20_AMP27|AMP20|10000,1,1,111
H2_IS18760_AMP20_AMP27,Historical block 2,historical,source_workbook_C_experiments_4_5_historical_block_2.xlsx,4,6,IS18760,sorghum,H2_IS18760_AMP20_AMP27_P02,2,single,AMP20,,,10000,10000,H2_IS18760_AMP20_AMP27|AMP20|10000,2,1,111
H2_IS18760_AMP20_AMP27,Historical block 2,historical,source_workbook_C_experiments_4_5_historical_block_2.xlsx,4,6,IS18760,sorghum,H2_IS18760_AMP20_AMP27_P02,2,single,AMP20,,,10000,10000,H2_IS18760_AMP20_AMP27|AMP20|10000,3,1,111
H2_IS18760_AMP20_AMP27,Historical block 2,historical,source_workbook_C_experiments_4_5_historical_block_2.xlsx,4,7,IS18760,sorghum,H2_IS18760_AMP20_AMP27_P02,2,single,AMP20,,,5000,5000,H2_IS18760_AMP20_AMP27|AMP20|5000,1,1,111
H2_IS18760_AMP20_AMP27,Historical block 2,historical,source_workbook_C_experiments_4_5_historical_block_2.xlsx,4,7,IS18760,sorghum,H2_IS18760_AMP20_AMP27_P02,2,single,AMP20,,,5000,5000,H2_IS18760_AMP20_AMP27|AMP20|5000,2,1,111
H2_IS18760_AMP20_AMP27,Historical block 2,historical,source_workbook_C_experiments_4_5_historical_block_2.xlsx,4,7,IS18760,sorghum,H2_IS18760_AMP20_AMP27_P02,2,single,AMP20,,,5000,5000,H2_IS18760_AMP20_AMP27|AMP20|5000,3,1,111
H2_IS18760_AMP20_AMP27,Historical block 2,historical,source_workbook_C_experiments_4_5_historical_block_2.xlsx,5,2,IS18760,sorghum,H2_IS18760_AMP20_AMP27_P03,3,single,AMP20,,,1000000,1000000,H2_IS18760_AMP20_AMP27|AMP20|1000000,1,2,224
H2_IS18760_AMP20_AMP27,Historical block 2,historical,source_workbook_C_experiments_4_5_historical_block_2.xlsx,5,2,IS18760,sorghum,H2_IS18760_AMP20_AMP27_P03,3,single,AMP20,,,1000000,1000000,H2_IS18760_AMP20_AMP27|AMP20|1000000,2,2,224
H2_IS18760_AMP20_AMP27,Historical block 2,historical,source_workbook_C_experiments_4_5_historical_block_2.xlsx,5,2,IS18760,sorghum,H2_IS18760_AMP20_AMP27_P03,3,single,AMP20,,,1000000,1000000,H2_IS18760_AMP20_AMP27|AMP20|1000000,3,4,224
H2_IS18760_AMP20_AMP27,Historical block 2,historical,source_workbook_C_experiments_4_5_historical_block_2.xlsx,5,3,IS18760,sorghum,H2_IS18760_AMP20_AMP27_P03,3,single,AMP20,,,500000,500000,H2_IS18760_AMP20_AMP27|AMP20|500000,1,1,111
H2_IS18760_AMP20_AMP27,Historical block 2,historical,source_workbook_C_experiments_4_5_historical_block_2.xlsx,5,3,IS18760,sorghum,H2_IS18760_AMP20_AMP27_P03,3,single,AMP20,,,500000,500000,H2_IS18760_AMP20_AMP27|AMP20|500000,2,1,111
H2_IS18760_AMP20_AMP27,Historical block 2,historical,source_workbook_C_experiments_4_5_historical_block_2.xlsx,5,3,IS18760,sorghum,H2_IS18760_AMP20_AMP27_P03,3,single,AMP20,,,500000,500000,H2_IS18760_AMP20_AMP27|AMP20|500000,3,1,111
H2_IS18760_AMP20_AMP27,Historical block 2,historical,source_workbook_C_experiments_4_5_historical_block_2.xlsx,5,4,IS18760,sorghum,H2_IS18760_AMP20_AMP27_P03,3,single,AMP20,,,100000,100000,H2_IS18760_AMP20_AMP27|AMP20|100000,1,1,111
H2_IS18760_AMP20_AMP27,Historical block 2,historical,source_workbook_C_experiments_4_5_historical_block_2.xlsx,5,4,IS18760,sorghum,H2_IS18760_AMP20_AMP27_P03,3,single,AMP20,,,100000,100000,H2_IS18760_AMP20_AMP27|AMP20|100000,2,1,111
H2_IS18760_AMP20_AMP27,Historical block 2,historical,source_workbook_C_experiments_4_5_historical_block_2.xlsx,5,4,IS18760,sorghum,H2_IS18760_AMP20_AMP27_P03,3,single,AMP20,,,100000,100000,H2_IS18760_AMP20_AMP27|AMP20|100000,3,1,111
H2_IS18760_AMP20_AMP27,Historical block 2,historical,source_workbook_C_experiments_4_5_historical_block_2.xlsx,5,5,IS18760,sorghum,H2_IS18760_AMP20_AMP27_P03,3,single,AMP20,,,50000,50000,H2_IS18760_AMP20_AMP27|AMP20|50000,1,4,422
H2_IS18760_AMP20_AMP27,Historical block 2,historical,source_workbook_C_experiments_4_5_historical_block_2.xlsx,5,5,IS18760,sorghum,H2_IS18760_AMP20_AMP27_P03,3,single,AMP20,,,50000,50000,H2_IS18760_AMP20_AMP27|AMP20|50000,2,2,422
H2_IS18760_AMP20_AMP27,Historical block 2,historical,source_workbook_C_experiments_4_5_historical_block_2.xlsx,5,5,IS18760,sorghum,H2_IS18760_AMP20_AMP27_P03,3,single,AMP20,,,50000,50000,H2_IS18760_AMP20_AMP27|AMP20|50000,3,2,422
H2_IS18760_AMP20_AMP27,Historical block 2,historical,source_workbook_C_experiments_4_5_historical_block_2.xlsx,5,6,IS18760,sorghum,H2_IS18760_AMP20_AMP27_P03,3,single,AMP20,,,10000,10000,H2_IS18760_AMP20_AMP27|AMP20|10000,1,1,111
H2_IS18760_AMP20_AMP27,Historical block 2,historical,source_workbook_C_experiments_4_5_historical_block_2.xlsx,5,6,IS18760,sorghum,H2_IS18760_AMP20_AMP27_P03,3,single,AMP20,,,10000,10000,H2_IS18760_AMP20_AMP27|AMP20|10000,2,1,111
H2_IS18760_AMP20_AMP27,Historical block 2,historical,source_workbook_C_experiments_4_5_historical_block_2.xlsx,5,6,IS18760,sorghum,H2_IS18760_AMP20_AMP27_P03,3,single,AMP20,,,10000,10000,H2_IS18760_AMP20_AMP27|AMP20|10000,3,1,111
H2_IS18760_AMP20_AMP27,Historical block 2,historical,source_workbook_C_experiments_4_5_historical_block_2.xlsx,5,7,IS18760,sorghum,H2_IS18760_AMP20_AMP27_P03,3,single,AMP20,,,5000,5000,H2_IS18760_AMP20_AMP27|AMP20|5000,1,1,111
H2_IS18760_AMP20_AMP27,Historical block 2,historical,source_workbook_C_experiments_4_5_historical_block_2.xlsx,5,7,IS18760,sorghum,H2_IS18760_AMP20_AMP27_P03,3,single,AMP20,,,5000,5000,H2_IS18760_AMP20_AMP27|AMP20|5000,2,1,111
H2_IS18760_AMP20_AMP27,Historical block 2,historical,source_workbook_C_experiments_4_5_historical_block_2.xlsx,5,7,IS18760,sorghum,H2_IS18760_AMP20_AMP27_P03,3,single,AMP20,,,5000,5000,H2_IS18760_AMP20_AMP27|AMP20|5000,3,1,111
H2_IS18760_AMP20_AMP27,Historical block 2,historical,source_workbook_C_experiments_4_5_historical_block_2.xlsx,6,2,IS18760,sorghum,H2_IS18760_AMP20_AMP27_P04,4,single,AMP20,,,1000000,1000000,H2_IS18760_AMP20_AMP27|AMP20|1000000,1,2,252
H2_IS18760_AMP20_AMP27,Historical block 2,historical,source_workbook_C_experiments_4_5_historical_block_2.xlsx,6,2,IS18760,sorghum,H2_IS18760_AMP20_AMP27_P04,4,single,AMP20,,,1000000,1000000,H2_IS18760_AMP20_AMP27|AMP20|1000000,2,5,252
H2_IS18760_AMP20_AMP27,Historical block 2,historical,source_workbook_C_experiments_4_5_historical_block_2.xlsx,6,2,IS18760,sorghum,H2_IS18760_AMP20_AMP27_P04,4,single,AMP20,,,1000000,1000000,H2_IS18760_AMP20_AMP27|AMP20|1000000,3,2,252
H2_IS18760_AMP20_AMP27,Historical block 2,historical,source_workbook_C_experiments_4_5_historical_block_2.xlsx,6,3,IS18760,sorghum,H2_IS18760_AMP20_AMP27_P04,4,single,AMP20,,,500000,500000,H2_IS18760_AMP20_AMP27|AMP20|500000,1,5,522
H2_IS18760_AMP20_AMP27,Historical block 2,historical,source_workbook_C_experiments_4_5_historical_block_2.xlsx,6,3,IS18760,sorghum,H2_IS18760_AMP20_AMP27_P04,4,single,AMP20,,,500000,500000,H2_IS18760_AMP20_AMP27|AMP20|500000,2,2,522
H2_IS18760_AMP20_AMP27,Historical block 2,historical,source_workbook_C_experiments_4_5_historical_block_2.xlsx,6,3,IS18760,sorghum,H2_IS18760_AMP20_AMP27_P04,4,single,AMP20,,,500000,500000,H2_IS18760_AMP20_AMP27|AMP20|500000,3,2,522
H2_IS18760_AMP20_AMP27,Historical block 2,historical,source_workbook_C_experiments_4_5_historical_block_2.xlsx,6,4,IS18760,sorghum,H2_IS18760_AMP20_AMP27_P04,4,single,AMP20,,,100000,100000,H2_IS18760_AMP20_AMP27|AMP20|100000,1,1,111
H2_IS18760_AMP20_AMP27,Historical block 2,historical,source_workbook_C_experiments_4_5_historical_block_2.xlsx,6,4,IS18760,sorghum,H2_IS18760_AMP20_AMP27_P04,4,single,AMP20,,,100000,100000,H2_IS18760_AMP20_AMP27|AMP20|100000,2,1,111
H2_IS18760_AMP20_AMP27,Historical block 2,historical,source_workbook_C_experiments_4_5_historical_block_2.xlsx,6,4,IS18760,sorghum,H2_IS18760_AMP20_AMP27_P04,4,single,AMP20,,,100000,100000,H2_IS18760_AMP20_AMP27|AMP20|100000,3,1,111
H2_IS18760_AMP20_AMP27,Historical block 2,historical,source_workbook_C_experiments_4_5_historical_block_2.xlsx,6,5,IS18760,sorghum,H2_IS18760_AMP20_AMP27_P04,4,single,AMP20,,,50000,50000,H2_IS18760_AMP20_AMP27|AMP20|50000,1,1,111
H2_IS18760_AMP20_AMP27,Historical block 2,historical,source_workbook_C_experiments_4_5_historical_block_2.xlsx,6,5,IS18760,sorghum,H2_IS18760_AMP20_AMP27_P04,4,single,AMP20,,,50000,50000,H2_IS18760_AMP20_AMP27|AMP20|50000,2,1,111
H2_IS18760_AMP20_AMP27,Historical block 2,historical,source_workbook_C_experiments_4_5_historical_block_2.xlsx,6,5,IS18760,sorghum,H2_IS18760_AMP20_AMP27_P04,4,single,AMP20,,,50000,50000,H2_IS18760_AMP20_AMP27|AMP20|50000,3,1,111
H2_IS18760_AMP20_AMP27,Historical block 2,historical,source_workbook_C_experiments_4_5_historical_block_2.xlsx,6,6,IS18760,sorghum,H2_IS18760_AMP20_AMP27_P04,4,single,AMP20,,,10000,10000,H2_IS18760_AMP20_AMP27|AMP20|10000,1,1,111
H2_IS18760_AMP20_AMP27,Historical block 2,historical,source_workbook_C_experiments_4_5_historical_block_2.xlsx,6,6,IS18760,sorghum,H2_IS18760_AMP20_AMP27_P04,4,single,AMP20,,,10000,10000,H2_IS18760_AMP20_AMP27|AMP20|10000,2,1,111
H2_IS18760_AMP20_AMP27,Historical block 2,historical,source_workbook_C_experiments_4_5_historical_block_2.xlsx,6,6,IS18760,sorghum,H2_IS18760_AMP20_AMP27_P04,4,single,AMP20,,,10000,10000,H2_IS18760_AMP20_AMP27|AMP20|10000,3,1,111
H2_IS18760_AMP20_AMP27,Historical block 2,historical,source_workbook_C_experiments_4_5_historical_block_2.xlsx,6,7,IS18760,sorghum,H2_IS18760_AMP20_AMP27_P04,4,single,AMP20,,,5000,5000,H2_IS18760_AMP20_AMP27|AMP20|5000,1,1,111
H2_IS18760_AMP20_AMP27,Historical block 2,historical,source_workbook_C_experiments_4_5_historical_block_2.xlsx,6,7,IS18760,sorghum,H2_IS18760_AMP20_AMP27_P04,4,single,AMP20,,,5000,5000,H2_IS18760_AMP20_AMP27|AMP20|5000,2,1,111
H2_IS18760_AMP20_AMP27,Historical block 2,historical,source_workbook_C_experiments_4_5_historical_block_2.xlsx,6,7,IS18760,sorghum,H2_IS18760_AMP20_AMP27_P04,4,single,AMP20,,,5000,5000,H2_IS18760_AMP20_AMP27|AMP20|5000,3,1,111
H2_IS18760_AMP20_AMP27,Historical block 2,historical,source_workbook_C_experiments_4_5_historical_block_2.xlsx,7,2,IS18760,sorghum,H2_IS18760_AMP20_AMP27_P05,5,single,AMP20,,,1000000,1000000,H2_IS18760_AMP20_AMP27|AMP20|1000000,1,4,422
H2_IS18760_AMP20_AMP27,Historical block 2,historical,source_workbook_C_experiments_4_5_historical_block_2.xlsx,7,2,IS18760,sorghum,H2_IS18760_AMP20_AMP27_P05,5,single,AMP20,,,1000000,1000000,H2_IS18760_AMP20_AMP27|AMP20|1000000,2,2,422
H2_IS18760_AMP20_AMP27,Historical block 2,historical,source_workbook_C_experiments_4_5_historical_block_2.xlsx,7,2,IS18760,sorghum,H2_IS18760_AMP20_AMP27_P05,5,single,AMP20,,,1000000,1000000,H2_IS18760_AMP20_AMP27|AMP20|1000000,3,2,422
H2_IS18760_AMP20_AMP27,Historical block 2,historical,source_workbook_C_experiments_4_5_historical_block_2.xlsx,7,3,IS18760,sorghum,H2_IS18760_AMP20_AMP27_P05,5,single,AMP20,,,500000,500000,H2_IS18760_AMP20_AMP27|AMP20|500000,1,2,255
H2_IS18760_AMP20_AMP27,Historical block 2,historical,source_workbook_C_experiments_4_5_historical_block_2.xlsx,7,3,IS18760,sorghum,H2_IS18760_AMP20_AMP27_P05,5,single,AMP20,,,500000,500000,H2_IS18760_AMP20_AMP27|AMP20|500000,2,5,255
H2_IS18760_AMP20_AMP27,Historical block 2,historical,source_workbook_C_experiments_4_5_historical_block_2.xlsx,7,3,IS18760,sorghum,H2_IS18760_AMP20_AMP27_P05,5,single,AMP20,,,500000,500000,H2_IS18760_AMP20_AMP27|AMP20|500000,3,5,255
H2_IS18760_AMP20_AMP27,Historical block 2,historical,source_workbook_C_experiments_4_5_historical_block_2.xlsx,7,4,IS18760,sorghum,H2_IS18760_AMP20_AMP27_P05,5,single,AMP20,,,100000,100000,H2_IS18760_AMP20_AMP27|AMP20|100000,1,1,111
H2_IS18760_AMP20_AMP27,Historical block 2,historical,source_workbook_C_experiments_4_5_historical_block_2.xlsx,7,4,IS18760,sorghum,H2_IS18760_AMP20_AMP27_P05,5,single,AMP20,,,100000,100000,H2_IS18760_AMP20_AMP27|AMP20|100000,2,1,111
H2_IS18760_AMP20_AMP27,Historical block 2,historical,source_workbook_C_experiments_4_5_historical_block_2.xlsx,7,4,IS18760,sorghum,H2_IS18760_AMP20_AMP27_P05,5,single,AMP20,,,100000,100000,H2_IS18760_AMP20_AMP27|AMP20|100000,3,1,111
H2_IS18760_AMP20_AMP27,Historical block 2,historical,source_workbook_C_experiments_4_5_historical_block_2.xlsx,7,5,IS18760,sorghum,H2_IS18760_AMP20_AMP27_P05,5,single,AMP20,,,50000,50000,H2_IS18760_AMP20_AMP27|AMP20|50000,1,4,411
H2_IS18760_AMP20_AMP27,Historical block 2,historical,source_workbook_C_experiments_4_5_historical_block_2.xlsx,7,5,IS18760,sorghum,H2_IS18760_AMP20_AMP27_P05,5,single,AMP20,,,50000,50000,H2_IS18760_AMP20_AMP27|AMP20|50000,2,1,411
H2_IS18760_AMP20_AMP27,Historical block 2,historical,source_workbook_C_experiments_4_5_historical_block_2.xlsx,7,5,IS18760,sorghum,H2_IS18760_AMP20_AMP27_P05,5,single,AMP20,,,50000,50000,H2_IS18760_AMP20_AMP27|AMP20|50000,3,1,411
H2_IS18760_AMP20_AMP27,Historical block 2,historical,source_workbook_C_experiments_4_5_historical_block_2.xlsx,7,6,IS18760,sorghum,H2_IS18760_AMP20_AMP27_P05,5,single,AMP20,,,10000,10000,H2_IS18760_AMP20_AMP27|AMP20|10000,1,1,111
H2_IS18760_AMP20_AMP27,Historical block 2,historical,source_workbook_C_experiments_4_5_historical_block_2.xlsx,7,6,IS18760,sorghum,H2_IS18760_AMP20_AMP27_P05,5,single,AMP20,,,10000,10000,H2_IS18760_AMP20_AMP27|AMP20|10000,2,1,111
H2_IS18760_AMP20_AMP27,Historical block 2,historical,source_workbook_C_experiments_4_5_historical_block_2.xlsx,7,6,IS18760,sorghum,H2_IS18760_AMP20_AMP27_P05,5,single,AMP20,,,10000,10000,H2_IS18760_AMP20_AMP27|AMP20|10000,3,1,111
H2_IS18760_AMP20_AMP27,Historical block 2,historical,source_workbook_C_experiments_4_5_historical_block_2.xlsx,7,7,IS18760,sorghum,H2_IS18760_AMP20_AMP27_P05,5,single,AMP20,,,5000,5000,H2_IS18760_AMP20_AMP27|AMP20|5000,1,1,111
H2_IS18760_AMP20_AMP27,Historical block 2,historical,source_workbook_C_experiments_4_5_historical_block_2.xlsx,7,7,IS18760,sorghum,H2_IS18760_AMP20_AMP27_P05,5,single,AMP20,,,5000,5000,H2_IS18760_AMP20_AMP27|AMP20|5000,2,1,111
H2_IS18760_AMP20_AMP27,Historical block 2,historical,source_workbook_C_experiments_4_5_historical_block_2.xlsx,7,7,IS18760,sorghum,H2_IS18760_AMP20_AMP27_P05,5,single,AMP20,,,5000,5000,H2_IS18760_AMP20_AMP27|AMP20|5000,3,1,111
H2_IS18760_AMP20_AMP27,Historical block 2,historical,source_workbook_C_experiments_4_5_historical_block_2.xlsx,8,2,IS18760,sorghum,H2_IS18760_AMP20_AMP27_P06,6,single,AMP20,,,1000000,1000000,H2_IS18760_AMP20_AMP27|AMP20|1000000,1,5,522
H2_IS18760_AMP20_AMP27,Historical block 2,historical,source_workbook_C_experiments_4_5_historical_block_2.xlsx,8,2,IS18760,sorghum,H2_IS18760_AMP20_AMP27_P06,6,single,AMP20,,,1000000,1000000,H2_IS18760_AMP20_AMP27|AMP20|1000000,2,2,522
H2_IS18760_AMP20_AMP27,Historical block 2,historical,source_workbook_C_experiments_4_5_historical_block_2.xlsx,8,2,IS18760,sorghum,H2_IS18760_AMP20_AMP27_P06,6,single,AMP20,,,1000000,1000000,H2_IS18760_AMP20_AMP27|AMP20|1000000,3,2,522
H2_IS18760_AMP20_AMP27,Historical block 2,historical,source_workbook_C_experiments_4_5_historical_block_2.xlsx,8,3,IS18760,sorghum,H2_IS18760_AMP20_AMP27_P06,6,single,AMP20,,,500000,500000,H2_IS18760_AMP20_AMP27|AMP20|500000,1,4,433
H2_IS18760_AMP20_AMP27,Historical block 2,historical,source_workbook_C_experiments_4_5_historical_block_2.xlsx,8,3,IS18760,sorghum,H2_IS18760_AMP20_AMP27_P06,6,single,AMP20,,,500000,500000,H2_IS18760_AMP20_AMP27|AMP20|500000,2,3,433
H2_IS18760_AMP20_AMP27,Historical block 2,historical,source_workbook_C_experiments_4_5_historical_block_2.xlsx,8,3,IS18760,sorghum,H2_IS18760_AMP20_AMP27_P06,6,single,AMP20,,,500000,500000,H2_IS18760_AMP20_AMP27|AMP20|500000,3,3,433
H2_IS18760_AMP20_AMP27,Historical block 2,historical,source_workbook_C_experiments_4_5_historical_block_2.xlsx,8,4,IS18760,sorghum,H2_IS18760_AMP20_AMP27_P06,6,single,AMP20,,,100000,100000,H2_IS18760_AMP20_AMP27|AMP20|100000,1,1,112
H2_IS18760_AMP20_AMP27,Historical block 2,historical,source_workbook_C_experiments_4_5_historical_block_2.xlsx,8,4,IS18760,sorghum,H2_IS18760_AMP20_AMP27_P06,6,single,AMP20,,,100000,100000,H2_IS18760_AMP20_AMP27|AMP20|100000,2,1,112
H2_IS18760_AMP20_AMP27,Historical block 2,historical,source_workbook_C_experiments_4_5_historical_block_2.xlsx,8,4,IS18760,sorghum,H2_IS18760_AMP20_AMP27_P06,6,single,AMP20,,,100000,100000,H2_IS18760_AMP20_AMP27|AMP20|100000,3,2,112
H2_IS18760_AMP20_AMP27,Historical block 2,historical,source_workbook_C_experiments_4_5_historical_block_2.xlsx,8,5,IS18760,sorghum,H2_IS18760_AMP20_AMP27_P06,6,single,AMP20,,,50000,50000,H2_IS18760_AMP20_AMP27|AMP20|50000,1,1,111
H2_IS18760_AMP20_AMP27,Historical block 2,historical,source_workbook_C_experiments_4_5_historical_block_2.xlsx,8,5,IS18760,sorghum,H2_IS18760_AMP20_AMP27_P06,6,single,AMP20,,,50000,50000,H2_IS18760_AMP20_AMP27|AMP20|50000,2,1,111
H2_IS18760_AMP20_AMP27,Historical block 2,historical,source_workbook_C_experiments_4_5_historical_block_2.xlsx,8,5,IS18760,sorghum,H2_IS18760_AMP20_AMP27_P06,6,single,AMP20,,,50000,50000,H2_IS18760_AMP20_AMP27|AMP20|50000,3,1,111
H2_IS18760_AMP20_AMP27,Historical block 2,historical,source_workbook_C_experiments_4_5_historical_block_2.xlsx,8,6,IS18760,sorghum,H2_IS18760_AMP20_AMP27_P06,6,single,AMP20,,,10000,10000,H2_IS18760_AMP20_AMP27|AMP20|10000,1,1,111
H2_IS18760_AMP20_AMP27,Historical block 2,historical,source_workbook_C_experiments_4_5_historical_block_2.xlsx,8,6,IS18760,sorghum,H2_IS18760_AMP20_AMP27_P06,6,single,AMP20,,,10000,10000,H2_IS18760_AMP20_AMP27|AMP20|10000,2,1,111
H2_IS18760_AMP20_AMP27,Historical block 2,historical,source_workbook_C_experiments_4_5_historical_block_2.xlsx,8,6,IS18760,sorghum,H2_IS18760_AMP20_AMP27_P06,6,single,AMP20,,,10000,10000,H2_IS18760_AMP20_AMP27|AMP20|10000,3,1,111
H2_IS18760_AMP20_AMP27,Historical block 2,historical,source_workbook_C_experiments_4_5_historical_block_2.xlsx,8,7,IS18760,sorghum,H2_IS18760_AMP20_AMP27_P06,6,single,AMP20,,,5000,5000,H2_IS18760_AMP20_AMP27|AMP20|5000,1,1,111
H2_IS18760_AMP20_AMP27,Historical block 2,historical,source_workbook_C_experiments_4_5_historical_block_2.xlsx,8,7,IS18760,sorghum,H2_IS18760_AMP20_AMP27_P06,6,single,AMP20,,,5000,5000,H2_IS18760_AMP20_AMP27|AMP20|5000,2,1,111
H2_IS18760_AMP20_AMP27,Historical block 2,historical,source_workbook_C_experiments_4_5_historical_block_2.xlsx,8,7,IS18760,sorghum,H2_IS18760_AMP20_AMP27_P06,6,single,AMP20,,,5000,5000,H2_IS18760_AMP20_AMP27|AMP20|5000,3,1,111
H2_IS18760_AMP20_AMP27,Historical block 2,historical,source_workbook_C_experiments_4_5_historical_block_2.xlsx,10,2,IS18760,sorghum,H2_IS18760_AMP20_AMP27_P01,1,single,AMP27,,,1000000,1000000,H2_IS18760_AMP20_AMP27|AMP27|1000000,1,5,532
H2_IS18760_AMP20_AMP27,Historical block 2,historical,source_workbook_C_experiments_4_5_historical_block_2.xlsx,10,2,IS18760,sorghum,H2_IS18760_AMP20_AMP27_P01,1,single,AMP27,,,1000000,1000000,H2_IS18760_AMP20_AMP27|AMP27|1000000,2,3,532
H2_IS18760_AMP20_AMP27,Historical block 2,historical,source_workbook_C_experiments_4_5_historical_block_2.xlsx,10,2,IS18760,sorghum,H2_IS18760_AMP20_AMP27_P01,1,single,AMP27,,,1000000,1000000,H2_IS18760_AMP20_AMP27|AMP27|1000000,3,2,532
H2_IS18760_AMP20_AMP27,Historical block 2,historical,source_workbook_C_experiments_4_5_historical_block_2.xlsx,10,3,IS18760,sorghum,H2_IS18760_AMP20_AMP27_P01,1,single,AMP27,,,500000,500000,H2_IS18760_AMP20_AMP27|AMP27|500000,1,2,211
H2_IS18760_AMP20_AMP27,Historical block 2,historical,source_workbook_C_experiments_4_5_historical_block_2.xlsx,10,3,IS18760,sorghum,H2_IS18760_AMP20_AMP27_P01,1,single,AMP27,,,500000,500000,H2_IS18760_AMP20_AMP27|AMP27|500000,2,1,211
H2_IS18760_AMP20_AMP27,Historical block 2,historical,source_workbook_C_experiments_4_5_historical_block_2.xlsx,10,3,IS18760,sorghum,H2_IS18760_AMP20_AMP27_P01,1,single,AMP27,,,500000,500000,H2_IS18760_AMP20_AMP27|AMP27|500000,3,1,211
H2_IS18760_AMP20_AMP27,Historical block 2,historical,source_workbook_C_experiments_4_5_historical_block_2.xlsx,10,4,IS18760,sorghum,H2_IS18760_AMP20_AMP27_P01,1,single,AMP27,,,100000,100000,H2_IS18760_AMP20_AMP27|AMP27|100000,1,1,111
H2_IS18760_AMP20_AMP27,Historical block 2,historical,source_workbook_C_experiments_4_5_historical_block_2.xlsx,10,4,IS18760,sorghum,H2_IS18760_AMP20_AMP27_P01,1,single,AMP27,,,100000,100000,H2_IS18760_AMP20_AMP27|AMP27|100000,2,1,111
H2_IS18760_AMP20_AMP27,Historical block 2,historical,source_workbook_C_experiments_4_5_historical_block_2.xlsx,10,4,IS18760,sorghum,H2_IS18760_AMP20_AMP27_P01,1,single,AMP27,,,100000,100000,H2_IS18760_AMP20_AMP27|AMP27|100000,3,1,111
H2_IS18760_AMP20_AMP27,Historical block 2,historical,source_workbook_C_experiments_4_5_historical_block_2.xlsx,10,5,IS18760,sorghum,H2_IS18760_AMP20_AMP27_P01,1,single,AMP27,,,50000,50000,H2_IS18760_AMP20_AMP27|AMP27|50000,1,3,312
H2_IS18760_AMP20_AMP27,Historical block 2,historical,source_workbook_C_experiments_4_5_historical_block_2.xlsx,10,5,IS18760,sorghum,H2_IS18760_AMP20_AMP27_P01,1,single,AMP27,,,50000,50000,H2_IS18760_AMP20_AMP27|AMP27|50000,2,1,312
H2_IS18760_AMP20_AMP27,Historical block 2,historical,source_workbook_C_experiments_4_5_historical_block_2.xlsx,10,5,IS18760,sorghum,H2_IS18760_AMP20_AMP27_P01,1,single,AMP27,,,50000,50000,H2_IS18760_AMP20_AMP27|AMP27|50000,3,2,312
H2_IS18760_AMP20_AMP27,Historical block 2,historical,source_workbook_C_experiments_4_5_historical_block_2.xlsx,10,6,IS18760,sorghum,H2_IS18760_AMP20_AMP27_P01,1,single,AMP27,,,10000,10000,H2_IS18760_AMP20_AMP27|AMP27|10000,1,1,112
H2_IS18760_AMP20_AMP27,Historical block 2,historical,source_workbook_C_experiments_4_5_historical_block_2.xlsx,10,6,IS18760,sorghum,H2_IS18760_AMP20_AMP27_P01,1,single,AMP27,,,10000,10000,H2_IS18760_AMP20_AMP27|AMP27|10000,2,1,112
H2_IS18760_AMP20_AMP27,Historical block 2,historical,source_workbook_C_experiments_4_5_historical_block_2.xlsx,10,6,IS18760,sorghum,H2_IS18760_AMP20_AMP27_P01,1,single,AMP27,,,10000,10000,H2_IS18760_AMP20_AMP27|AMP27|10000,3,2,112
H2_IS18760_AMP20_AMP27,Historical block 2,historical,source_workbook_C_experiments_4_5_historical_block_2.xlsx,10,7,IS18760,sorghum,H2_IS18760_AMP20_AMP27_P01,1,single,AMP27,,,5000,5000,H2_IS18760_AMP20_AMP27|AMP27|5000,1,1,111
H2_IS18760_AMP20_AMP27,Historical block 2,historical,source_workbook_C_experiments_4_5_historical_block_2.xlsx,10,7,IS18760,sorghum,H2_IS18760_AMP20_AMP27_P01,1,single,AMP27,,,5000,5000,H2_IS18760_AMP20_AMP27|AMP27|5000,2,1,111
H2_IS18760_AMP20_AMP27,Historical block 2,historical,source_workbook_C_experiments_4_5_historical_block_2.xlsx,10,7,IS18760,sorghum,H2_IS18760_AMP20_AMP27_P01,1,single,AMP27,,,5000,5000,H2_IS18760_AMP20_AMP27|AMP27|5000,3,1,111
H2_IS18760_AMP20_AMP27,Historical block 2,historical,source_workbook_C_experiments_4_5_historical_block_2.xlsx,11,2,IS18760,sorghum,H2_IS18760_AMP20_AMP27_P02,2,single,AMP27,,,1000000,1000000,H2_IS18760_AMP20_AMP27|AMP27|1000000,1,5,533
H2_IS18760_AMP20_AMP27,Historical block 2,historical,source_workbook_C_experiments_4_5_historical_block_2.xlsx,11,2,IS18760,sorghum,H2_IS18760_AMP20_AMP27_P02,2,single,AMP27,,,1000000,1000000,H2_IS18760_AMP20_AMP27|AMP27|1000000,2,3,533
H2_IS18760_AMP20_AMP27,Historical block 2,historical,source_workbook_C_experiments_4_5_historical_block_2.xlsx,11,2,IS18760,sorghum,H2_IS18760_AMP20_AMP27_P02,2,single,AMP27,,,1000000,1000000,H2_IS18760_AMP20_AMP27|AMP27|1000000,3,3,533
H2_IS18760_AMP20_AMP27,Historical block 2,historical,source_workbook_C_experiments_4_5_historical_block_2.xlsx,11,3,IS18760,sorghum,H2_IS18760_AMP20_AMP27_P02,2,single,AMP27,,,500000,500000,H2_IS18760_AMP20_AMP27|AMP27|500000,1,2,232
H2_IS18760_AMP20_AMP27,Historical block 2,historical,source_workbook_C_experiments_4_5_historical_block_2.xlsx,11,3,IS18760,sorghum,H2_IS18760_AMP20_AMP27_P02,2,single,AMP27,,,500000,500000,H2_IS18760_AMP20_AMP27|AMP27|500000,2,3,232
H2_IS18760_AMP20_AMP27,Historical block 2,historical,source_workbook_C_experiments_4_5_historical_block_2.xlsx,11,3,IS18760,sorghum,H2_IS18760_AMP20_AMP27_P02,2,single,AMP27,,,500000,500000,H2_IS18760_AMP20_AMP27|AMP27|500000,3,2,232
H2_IS18760_AMP20_AMP27,Historical block 2,historical,source_workbook_C_experiments_4_5_historical_block_2.xlsx,11,4,IS18760,sorghum,H2_IS18760_AMP20_AMP27_P02,2,single,AMP27,,,100000,100000,H2_IS18760_AMP20_AMP27|AMP27|100000,1,3,334
H2_IS18760_AMP20_AMP27,Historical block 2,historical,source_workbook_C_experiments_4_5_historical_block_2.xlsx,11,4,IS18760,sorghum,H2_IS18760_AMP20_AMP27_P02,2,single,AMP27,,,100000,100000,H2_IS18760_AMP20_AMP27|AMP27|100000,2,3,334
H2_IS18760_AMP20_AMP27,Historical block 2,historical,source_workbook_C_experiments_4_5_historical_block_2.xlsx,11,4,IS18760,sorghum,H2_IS18760_AMP20_AMP27_P02,2,single,AMP27,,,100000,100000,H2_IS18760_AMP20_AMP27|AMP27|100000,3,4,334
H2_IS18760_AMP20_AMP27,Historical block 2,historical,source_workbook_C_experiments_4_5_historical_block_2.xlsx,11,5,IS18760,sorghum,H2_IS18760_AMP20_AMP27_P02,2,single,AMP27,,,50000,50000,H2_IS18760_AMP20_AMP27|AMP27|50000,1,2,241
H2_IS18760_AMP20_AMP27,Historical block 2,historical,source_workbook_C_experiments_4_5_historical_block_2.xlsx,11,5,IS18760,sorghum,H2_IS18760_AMP20_AMP27_P02,2,single,AMP27,,,50000,50000,H2_IS18760_AMP20_AMP27|AMP27|50000,2,4,241
H2_IS18760_AMP20_AMP27,Historical block 2,historical,source_workbook_C_experiments_4_5_historical_block_2.xlsx,11,5,IS18760,sorghum,H2_IS18760_AMP20_AMP27_P02,2,single,AMP27,,,50000,50000,H2_IS18760_AMP20_AMP27|AMP27|50000,3,1,241
H2_IS18760_AMP20_AMP27,Historical block 2,historical,source_workbook_C_experiments_4_5_historical_block_2.xlsx,11,6,IS18760,sorghum,H2_IS18760_AMP20_AMP27_P02,2,single,AMP27,,,10000,10000,H2_IS18760_AMP20_AMP27|AMP27|10000,1,1,111
H2_IS18760_AMP20_AMP27,Historical block 2,historical,source_workbook_C_experiments_4_5_historical_block_2.xlsx,11,6,IS18760,sorghum,H2_IS18760_AMP20_AMP27_P02,2,single,AMP27,,,10000,10000,H2_IS18760_AMP20_AMP27|AMP27|10000,2,1,111
H2_IS18760_AMP20_AMP27,Historical block 2,historical,source_workbook_C_experiments_4_5_historical_block_2.xlsx,11,6,IS18760,sorghum,H2_IS18760_AMP20_AMP27_P02,2,single,AMP27,,,10000,10000,H2_IS18760_AMP20_AMP27|AMP27|10000,3,1,111
H2_IS18760_AMP20_AMP27,Historical block 2,historical,source_workbook_C_experiments_4_5_historical_block_2.xlsx,11,7,IS18760,sorghum,H2_IS18760_AMP20_AMP27_P02,2,single,AMP27,,,5000,5000,H2_IS18760_AMP20_AMP27|AMP27|5000,1,1,111
H2_IS18760_AMP20_AMP27,Historical block 2,historical,source_workbook_C_experiments_4_5_historical_block_2.xlsx,11,7,IS18760,sorghum,H2_IS18760_AMP20_AMP27_P02,2,single,AMP27,,,5000,5000,H2_IS18760_AMP20_AMP27|AMP27|5000,2,1,111
H2_IS18760_AMP20_AMP27,Historical block 2,historical,source_workbook_C_experiments_4_5_historical_block_2.xlsx,11,7,IS18760,sorghum,H2_IS18760_AMP20_AMP27_P02,2,single,AMP27,,,5000,5000,H2_IS18760_AMP20_AMP27|AMP27|5000,3,1,111
H2_IS18760_AMP20_AMP27,Historical block 2,historical,source_workbook_C_experiments_4_5_historical_block_2.xlsx,12,2,IS18760,sorghum,H2_IS18760_AMP20_AMP27_P03,3,single,AMP27,,,1000000,1000000,H2_IS18760_AMP20_AMP27|AMP27|1000000,1,3,332
H2_IS18760_AMP20_AMP27,Historical block 2,historical,source_workbook_C_experiments_4_5_historical_block_2.xlsx,12,2,IS18760,sorghum,H2_IS18760_AMP20_AMP27_P03,3,single,AMP27,,,1000000,1000000,H2_IS18760_AMP20_AMP27|AMP27|1000000,2,3,332
H2_IS18760_AMP20_AMP27,Historical block 2,historical,source_workbook_C_experiments_4_5_historical_block_2.xlsx,12,2,IS18760,sorghum,H2_IS18760_AMP20_AMP27_P03,3,single,AMP27,,,1000000,1000000,H2_IS18760_AMP20_AMP27|AMP27|1000000,3,2,332
H2_IS18760_AMP20_AMP27,Historical block 2,historical,source_workbook_C_experiments_4_5_historical_block_2.xlsx,12,3,IS18760,sorghum,H2_IS18760_AMP20_AMP27_P03,3,single,AMP27,,,500000,500000,H2_IS18760_AMP20_AMP27|AMP27|500000,1,5,543
H2_IS18760_AMP20_AMP27,Historical block 2,historical,source_workbook_C_experiments_4_5_historical_block_2.xlsx,12,3,IS18760,sorghum,H2_IS18760_AMP20_AMP27_P03,3,single,AMP27,,,500000,500000,H2_IS18760_AMP20_AMP27|AMP27|500000,2,4,543
H2_IS18760_AMP20_AMP27,Historical block 2,historical,source_workbook_C_experiments_4_5_historical_block_2.xlsx,12,3,IS18760,sorghum,H2_IS18760_AMP20_AMP27_P03,3,single,AMP27,,,500000,500000,H2_IS18760_AMP20_AMP27|AMP27|500000,3,3,543
H2_IS18760_AMP20_AMP27,Historical block 2,historical,source_workbook_C_experiments_4_5_historical_block_2.xlsx,12,4,IS18760,sorghum,H2_IS18760_AMP20_AMP27_P03,3,single,AMP27,,,100000,100000,H2_IS18760_AMP20_AMP27|AMP27|100000,1,1,114
H2_IS18760_AMP20_AMP27,Historical block 2,historical,source_workbook_C_experiments_4_5_historical_block_2.xlsx,12,4,IS18760,sorghum,H2_IS18760_AMP20_AMP27_P03,3,single,AMP27,,,100000,100000,H2_IS18760_AMP20_AMP27|AMP27|100000,2,1,114
H2_IS18760_AMP20_AMP27,Historical block 2,historical,source_workbook_C_experiments_4_5_historical_block_2.xlsx,12,4,IS18760,sorghum,H2_IS18760_AMP20_AMP27_P03,3,single,AMP27,,,100000,100000,H2_IS18760_AMP20_AMP27|AMP27|100000,3,4,114
H2_IS18760_AMP20_AMP27,Historical block 2,historical,source_workbook_C_experiments_4_5_historical_block_2.xlsx,12,5,IS18760,sorghum,H2_IS18760_AMP20_AMP27_P03,3,single,AMP27,,,50000,50000,H2_IS18760_AMP20_AMP27|AMP27|50000,1,1,114
H2_IS18760_AMP20_AMP27,Historical block 2,historical,source_workbook_C_experiments_4_5_historical_block_2.xlsx,12,5,IS18760,sorghum,H2_IS18760_AMP20_AMP27_P03,3,single,AMP27,,,50000,50000,H2_IS18760_AMP20_AMP27|AMP27|50000,2,1,114
H2_IS18760_AMP20_AMP27,Historical block 2,historical,source_workbook_C_experiments_4_5_historical_block_2.xlsx,12,5,IS18760,sorghum,H2_IS18760_AMP20_AMP27_P03,3,single,AMP27,,,50000,50000,H2_IS18760_AMP20_AMP27|AMP27|50000,3,4,114
H2_IS18760_AMP20_AMP27,Historical block 2,historical,source_workbook_C_experiments_4_5_historical_block_2.xlsx,12,6,IS18760,sorghum,H2_IS18760_AMP20_AMP27_P03,3,single,AMP27,,,10000,10000,H2_IS18760_AMP20_AMP27|AMP27|10000,1,1,111
H2_IS18760_AMP20_AMP27,Historical block 2,historical,source_workbook_C_experiments_4_5_historical_block_2.xlsx,12,6,IS18760,sorghum,H2_IS18760_AMP20_AMP27_P03,3,single,AMP27,,,10000,10000,H2_IS18760_AMP20_AMP27|AMP27|10000,2,1,111
H2_IS18760_AMP20_AMP27,Historical block 2,historical,source_workbook_C_experiments_4_5_historical_block_2.xlsx,12,6,IS18760,sorghum,H2_IS18760_AMP20_AMP27_P03,3,single,AMP27,,,10000,10000,H2_IS18760_AMP20_AMP27|AMP27|10000,3,1,111
H2_IS18760_AMP20_AMP27,Historical block 2,historical,source_workbook_C_experiments_4_5_historical_block_2.xlsx,12,7,IS18760,sorghum,H2_IS18760_AMP20_AMP27_P03,3,single,AMP27,,,5000,5000,H2_IS18760_AMP20_AMP27|AMP27|5000,1,1,111
H2_IS18760_AMP20_AMP27,Historical block 2,historical,source_workbook_C_experiments_4_5_historical_block_2.xlsx,12,7,IS18760,sorghum,H2_IS18760_AMP20_AMP27_P03,3,single,AMP27,,,5000,5000,H2_IS18760_AMP20_AMP27|AMP27|5000,2,1,111
H2_IS18760_AMP20_AMP27,Historical block 2,historical,source_workbook_C_experiments_4_5_historical_block_2.xlsx,12,7,IS18760,sorghum,H2_IS18760_AMP20_AMP27_P03,3,single,AMP27,,,5000,5000,H2_IS18760_AMP20_AMP27|AMP27|5000,3,1,111
H2_IS18760_AMP20_AMP27,Historical block 2,historical,source_workbook_C_experiments_4_5_historical_block_2.xlsx,13,2,IS18760,sorghum,H2_IS18760_AMP20_AMP27_P04,4,single,AMP27,,,1000000,1000000,H2_IS18760_AMP20_AMP27|AMP27|1000000,1,5,552
H2_IS18760_AMP20_AMP27,Historical block 2,historical,source_workbook_C_experiments_4_5_historical_block_2.xlsx,13,2,IS18760,sorghum,H2_IS18760_AMP20_AMP27_P04,4,single,AMP27,,,1000000,1000000,H2_IS18760_AMP20_AMP27|AMP27|1000000,2,5,552
H2_IS18760_AMP20_AMP27,Historical block 2,historical,source_workbook_C_experiments_4_5_historical_block_2.xlsx,13,2,IS18760,sorghum,H2_IS18760_AMP20_AMP27_P04,4,single,AMP27,,,1000000,1000000,H2_IS18760_AMP20_AMP27|AMP27|1000000,3,2,552
H2_IS18760_AMP20_AMP27,Historical block 2,historical,source_workbook_C_experiments_4_5_historical_block_2.xlsx,13,3,IS18760,sorghum,H2_IS18760_AMP20_AMP27_P04,4,single,AMP27,,,500000,500000,H2_IS18760_AMP20_AMP27|AMP27|500000,1,3,325
H2_IS18760_AMP20_AMP27,Historical block 2,historical,source_workbook_C_experiments_4_5_historical_block_2.xlsx,13,3,IS18760,sorghum,H2_IS18760_AMP20_AMP27_P04,4,single,AMP27,,,500000,500000,H2_IS18760_AMP20_AMP27|AMP27|500000,2,2,325
H2_IS18760_AMP20_AMP27,Historical block 2,historical,source_workbook_C_experiments_4_5_historical_block_2.xlsx,13,3,IS18760,sorghum,H2_IS18760_AMP20_AMP27_P04,4,single,AMP27,,,500000,500000,H2_IS18760_AMP20_AMP27|AMP27|500000,3,5,325
H2_IS18760_AMP20_AMP27,Historical block 2,historical,source_workbook_C_experiments_4_5_historical_block_2.xlsx,13,4,IS18760,sorghum,H2_IS18760_AMP20_AMP27_P04,4,single,AMP27,,,100000,100000,H2_IS18760_AMP20_AMP27|AMP27|100000,1,1,111
H2_IS18760_AMP20_AMP27,Historical block 2,historical,source_workbook_C_experiments_4_5_historical_block_2.xlsx,13,4,IS18760,sorghum,H2_IS18760_AMP20_AMP27_P04,4,single,AMP27,,,100000,100000,H2_IS18760_AMP20_AMP27|AMP27|100000,2,1,111
H2_IS18760_AMP20_AMP27,Historical block 2,historical,source_workbook_C_experiments_4_5_historical_block_2.xlsx,13,4,IS18760,sorghum,H2_IS18760_AMP20_AMP27_P04,4,single,AMP27,,,100000,100000,H2_IS18760_AMP20_AMP27|AMP27|100000,3,1,111
H2_IS18760_AMP20_AMP27,Historical block 2,historical,source_workbook_C_experiments_4_5_historical_block_2.xlsx,13,5,IS18760,sorghum,H2_IS18760_AMP20_AMP27_P04,4,single,AMP27,,,50000,50000,H2_IS18760_AMP20_AMP27|AMP27|50000,1,1,121
H2_IS18760_AMP20_AMP27,Historical block 2,historical,source_workbook_C_experiments_4_5_historical_block_2.xlsx,13,5,IS18760,sorghum,H2_IS18760_AMP20_AMP27_P04,4,single,AMP27,,,50000,50000,H2_IS18760_AMP20_AMP27|AMP27|50000,2,2,121
H2_IS18760_AMP20_AMP27,Historical block 2,historical,source_workbook_C_experiments_4_5_historical_block_2.xlsx,13,5,IS18760,sorghum,H2_IS18760_AMP20_AMP27_P04,4,single,AMP27,,,50000,50000,H2_IS18760_AMP20_AMP27|AMP27|50000,3,1,121
H2_IS18760_AMP20_AMP27,Historical block 2,historical,source_workbook_C_experiments_4_5_historical_block_2.xlsx,13,6,IS18760,sorghum,H2_IS18760_AMP20_AMP27_P04,4,single,AMP27,,,10000,10000,H2_IS18760_AMP20_AMP27|AMP27|10000,1,1,111
H2_IS18760_AMP20_AMP27,Historical block 2,historical,source_workbook_C_experiments_4_5_historical_block_2.xlsx,13,6,IS18760,sorghum,H2_IS18760_AMP20_AMP27_P04,4,single,AMP27,,,10000,10000,H2_IS18760_AMP20_AMP27|AMP27|10000,2,1,111
H2_IS18760_AMP20_AMP27,Historical block 2,historical,source_workbook_C_experiments_4_5_historical_block_2.xlsx,13,6,IS18760,sorghum,H2_IS18760_AMP20_AMP27_P04,4,single,AMP27,,,10000,10000,H2_IS18760_AMP20_AMP27|AMP27|10000,3,1,111
H2_IS18760_AMP20_AMP27,Historical block 2,historical,source_workbook_C_experiments_4_5_historical_block_2.xlsx,13,7,IS18760,sorghum,H2_IS18760_AMP20_AMP27_P04,4,single,AMP27,,,5000,5000,H2_IS18760_AMP20_AMP27|AMP27|5000,1,1,111
H2_IS18760_AMP20_AMP27,Historical block 2,historical,source_workbook_C_experiments_4_5_historical_block_2.xlsx,13,7,IS18760,sorghum,H2_IS18760_AMP20_AMP27_P04,4,single,AMP27,,,5000,5000,H2_IS18760_AMP20_AMP27|AMP27|5000,2,1,111
H2_IS18760_AMP20_AMP27,Historical block 2,historical,source_workbook_C_experiments_4_5_historical_block_2.xlsx,13,7,IS18760,sorghum,H2_IS18760_AMP20_AMP27_P04,4,single,AMP27,,,5000,5000,H2_IS18760_AMP20_AMP27|AMP27|5000,3,1,111
H2_IS18760_AMP20_AMP27,Historical block 2,historical,source_workbook_C_experiments_4_5_historical_block_2.xlsx,14,2,IS18760,sorghum,H2_IS18760_AMP20_AMP27_P05,5,single,AMP27,,,1000000,1000000,H2_IS18760_AMP20_AMP27|AMP27|1000000,1,1,124
H2_IS18760_AMP20_AMP27,Historical block 2,historical,source_workbook_C_experiments_4_5_historical_block_2.xlsx,14,2,IS18760,sorghum,H2_IS18760_AMP20_AMP27_P05,5,single,AMP27,,,1000000,1000000,H2_IS18760_AMP20_AMP27|AMP27|1000000,2,2,124
H2_IS18760_AMP20_AMP27,Historical block 2,historical,source_workbook_C_experiments_4_5_historical_block_2.xlsx,14,2,IS18760,sorghum,H2_IS18760_AMP20_AMP27_P05,5,single,AMP27,,,1000000,1000000,H2_IS18760_AMP20_AMP27|AMP27|1000000,3,4,124
H2_IS18760_AMP20_AMP27,Historical block 2,historical,source_workbook_C_experiments_4_5_historical_block_2.xlsx,14,3,IS18760,sorghum,H2_IS18760_AMP20_AMP27_P05,5,single,AMP27,,,500000,500000,H2_IS18760_AMP20_AMP27|AMP27|500000,1,3,321
H2_IS18760_AMP20_AMP27,Historical block 2,historical,source_workbook_C_experiments_4_5_historical_block_2.xlsx,14,3,IS18760,sorghum,H2_IS18760_AMP20_AMP27_P05,5,single,AMP27,,,500000,500000,H2_IS18760_AMP20_AMP27|AMP27|500000,2,2,321
H2_IS18760_AMP20_AMP27,Historical block 2,historical,source_workbook_C_experiments_4_5_historical_block_2.xlsx,14,3,IS18760,sorghum,H2_IS18760_AMP20_AMP27_P05,5,single,AMP27,,,500000,500000,H2_IS18760_AMP20_AMP27|AMP27|500000,3,1,321
H2_IS18760_AMP20_AMP27,Historical block 2,historical,source_workbook_C_experiments_4_5_historical_block_2.xlsx,14,4,IS18760,sorghum,H2_IS18760_AMP20_AMP27_P05,5,single,AMP27,,,100000,100000,H2_IS18760_AMP20_AMP27|AMP27|100000,1,3,313
H2_IS18760_AMP20_AMP27,Historical block 2,historical,source_workbook_C_experiments_4_5_historical_block_2.xlsx,14,4,IS18760,sorghum,H2_IS18760_AMP20_AMP27_P05,5,single,AMP27,,,100000,100000,H2_IS18760_AMP20_AMP27|AMP27|100000,2,1,313
H2_IS18760_AMP20_AMP27,Historical block 2,historical,source_workbook_C_experiments_4_5_historical_block_2.xlsx,14,4,IS18760,sorghum,H2_IS18760_AMP20_AMP27_P05,5,single,AMP27,,,100000,100000,H2_IS18760_AMP20_AMP27|AMP27|100000,3,3,313
H2_IS18760_AMP20_AMP27,Historical block 2,historical,source_workbook_C_experiments_4_5_historical_block_2.xlsx,14,5,IS18760,sorghum,H2_IS18760_AMP20_AMP27_P05,5,single,AMP27,,,50000,50000,H2_IS18760_AMP20_AMP27|AMP27|50000,1,2,211
H2_IS18760_AMP20_AMP27,Historical block 2,historical,source_workbook_C_experiments_4_5_historical_block_2.xlsx,14,5,IS18760,sorghum,H2_IS18760_AMP20_AMP27_P05,5,single,AMP27,,,50000,50000,H2_IS18760_AMP20_AMP27|AMP27|50000,2,1,211
H2_IS18760_AMP20_AMP27,Historical block 2,historical,source_workbook_C_experiments_4_5_historical_block_2.xlsx,14,5,IS18760,sorghum,H2_IS18760_AMP20_AMP27_P05,5,single,AMP27,,,50000,50000,H2_IS18760_AMP20_AMP27|AMP27|50000,3,1,211
H2_IS18760_AMP20_AMP27,Historical block 2,historical,source_workbook_C_experiments_4_5_historical_block_2.xlsx,14,6,IS18760,sorghum,H2_IS18760_AMP20_AMP27_P05,5,single,AMP27,,,10000,10000,H2_IS18760_AMP20_AMP27|AMP27|10000,1,1,111
H2_IS18760_AMP20_AMP27,Historical block 2,historical,source_workbook_C_experiments_4_5_historical_block_2.xlsx,14,6,IS18760,sorghum,H2_IS18760_AMP20_AMP27_P05,5,single,AMP27,,,10000,10000,H2_IS18760_AMP20_AMP27|AMP27|10000,2,1,111
H2_IS18760_AMP20_AMP27,Historical block 2,historical,source_workbook_C_experiments_4_5_historical_block_2.xlsx,14,6,IS18760,sorghum,H2_IS18760_AMP20_AMP27_P05,5,single,AMP27,,,10000,10000,H2_IS18760_AMP20_AMP27|AMP27|10000,3,1,111
H2_IS18760_AMP20_AMP27,Historical block 2,historical,source_workbook_C_experiments_4_5_historical_block_2.xlsx,14,7,IS18760,sorghum,H2_IS18760_AMP20_AMP27_P05,5,single,AMP27,,,5000,5000,H2_IS18760_AMP20_AMP27|AMP27|5000,1,1,111
H2_IS18760_AMP20_AMP27,Historical block 2,historical,source_workbook_C_experiments_4_5_historical_block_2.xlsx,14,7,IS18760,sorghum,H2_IS18760_AMP20_AMP27_P05,5,single,AMP27,,,5000,5000,H2_IS18760_AMP20_AMP27|AMP27|5000,2,1,111
H2_IS18760_AMP20_AMP27,Historical block 2,historical,source_workbook_C_experiments_4_5_historical_block_2.xlsx,14,7,IS18760,sorghum,H2_IS18760_AMP20_AMP27_P05,5,single,AMP27,,,5000,5000,H2_IS18760_AMP20_AMP27|AMP27|5000,3,1,111
H2_IS18760_AMP20_AMP27,Historical block 2,historical,source_workbook_C_experiments_4_5_historical_block_2.xlsx,15,2,IS18760,sorghum,H2_IS18760_AMP20_AMP27_P06,6,single,AMP27,,,1000000,1000000,H2_IS18760_AMP20_AMP27|AMP27|1000000,1,2,222
H2_IS18760_AMP20_AMP27,Historical block 2,historical,source_workbook_C_experiments_4_5_historical_block_2.xlsx,15,2,IS18760,sorghum,H2_IS18760_AMP20_AMP27_P06,6,single,AMP27,,,1000000,1000000,H2_IS18760_AMP20_AMP27|AMP27|1000000,2,2,222
H2_IS18760_AMP20_AMP27,Historical block 2,historical,source_workbook_C_experiments_4_5_historical_block_2.xlsx,15,2,IS18760,sorghum,H2_IS18760_AMP20_AMP27_P06,6,single,AMP27,,,1000000,1000000,H2_IS18760_AMP20_AMP27|AMP27|1000000,3,2,222
H2_IS18760_AMP20_AMP27,Historical block 2,historical,source_workbook_C_experiments_4_5_historical_block_2.xlsx,15,3,IS18760,sorghum,H2_IS18760_AMP20_AMP27_P06,6,single,AMP27,,,500000,500000,H2_IS18760_AMP20_AMP27|AMP27|500000,1,1,131
H2_IS18760_AMP20_AMP27,Historical block 2,historical,source_workbook_C_experiments_4_5_historical_block_2.xlsx,15,3,IS18760,sorghum,H2_IS18760_AMP20_AMP27_P06,6,single,AMP27,,,500000,500000,H2_IS18760_AMP20_AMP27|AMP27|500000,2,3,131
H2_IS18760_AMP20_AMP27,Historical block 2,historical,source_workbook_C_experiments_4_5_historical_block_2.xlsx,15,3,IS18760,sorghum,H2_IS18760_AMP20_AMP27_P06,6,single,AMP27,,,500000,500000,H2_IS18760_AMP20_AMP27|AMP27|500000,3,1,131
H2_IS18760_AMP20_AMP27,Historical block 2,historical,source_workbook_C_experiments_4_5_historical_block_2.xlsx,15,4,IS18760,sorghum,H2_IS18760_AMP20_AMP27_P06,6,single,AMP27,,,100000,100000,H2_IS18760_AMP20_AMP27|AMP27|100000,1,1,131
H2_IS18760_AMP20_AMP27,Historical block 2,historical,source_workbook_C_experiments_4_5_historical_block_2.xlsx,15,4,IS18760,sorghum,H2_IS18760_AMP20_AMP27_P06,6,single,AMP27,,,100000,100000,H2_IS18760_AMP20_AMP27|AMP27|100000,2,3,131
H2_IS18760_AMP20_AMP27,Historical block 2,historical,source_workbook_C_experiments_4_5_historical_block_2.xlsx,15,4,IS18760,sorghum,H2_IS18760_AMP20_AMP27_P06,6,single,AMP27,,,100000,100000,H2_IS18760_AMP20_AMP27|AMP27|100000,3,1,131
H2_IS18760_AMP20_AMP27,Historical block 2,historical,source_workbook_C_experiments_4_5_historical_block_2.xlsx,15,5,IS18760,sorghum,H2_IS18760_AMP20_AMP27_P06,6,single,AMP27,,,50000,50000,H2_IS18760_AMP20_AMP27|AMP27|50000,1,2,212
H2_IS18760_AMP20_AMP27,Historical block 2,historical,source_workbook_C_experiments_4_5_historical_block_2.xlsx,15,5,IS18760,sorghum,H2_IS18760_AMP20_AMP27_P06,6,single,AMP27,,,50000,50000,H2_IS18760_AMP20_AMP27|AMP27|50000,2,1,212
H2_IS18760_AMP20_AMP27,Historical block 2,historical,source_workbook_C_experiments_4_5_historical_block_2.xlsx,15,5,IS18760,sorghum,H2_IS18760_AMP20_AMP27_P06,6,single,AMP27,,,50000,50000,H2_IS18760_AMP20_AMP27|AMP27|50000,3,2,212
H2_IS18760_AMP20_AMP27,Historical block 2,historical,source_workbook_C_experiments_4_5_historical_block_2.xlsx,15,6,IS18760,sorghum,H2_IS18760_AMP20_AMP27_P06,6,single,AMP27,,,10000,10000,H2_IS18760_AMP20_AMP27|AMP27|10000,1,1,111
H2_IS18760_AMP20_AMP27,Historical block 2,historical,source_workbook_C_experiments_4_5_historical_block_2.xlsx,15,6,IS18760,sorghum,H2_IS18760_AMP20_AMP27_P06,6,single,AMP27,,,10000,10000,H2_IS18760_AMP20_AMP27|AMP27|10000,2,1,111
H2_IS18760_AMP20_AMP27,Historical block 2,historical,source_workbook_C_experiments_4_5_historical_block_2.xlsx,15,6,IS18760,sorghum,H2_IS18760_AMP20_AMP27_P06,6,single,AMP27,,,10000,10000,H2_IS18760_AMP20_AMP27|AMP27|10000,3,1,111
H2_IS18760_AMP20_AMP27,Historical block 2,historical,source_workbook_C_experiments_4_5_historical_block_2.xlsx,15,7,IS18760,sorghum,H2_IS18760_AMP20_AMP27_P06,6,single,AMP27,,,5000,5000,H2_IS18760_AMP20_AMP27|AMP27|5000,1,1,111
H2_IS18760_AMP20_AMP27,Historical block 2,historical,source_workbook_C_experiments_4_5_historical_block_2.xlsx,15,7,IS18760,sorghum,H2_IS18760_AMP20_AMP27_P06,6,single,AMP27,,,5000,5000,H2_IS18760_AMP20_AMP27|AMP27|5000,2,1,111
H2_IS18760_AMP20_AMP27,Historical block 2,historical,source_workbook_C_experiments_4_5_historical_block_2.xlsx,15,7,IS18760,sorghum,H2_IS18760_AMP20_AMP27_P06,6,single,AMP27,,,5000,5000,H2_IS18760_AMP20_AMP27|AMP27|5000,3,1,111
H2_IS18760_AMP20_AMP27,Historical block 2,historical,source_workbook_C_experiments_4_5_historical_block_2.xlsx,18,2,IS18760,sorghum,H2_IS18760_AMP20_AMP27_P01,1,mixture,AMP20,AMP27,1:1,1000000,500000,H2_IS18760_AMP20_AMP27|AMP20+AMP27|1000000,1,2,221
H2_IS18760_AMP20_AMP27,Historical block 2,historical,source_workbook_C_experiments_4_5_historical_block_2.xlsx,18,2,IS18760,sorghum,H2_IS18760_AMP20_AMP27_P01,1,mixture,AMP20,AMP27,1:1,1000000,500000,H2_IS18760_AMP20_AMP27|AMP20+AMP27|1000000,2,2,221
H2_IS18760_AMP20_AMP27,Historical block 2,historical,source_workbook_C_experiments_4_5_historical_block_2.xlsx,18,2,IS18760,sorghum,H2_IS18760_AMP20_AMP27_P01,1,mixture,AMP20,AMP27,1:1,1000000,500000,H2_IS18760_AMP20_AMP27|AMP20+AMP27|1000000,3,1,221
H2_IS18760_AMP20_AMP27,Historical block 2,historical,source_workbook_C_experiments_4_5_historical_block_2.xlsx,18,3,IS18760,sorghum,H2_IS18760_AMP20_AMP27_P01,1,mixture,AMP20,AMP27,1:1,100000,50000,H2_IS18760_AMP20_AMP27|AMP20+AMP27|100000,1,1,121
H2_IS18760_AMP20_AMP27,Historical block 2,historical,source_workbook_C_experiments_4_5_historical_block_2.xlsx,18,3,IS18760,sorghum,H2_IS18760_AMP20_AMP27_P01,1,mixture,AMP20,AMP27,1:1,100000,50000,H2_IS18760_AMP20_AMP27|AMP20+AMP27|100000,2,2,121
H2_IS18760_AMP20_AMP27,Historical block 2,historical,source_workbook_C_experiments_4_5_historical_block_2.xlsx,18,3,IS18760,sorghum,H2_IS18760_AMP20_AMP27_P01,1,mixture,AMP20,AMP27,1:1,100000,50000,H2_IS18760_AMP20_AMP27|AMP20+AMP27|100000,3,1,121
H2_IS18760_AMP20_AMP27,Historical block 2,historical,source_workbook_C_experiments_4_5_historical_block_2.xlsx,18,4,IS18760,sorghum,H2_IS18760_AMP20_AMP27_P01,1,mixture,AMP20,AMP27,1:1,10000,5000,H2_IS18760_AMP20_AMP27|AMP20+AMP27|10000,1,1,111
H2_IS18760_AMP20_AMP27,Historical block 2,historical,source_workbook_C_experiments_4_5_historical_block_2.xlsx,18,4,IS18760,sorghum,H2_IS18760_AMP20_AMP27_P01,1,mixture,AMP20,AMP27,1:1,10000,5000,H2_IS18760_AMP20_AMP27|AMP20+AMP27|10000,2,1,111
H2_IS18760_AMP20_AMP27,Historical block 2,historical,source_workbook_C_experiments_4_5_historical_block_2.xlsx,18,4,IS18760,sorghum,H2_IS18760_AMP20_AMP27_P01,1,mixture,AMP20,AMP27,1:1,10000,5000,H2_IS18760_AMP20_AMP27|AMP20+AMP27|10000,3,1,111
H2_IS18760_AMP20_AMP27,Historical block 2,historical,source_workbook_C_experiments_4_5_historical_block_2.xlsx,19,2,IS18760,sorghum,H2_IS18760_AMP20_AMP27_P02,2,mixture,AMP20,AMP27,1:1,1000000,500000,H2_IS18760_AMP20_AMP27|AMP20+AMP27|1000000,1,5,521
H2_IS18760_AMP20_AMP27,Historical block 2,historical,source_workbook_C_experiments_4_5_historical_block_2.xlsx,19,2,IS18760,sorghum,H2_IS18760_AMP20_AMP27_P02,2,mixture,AMP20,AMP27,1:1,1000000,500000,H2_IS18760_AMP20_AMP27|AMP20+AMP27|1000000,2,2,521
H2_IS18760_AMP20_AMP27,Historical block 2,historical,source_workbook_C_experiments_4_5_historical_block_2.xlsx,19,2,IS18760,sorghum,H2_IS18760_AMP20_AMP27_P02,2,mixture,AMP20,AMP27,1:1,1000000,500000,H2_IS18760_AMP20_AMP27|AMP20+AMP27|1000000,3,1,521
H2_IS18760_AMP20_AMP27,Historical block 2,historical,source_workbook_C_experiments_4_5_historical_block_2.xlsx,19,3,IS18760,sorghum,H2_IS18760_AMP20_AMP27_P02,2,mixture,AMP20,AMP27,1:1,100000,50000,H2_IS18760_AMP20_AMP27|AMP20+AMP27|100000,1,1,111
H2_IS18760_AMP20_AMP27,Historical block 2,historical,source_workbook_C_experiments_4_5_historical_block_2.xlsx,19,3,IS18760,sorghum,H2_IS18760_AMP20_AMP27_P02,2,mixture,AMP20,AMP27,1:1,100000,50000,H2_IS18760_AMP20_AMP27|AMP20+AMP27|100000,2,1,111
H2_IS18760_AMP20_AMP27,Historical block 2,historical,source_workbook_C_experiments_4_5_historical_block_2.xlsx,19,3,IS18760,sorghum,H2_IS18760_AMP20_AMP27_P02,2,mixture,AMP20,AMP27,1:1,100000,50000,H2_IS18760_AMP20_AMP27|AMP20+AMP27|100000,3,1,111
H2_IS18760_AMP20_AMP27,Historical block 2,historical,source_workbook_C_experiments_4_5_historical_block_2.xlsx,19,4,IS18760,sorghum,H2_IS18760_AMP20_AMP27_P02,2,mixture,AMP20,AMP27,1:1,10000,5000,H2_IS18760_AMP20_AMP27|AMP20+AMP27|10000,1,1,111
H2_IS18760_AMP20_AMP27,Historical block 2,historical,source_workbook_C_experiments_4_5_historical_block_2.xlsx,19,4,IS18760,sorghum,H2_IS18760_AMP20_AMP27_P02,2,mixture,AMP20,AMP27,1:1,10000,5000,H2_IS18760_AMP20_AMP27|AMP20+AMP27|10000,2,1,111
H2_IS18760_AMP20_AMP27,Historical block 2,historical,source_workbook_C_experiments_4_5_historical_block_2.xlsx,19,4,IS18760,sorghum,H2_IS18760_AMP20_AMP27_P02,2,mixture,AMP20,AMP27,1:1,10000,5000,H2_IS18760_AMP20_AMP27|AMP20+AMP27|10000,3,1,111
H2_IS18760_AMP20_AMP27,Historical block 2,historical,source_workbook_C_experiments_4_5_historical_block_2.xlsx,20,2,IS18760,sorghum,H2_IS18760_AMP20_AMP27_P03,3,mixture,AMP20,AMP27,1:1,1000000,500000,H2_IS18760_AMP20_AMP27|AMP20+AMP27|1000000,1,2,211
H2_IS18760_AMP20_AMP27,Historical block 2,historical,source_workbook_C_experiments_4_5_historical_block_2.xlsx,20,2,IS18760,sorghum,H2_IS18760_AMP20_AMP27_P03,3,mixture,AMP20,AMP27,1:1,1000000,500000,H2_IS18760_AMP20_AMP27|AMP20+AMP27|1000000,2,1,211
H2_IS18760_AMP20_AMP27,Historical block 2,historical,source_workbook_C_experiments_4_5_historical_block_2.xlsx,20,2,IS18760,sorghum,H2_IS18760_AMP20_AMP27_P03,3,mixture,AMP20,AMP27,1:1,1000000,500000,H2_IS18760_AMP20_AMP27|AMP20+AMP27|1000000,3,1,211
H2_IS18760_AMP20_AMP27,Historical block 2,historical,source_workbook_C_experiments_4_5_historical_block_2.xlsx,20,3,IS18760,sorghum,H2_IS18760_AMP20_AMP27_P03,3,mixture,AMP20,AMP27,1:1,100000,50000,H2_IS18760_AMP20_AMP27|AMP20+AMP27|100000,1,2,211
H2_IS18760_AMP20_AMP27,Historical block 2,historical,source_workbook_C_experiments_4_5_historical_block_2.xlsx,20,3,IS18760,sorghum,H2_IS18760_AMP20_AMP27_P03,3,mixture,AMP20,AMP27,1:1,100000,50000,H2_IS18760_AMP20_AMP27|AMP20+AMP27|100000,2,1,211
H2_IS18760_AMP20_AMP27,Historical block 2,historical,source_workbook_C_experiments_4_5_historical_block_2.xlsx,20,3,IS18760,sorghum,H2_IS18760_AMP20_AMP27_P03,3,mixture,AMP20,AMP27,1:1,100000,50000,H2_IS18760_AMP20_AMP27|AMP20+AMP27|100000,3,1,211
H2_IS18760_AMP20_AMP27,Historical block 2,historical,source_workbook_C_experiments_4_5_historical_block_2.xlsx,20,4,IS18760,sorghum,H2_IS18760_AMP20_AMP27_P03,3,mixture,AMP20,AMP27,1:1,10000,5000,H2_IS18760_AMP20_AMP27|AMP20+AMP27|10000,1,1,111
H2_IS18760_AMP20_AMP27,Historical block 2,historical,source_workbook_C_experiments_4_5_historical_block_2.xlsx,20,4,IS18760,sorghum,H2_IS18760_AMP20_AMP27_P03,3,mixture,AMP20,AMP27,1:1,10000,5000,H2_IS18760_AMP20_AMP27|AMP20+AMP27|10000,2,1,111
H2_IS18760_AMP20_AMP27,Historical block 2,historical,source_workbook_C_experiments_4_5_historical_block_2.xlsx,20,4,IS18760,sorghum,H2_IS18760_AMP20_AMP27_P03,3,mixture,AMP20,AMP27,1:1,10000,5000,H2_IS18760_AMP20_AMP27|AMP20+AMP27|10000,3,1,111
H2_IS18760_AMP20_AMP27,Historical block 2,historical,source_workbook_C_experiments_4_5_historical_block_2.xlsx,21,2,IS18760,sorghum,H2_IS18760_AMP20_AMP27_P04,4,mixture,AMP20,AMP27,1:1,1000000,500000,H2_IS18760_AMP20_AMP27|AMP20+AMP27|1000000,1,4,412
H2_IS18760_AMP20_AMP27,Historical block 2,historical,source_workbook_C_experiments_4_5_historical_block_2.xlsx,21,2,IS18760,sorghum,H2_IS18760_AMP20_AMP27_P04,4,mixture,AMP20,AMP27,1:1,1000000,500000,H2_IS18760_AMP20_AMP27|AMP20+AMP27|1000000,2,1,412
H2_IS18760_AMP20_AMP27,Historical block 2,historical,source_workbook_C_experiments_4_5_historical_block_2.xlsx,21,2,IS18760,sorghum,H2_IS18760_AMP20_AMP27_P04,4,mixture,AMP20,AMP27,1:1,1000000,500000,H2_IS18760_AMP20_AMP27|AMP20+AMP27|1000000,3,2,412
H2_IS18760_AMP20_AMP27,Historical block 2,historical,source_workbook_C_experiments_4_5_historical_block_2.xlsx,21,3,IS18760,sorghum,H2_IS18760_AMP20_AMP27_P04,4,mixture,AMP20,AMP27,1:1,100000,50000,H2_IS18760_AMP20_AMP27|AMP20+AMP27|100000,1,2,2131
H2_IS18760_AMP20_AMP27,Historical block 2,historical,source_workbook_C_experiments_4_5_historical_block_2.xlsx,21,3,IS18760,sorghum,H2_IS18760_AMP20_AMP27_P04,4,mixture,AMP20,AMP27,1:1,100000,50000,H2_IS18760_AMP20_AMP27|AMP20+AMP27|100000,2,1,2131
H2_IS18760_AMP20_AMP27,Historical block 2,historical,source_workbook_C_experiments_4_5_historical_block_2.xlsx,21,3,IS18760,sorghum,H2_IS18760_AMP20_AMP27_P04,4,mixture,AMP20,AMP27,1:1,100000,50000,H2_IS18760_AMP20_AMP27|AMP20+AMP27|100000,3,3,2131
H2_IS18760_AMP20_AMP27,Historical block 2,historical,source_workbook_C_experiments_4_5_historical_block_2.xlsx,21,3,IS18760,sorghum,H2_IS18760_AMP20_AMP27_P04,4,mixture,AMP20,AMP27,1:1,100000,50000,H2_IS18760_AMP20_AMP27|AMP20+AMP27|100000,4,1,2131
H2_IS18760_AMP20_AMP27,Historical block 2,historical,source_workbook_C_experiments_4_5_historical_block_2.xlsx,21,4,IS18760,sorghum,H2_IS18760_AMP20_AMP27_P04,4,mixture,AMP20,AMP27,1:1,10000,5000,H2_IS18760_AMP20_AMP27|AMP20+AMP27|10000,1,1,111
H2_IS18760_AMP20_AMP27,Historical block 2,historical,source_workbook_C_experiments_4_5_historical_block_2.xlsx,21,4,IS18760,sorghum,H2_IS18760_AMP20_AMP27_P04,4,mixture,AMP20,AMP27,1:1,10000,5000,H2_IS18760_AMP20_AMP27|AMP20+AMP27|10000,2,1,111
H2_IS18760_AMP20_AMP27,Historical block 2,historical,source_workbook_C_experiments_4_5_historical_block_2.xlsx,21,4,IS18760,sorghum,H2_IS18760_AMP20_AMP27_P04,4,mixture,AMP20,AMP27,1:1,10000,5000,H2_IS18760_AMP20_AMP27|AMP20+AMP27|10000,3,1,111
H2_IS18760_AMP20_AMP27,Historical block 2,historical,source_workbook_C_experiments_4_5_historical_block_2.xlsx,22,2,IS18760,sorghum,H2_IS18760_AMP20_AMP27_P05,5,mixture,AMP20,AMP27,1:1,1000000,500000,H2_IS18760_AMP20_AMP27|AMP20+AMP27|1000000,1,3,322
H2_IS18760_AMP20_AMP27,Historical block 2,historical,source_workbook_C_experiments_4_5_historical_block_2.xlsx,22,2,IS18760,sorghum,H2_IS18760_AMP20_AMP27_P05,5,mixture,AMP20,AMP27,1:1,1000000,500000,H2_IS18760_AMP20_AMP27|AMP20+AMP27|1000000,2,2,322
H2_IS18760_AMP20_AMP27,Historical block 2,historical,source_workbook_C_experiments_4_5_historical_block_2.xlsx,22,2,IS18760,sorghum,H2_IS18760_AMP20_AMP27_P05,5,mixture,AMP20,AMP27,1:1,1000000,500000,H2_IS18760_AMP20_AMP27|AMP20+AMP27|1000000,3,2,322
H2_IS18760_AMP20_AMP27,Historical block 2,historical,source_workbook_C_experiments_4_5_historical_block_2.xlsx,22,3,IS18760,sorghum,H2_IS18760_AMP20_AMP27_P05,5,mixture,AMP20,AMP27,1:1,100000,50000,H2_IS18760_AMP20_AMP27|AMP20+AMP27|100000,1,1,141
H2_IS18760_AMP20_AMP27,Historical block 2,historical,source_workbook_C_experiments_4_5_historical_block_2.xlsx,22,3,IS18760,sorghum,H2_IS18760_AMP20_AMP27_P05,5,mixture,AMP20,AMP27,1:1,100000,50000,H2_IS18760_AMP20_AMP27|AMP20+AMP27|100000,2,4,141
H2_IS18760_AMP20_AMP27,Historical block 2,historical,source_workbook_C_experiments_4_5_historical_block_2.xlsx,22,3,IS18760,sorghum,H2_IS18760_AMP20_AMP27_P05,5,mixture,AMP20,AMP27,1:1,100000,50000,H2_IS18760_AMP20_AMP27|AMP20+AMP27|100000,3,1,141
H2_IS18760_AMP20_AMP27,Historical block 2,historical,source_workbook_C_experiments_4_5_historical_block_2.xlsx,22,4,IS18760,sorghum,H2_IS18760_AMP20_AMP27_P05,5,mixture,AMP20,AMP27,1:1,10000,5000,H2_IS18760_AMP20_AMP27|AMP20+AMP27|10000,1,1,111
H2_IS18760_AMP20_AMP27,Historical block 2,historical,source_workbook_C_experiments_4_5_historical_block_2.xlsx,22,4,IS18760,sorghum,H2_IS18760_AMP20_AMP27_P05,5,mixture,AMP20,AMP27,1:1,10000,5000,H2_IS18760_AMP20_AMP27|AMP20+AMP27|10000,2,1,111
H2_IS18760_AMP20_AMP27,Historical block 2,historical,source_workbook_C_experiments_4_5_historical_block_2.xlsx,22,4,IS18760,sorghum,H2_IS18760_AMP20_AMP27_P05,5,mixture,AMP20,AMP27,1:1,10000,5000,H2_IS18760_AMP20_AMP27|AMP20+AMP27|10000,3,1,111
H2_IS18760_AMP20_AMP27,Historical block 2,historical,source_workbook_C_experiments_4_5_historical_block_2.xlsx,23,2,IS18760,sorghum,H2_IS18760_AMP20_AMP27_P06,6,mixture,AMP20,AMP27,1:1,1000000,500000,H2_IS18760_AMP20_AMP27|AMP20+AMP27|1000000,1,1,1122
H2_IS18760_AMP20_AMP27,Historical block 2,historical,source_workbook_C_experiments_4_5_historical_block_2.xlsx,23,2,IS18760,sorghum,H2_IS18760_AMP20_AMP27_P06,6,mixture,AMP20,AMP27,1:1,1000000,500000,H2_IS18760_AMP20_AMP27|AMP20+AMP27|1000000,2,1,1122
H2_IS18760_AMP20_AMP27,Historical block 2,historical,source_workbook_C_experiments_4_5_historical_block_2.xlsx,23,2,IS18760,sorghum,H2_IS18760_AMP20_AMP27_P06,6,mixture,AMP20,AMP27,1:1,1000000,500000,H2_IS18760_AMP20_AMP27|AMP20+AMP27|1000000,3,2,1122
H2_IS18760_AMP20_AMP27,Historical block 2,historical,source_workbook_C_experiments_4_5_historical_block_2.xlsx,23,2,IS18760,sorghum,H2_IS18760_AMP20_AMP27_P06,6,mixture,AMP20,AMP27,1:1,1000000,500000,H2_IS18760_AMP20_AMP27|AMP20+AMP27|1000000,4,2,1122
H2_IS18760_AMP20_AMP27,Historical block 2,historical,source_workbook_C_experiments_4_5_historical_block_2.xlsx,23,3,IS18760,sorghum,H2_IS18760_AMP20_AMP27_P06,6,mixture,AMP20,AMP27,1:1,100000,50000,H2_IS18760_AMP20_AMP27|AMP20+AMP27|100000,1,4,412
H2_IS18760_AMP20_AMP27,Historical block 2,historical,source_workbook_C_experiments_4_5_historical_block_2.xlsx,23,3,IS18760,sorghum,H2_IS18760_AMP20_AMP27_P06,6,mixture,AMP20,AMP27,1:1,100000,50000,H2_IS18760_AMP20_AMP27|AMP20+AMP27|100000,2,1,412
H2_IS18760_AMP20_AMP27,Historical block 2,historical,source_workbook_C_experiments_4_5_historical_block_2.xlsx,23,3,IS18760,sorghum,H2_IS18760_AMP20_AMP27_P06,6,mixture,AMP20,AMP27,1:1,100000,50000,H2_IS18760_AMP20_AMP27|AMP20+AMP27|100000,3,2,412
H2_IS18760_AMP20_AMP27,Historical block 2,historical,source_workbook_C_experiments_4_5_historical_block_2.xlsx,23,4,IS18760,sorghum,H2_IS18760_AMP20_AMP27_P06,6,mixture,AMP20,AMP27,1:1,10000,5000,H2_IS18760_AMP20_AMP27|AMP20+AMP27|10000,1,1,111
H2_IS18760_AMP20_AMP27,Historical block 2,historical,source_workbook_C_experiments_4_5_historical_block_2.xlsx,23,4,IS18760,sorghum,H2_IS18760_AMP20_AMP27_P06,6,mixture,AMP20,AMP27,1:1,10000,5000,H2_IS18760_AMP20_AMP27|AMP20+AMP27|10000,2,1,111
H2_IS18760_AMP20_AMP27,Historical block 2,historical,source_workbook_C_experiments_4_5_historical_block_2.xlsx,23,4,IS18760,sorghum,H2_IS18760_AMP20_AMP27_P06,6,mixture,AMP20,AMP27,1:1,10000,5000,H2_IS18760_AMP20_AMP27|AMP20+AMP27|10000,3,1,111
E4_Theis_AMP99_AMP170,Experiment 4,published,source_workbook_C_experiments_4_5_historical_block_2.xlsx,26,2,Theis,sorghum,E4_Theis_AMP99_AMP170_P01,1,single,AMP99,,,1000000,1000000,E4_Theis_AMP99_AMP170|AMP99|1000000,1,2,212
E4_Theis_AMP99_AMP170,Experiment 4,published,source_workbook_C_experiments_4_5_historical_block_2.xlsx,26,2,Theis,sorghum,E4_Theis_AMP99_AMP170_P01,1,single,AMP99,,,1000000,1000000,E4_Theis_AMP99_AMP170|AMP99|1000000,2,1,212
E4_Theis_AMP99_AMP170,Experiment 4,published,source_workbook_C_experiments_4_5_historical_block_2.xlsx,26,2,Theis,sorghum,E4_Theis_AMP99_AMP170_P01,1,single,AMP99,,,1000000,1000000,E4_Theis_AMP99_AMP170|AMP99|1000000,3,2,212
E4_Theis_AMP99_AMP170,Experiment 4,published,source_workbook_C_experiments_4_5_historical_block_2.xlsx,26,3,Theis,sorghum,E4_Theis_AMP99_AMP170_P01,1,single,AMP99,,,500000,500000,E4_Theis_AMP99_AMP170|AMP99|500000,1,4,425
E4_Theis_AMP99_AMP170,Experiment 4,published,source_workbook_C_experiments_4_5_historical_block_2.xlsx,26,3,Theis,sorghum,E4_Theis_AMP99_AMP170_P01,1,single,AMP99,,,500000,500000,E4_Theis_AMP99_AMP170|AMP99|500000,2,2,425
E4_Theis_AMP99_AMP170,Experiment 4,published,source_workbook_C_experiments_4_5_historical_block_2.xlsx,26,3,Theis,sorghum,E4_Theis_AMP99_AMP170_P01,1,single,AMP99,,,500000,500000,E4_Theis_AMP99_AMP170|AMP99|500000,3,5,425
E4_Theis_AMP99_AMP170,Experiment 4,published,source_workbook_C_experiments_4_5_historical_block_2.xlsx,26,4,Theis,sorghum,E4_Theis_AMP99_AMP170_P01,1,single,AMP99,,,100000,100000,E4_Theis_AMP99_AMP170|AMP99|100000,1,1,114
E4_Theis_AMP99_AMP170,Experiment 4,published,source_workbook_C_experiments_4_5_historical_block_2.xlsx,26,4,Theis,sorghum,E4_Theis_AMP99_AMP170_P01,1,single,AMP99,,,100000,100000,E4_Theis_AMP99_AMP170|AMP99|100000,2,1,114
E4_Theis_AMP99_AMP170,Experiment 4,published,source_workbook_C_experiments_4_5_historical_block_2.xlsx,26,4,Theis,sorghum,E4_Theis_AMP99_AMP170_P01,1,single,AMP99,,,100000,100000,E4_Theis_AMP99_AMP170|AMP99|100000,3,4,114
E4_Theis_AMP99_AMP170,Experiment 4,published,source_workbook_C_experiments_4_5_historical_block_2.xlsx,26,5,Theis,sorghum,E4_Theis_AMP99_AMP170_P01,1,single,AMP99,,,50000,50000,E4_Theis_AMP99_AMP170|AMP99|50000,1,1,134
E4_Theis_AMP99_AMP170,Experiment 4,published,source_workbook_C_experiments_4_5_historical_block_2.xlsx,26,5,Theis,sorghum,E4_Theis_AMP99_AMP170_P01,1,single,AMP99,,,50000,50000,E4_Theis_AMP99_AMP170|AMP99|50000,2,3,134
E4_Theis_AMP99_AMP170,Experiment 4,published,source_workbook_C_experiments_4_5_historical_block_2.xlsx,26,5,Theis,sorghum,E4_Theis_AMP99_AMP170_P01,1,single,AMP99,,,50000,50000,E4_Theis_AMP99_AMP170|AMP99|50000,3,4,134
E4_Theis_AMP99_AMP170,Experiment 4,published,source_workbook_C_experiments_4_5_historical_block_2.xlsx,26,6,Theis,sorghum,E4_Theis_AMP99_AMP170_P01,1,single,AMP99,,,10000,10000,E4_Theis_AMP99_AMP170|AMP99|10000,1,1,111
E4_Theis_AMP99_AMP170,Experiment 4,published,source_workbook_C_experiments_4_5_historical_block_2.xlsx,26,6,Theis,sorghum,E4_Theis_AMP99_AMP170_P01,1,single,AMP99,,,10000,10000,E4_Theis_AMP99_AMP170|AMP99|10000,2,1,111
E4_Theis_AMP99_AMP170,Experiment 4,published,source_workbook_C_experiments_4_5_historical_block_2.xlsx,26,6,Theis,sorghum,E4_Theis_AMP99_AMP170_P01,1,single,AMP99,,,10000,10000,E4_Theis_AMP99_AMP170|AMP99|10000,3,1,111
E4_Theis_AMP99_AMP170,Experiment 4,published,source_workbook_C_experiments_4_5_historical_block_2.xlsx,26,7,Theis,sorghum,E4_Theis_AMP99_AMP170_P01,1,single,AMP99,,,5000,5000,E4_Theis_AMP99_AMP170|AMP99|5000,1,1,111
E4_Theis_AMP99_AMP170,Experiment 4,published,source_workbook_C_experiments_4_5_historical_block_2.xlsx,26,7,Theis,sorghum,E4_Theis_AMP99_AMP170_P01,1,single,AMP99,,,5000,5000,E4_Theis_AMP99_AMP170|AMP99|5000,2,1,111
E4_Theis_AMP99_AMP170,Experiment 4,published,source_workbook_C_experiments_4_5_historical_block_2.xlsx,26,7,Theis,sorghum,E4_Theis_AMP99_AMP170_P01,1,single,AMP99,,,5000,5000,E4_Theis_AMP99_AMP170|AMP99|5000,3,1,111
E4_Theis_AMP99_AMP170,Experiment 4,published,source_workbook_C_experiments_4_5_historical_block_2.xlsx,27,2,Theis,sorghum,E4_Theis_AMP99_AMP170_P02,2,single,AMP99,,,1000000,1000000,E4_Theis_AMP99_AMP170|AMP99|1000000,1,3,323
E4_Theis_AMP99_AMP170,Experiment 4,published,source_workbook_C_experiments_4_5_historical_block_2.xlsx,27,2,Theis,sorghum,E4_Theis_AMP99_AMP170_P02,2,single,AMP99,,,1000000,1000000,E4_Theis_AMP99_AMP170|AMP99|1000000,2,2,323
E4_Theis_AMP99_AMP170,Experiment 4,published,source_workbook_C_experiments_4_5_historical_block_2.xlsx,27,2,Theis,sorghum,E4_Theis_AMP99_AMP170_P02,2,single,AMP99,,,1000000,1000000,E4_Theis_AMP99_AMP170|AMP99|1000000,3,3,323
E4_Theis_AMP99_AMP170,Experiment 4,published,source_workbook_C_experiments_4_5_historical_block_2.xlsx,27,3,Theis,sorghum,E4_Theis_AMP99_AMP170_P02,2,single,AMP99,,,500000,500000,E4_Theis_AMP99_AMP170|AMP99|500000,1,3,342
E4_Theis_AMP99_AMP170,Experiment 4,published,source_workbook_C_experiments_4_5_historical_block_2.xlsx,27,3,Theis,sorghum,E4_Theis_AMP99_AMP170_P02,2,single,AMP99,,,500000,500000,E4_Theis_AMP99_AMP170|AMP99|500000,2,4,342
E4_Theis_AMP99_AMP170,Experiment 4,published,source_workbook_C_experiments_4_5_historical_block_2.xlsx,27,3,Theis,sorghum,E4_Theis_AMP99_AMP170_P02,2,single,AMP99,,,500000,500000,E4_Theis_AMP99_AMP170|AMP99|500000,3,2,342
E4_Theis_AMP99_AMP170,Experiment 4,published,source_workbook_C_experiments_4_5_historical_block_2.xlsx,27,4,Theis,sorghum,E4_Theis_AMP99_AMP170_P02,2,single,AMP99,,,100000,100000,E4_Theis_AMP99_AMP170|AMP99|100000,1,3,334
E4_Theis_AMP99_AMP170,Experiment 4,published,source_workbook_C_experiments_4_5_historical_block_2.xlsx,27,4,Theis,sorghum,E4_Theis_AMP99_AMP170_P02,2,single,AMP99,,,100000,100000,E4_Theis_AMP99_AMP170|AMP99|100000,2,3,334
E4_Theis_AMP99_AMP170,Experiment 4,published,source_workbook_C_experiments_4_5_historical_block_2.xlsx,27,4,Theis,sorghum,E4_Theis_AMP99_AMP170_P02,2,single,AMP99,,,100000,100000,E4_Theis_AMP99_AMP170|AMP99|100000,3,4,334
E4_Theis_AMP99_AMP170,Experiment 4,published,source_workbook_C_experiments_4_5_historical_block_2.xlsx,27,5,Theis,sorghum,E4_Theis_AMP99_AMP170_P02,2,single,AMP99,,,50000,50000,E4_Theis_AMP99_AMP170|AMP99|50000,1,1,144
E4_Theis_AMP99_AMP170,Experiment 4,published,source_workbook_C_experiments_4_5_historical_block_2.xlsx,27,5,Theis,sorghum,E4_Theis_AMP99_AMP170_P02,2,single,AMP99,,,50000,50000,E4_Theis_AMP99_AMP170|AMP99|50000,2,4,144
E4_Theis_AMP99_AMP170,Experiment 4,published,source_workbook_C_experiments_4_5_historical_block_2.xlsx,27,5,Theis,sorghum,E4_Theis_AMP99_AMP170_P02,2,single,AMP99,,,50000,50000,E4_Theis_AMP99_AMP170|AMP99|50000,3,4,144
E4_Theis_AMP99_AMP170,Experiment 4,published,source_workbook_C_experiments_4_5_historical_block_2.xlsx,27,6,Theis,sorghum,E4_Theis_AMP99_AMP170_P02,2,single,AMP99,,,10000,10000,E4_Theis_AMP99_AMP170|AMP99|10000,1,1,111
E4_Theis_AMP99_AMP170,Experiment 4,published,source_workbook_C_experiments_4_5_historical_block_2.xlsx,27,6,Theis,sorghum,E4_Theis_AMP99_AMP170_P02,2,single,AMP99,,,10000,10000,E4_Theis_AMP99_AMP170|AMP99|10000,2,1,111
E4_Theis_AMP99_AMP170,Experiment 4,published,source_workbook_C_experiments_4_5_historical_block_2.xlsx,27,6,Theis,sorghum,E4_Theis_AMP99_AMP170_P02,2,single,AMP99,,,10000,10000,E4_Theis_AMP99_AMP170|AMP99|10000,3,1,111
E4_Theis_AMP99_AMP170,Experiment 4,published,source_workbook_C_experiments_4_5_historical_block_2.xlsx,27,7,Theis,sorghum,E4_Theis_AMP99_AMP170_P02,2,single,AMP99,,,5000,5000,E4_Theis_AMP99_AMP170|AMP99|5000,1,1,111
E4_Theis_AMP99_AMP170,Experiment 4,published,source_workbook_C_experiments_4_5_historical_block_2.xlsx,27,7,Theis,sorghum,E4_Theis_AMP99_AMP170_P02,2,single,AMP99,,,5000,5000,E4_Theis_AMP99_AMP170|AMP99|5000,2,1,111
E4_Theis_AMP99_AMP170,Experiment 4,published,source_workbook_C_experiments_4_5_historical_block_2.xlsx,27,7,Theis,sorghum,E4_Theis_AMP99_AMP170_P02,2,single,AMP99,,,5000,5000,E4_Theis_AMP99_AMP170|AMP99|5000,3,1,111
E4_Theis_AMP99_AMP170,Experiment 4,published,source_workbook_C_experiments_4_5_historical_block_2.xlsx,28,2,Theis,sorghum,E4_Theis_AMP99_AMP170_P03,3,single,AMP99,,,1000000,1000000,E4_Theis_AMP99_AMP170|AMP99|1000000,1,2,231
E4_Theis_AMP99_AMP170,Experiment 4,published,source_workbook_C_experiments_4_5_historical_block_2.xlsx,28,2,Theis,sorghum,E4_Theis_AMP99_AMP170_P03,3,single,AMP99,,,1000000,1000000,E4_Theis_AMP99_AMP170|AMP99|1000000,2,3,231
E4_Theis_AMP99_AMP170,Experiment 4,published,source_workbook_C_experiments_4_5_historical_block_2.xlsx,28,2,Theis,sorghum,E4_Theis_AMP99_AMP170_P03,3,single,AMP99,,,1000000,1000000,E4_Theis_AMP99_AMP170|AMP99|1000000,3,1,231
E4_Theis_AMP99_AMP170,Experiment 4,published,source_workbook_C_experiments_4_5_historical_block_2.xlsx,28,3,Theis,sorghum,E4_Theis_AMP99_AMP170_P03,3,single,AMP99,,,500000,500000,E4_Theis_AMP99_AMP170|AMP99|500000,1,4,411
E4_Theis_AMP99_AMP170,Experiment 4,published,source_workbook_C_experiments_4_5_historical_block_2.xlsx,28,3,Theis,sorghum,E4_Theis_AMP99_AMP170_P03,3,single,AMP99,,,500000,500000,E4_Theis_AMP99_AMP170|AMP99|500000,2,1,411
E4_Theis_AMP99_AMP170,Experiment 4,published,source_workbook_C_experiments_4_5_historical_block_2.xlsx,28,3,Theis,sorghum,E4_Theis_AMP99_AMP170_P03,3,single,AMP99,,,500000,500000,E4_Theis_AMP99_AMP170|AMP99|500000,3,1,411
E4_Theis_AMP99_AMP170,Experiment 4,published,source_workbook_C_experiments_4_5_historical_block_2.xlsx,28,4,Theis,sorghum,E4_Theis_AMP99_AMP170_P03,3,single,AMP99,,,100000,100000,E4_Theis_AMP99_AMP170|AMP99|100000,1,4,434
E4_Theis_AMP99_AMP170,Experiment 4,published,source_workbook_C_experiments_4_5_historical_block_2.xlsx,28,4,Theis,sorghum,E4_Theis_AMP99_AMP170_P03,3,single,AMP99,,,100000,100000,E4_Theis_AMP99_AMP170|AMP99|100000,2,3,434
E4_Theis_AMP99_AMP170,Experiment 4,published,source_workbook_C_experiments_4_5_historical_block_2.xlsx,28,4,Theis,sorghum,E4_Theis_AMP99_AMP170_P03,3,single,AMP99,,,100000,100000,E4_Theis_AMP99_AMP170|AMP99|100000,3,4,434
E4_Theis_AMP99_AMP170,Experiment 4,published,source_workbook_C_experiments_4_5_historical_block_2.xlsx,28,5,Theis,sorghum,E4_Theis_AMP99_AMP170_P03,3,single,AMP99,,,50000,50000,E4_Theis_AMP99_AMP170|AMP99|50000,1,4,441
E4_Theis_AMP99_AMP170,Experiment 4,published,source_workbook_C_experiments_4_5_historical_block_2.xlsx,28,5,Theis,sorghum,E4_Theis_AMP99_AMP170_P03,3,single,AMP99,,,50000,50000,E4_Theis_AMP99_AMP170|AMP99|50000,2,4,441
E4_Theis_AMP99_AMP170,Experiment 4,published,source_workbook_C_experiments_4_5_historical_block_2.xlsx,28,5,Theis,sorghum,E4_Theis_AMP99_AMP170_P03,3,single,AMP99,,,50000,50000,E4_Theis_AMP99_AMP170|AMP99|50000,3,1,441
E4_Theis_AMP99_AMP170,Experiment 4,published,source_workbook_C_experiments_4_5_historical_block_2.xlsx,28,6,Theis,sorghum,E4_Theis_AMP99_AMP170_P03,3,single,AMP99,,,10000,10000,E4_Theis_AMP99_AMP170|AMP99|10000,1,1,111
E4_Theis_AMP99_AMP170,Experiment 4,published,source_workbook_C_experiments_4_5_historical_block_2.xlsx,28,6,Theis,sorghum,E4_Theis_AMP99_AMP170_P03,3,single,AMP99,,,10000,10000,E4_Theis_AMP99_AMP170|AMP99|10000,2,1,111
E4_Theis_AMP99_AMP170,Experiment 4,published,source_workbook_C_experiments_4_5_historical_block_2.xlsx,28,6,Theis,sorghum,E4_Theis_AMP99_AMP170_P03,3,single,AMP99,,,10000,10000,E4_Theis_AMP99_AMP170|AMP99|10000,3,1,111
E4_Theis_AMP99_AMP170,Experiment 4,published,source_workbook_C_experiments_4_5_historical_block_2.xlsx,28,7,Theis,sorghum,E4_Theis_AMP99_AMP170_P03,3,single,AMP99,,,5000,5000,E4_Theis_AMP99_AMP170|AMP99|5000,1,1,111
E4_Theis_AMP99_AMP170,Experiment 4,published,source_workbook_C_experiments_4_5_historical_block_2.xlsx,28,7,Theis,sorghum,E4_Theis_AMP99_AMP170_P03,3,single,AMP99,,,5000,5000,E4_Theis_AMP99_AMP170|AMP99|5000,2,1,111
E4_Theis_AMP99_AMP170,Experiment 4,published,source_workbook_C_experiments_4_5_historical_block_2.xlsx,28,7,Theis,sorghum,E4_Theis_AMP99_AMP170_P03,3,single,AMP99,,,5000,5000,E4_Theis_AMP99_AMP170|AMP99|5000,3,1,111
E4_Theis_AMP99_AMP170,Experiment 4,published,source_workbook_C_experiments_4_5_historical_block_2.xlsx,29,2,Theis,sorghum,E4_Theis_AMP99_AMP170_P04,4,single,AMP99,,,1000000,1000000,E4_Theis_AMP99_AMP170|AMP99|1000000,1,1,111
E4_Theis_AMP99_AMP170,Experiment 4,published,source_workbook_C_experiments_4_5_historical_block_2.xlsx,29,2,Theis,sorghum,E4_Theis_AMP99_AMP170_P04,4,single,AMP99,,,1000000,1000000,E4_Theis_AMP99_AMP170|AMP99|1000000,2,1,111
E4_Theis_AMP99_AMP170,Experiment 4,published,source_workbook_C_experiments_4_5_historical_block_2.xlsx,29,2,Theis,sorghum,E4_Theis_AMP99_AMP170_P04,4,single,AMP99,,,1000000,1000000,E4_Theis_AMP99_AMP170|AMP99|1000000,3,1,111
E4_Theis_AMP99_AMP170,Experiment 4,published,source_workbook_C_experiments_4_5_historical_block_2.xlsx,29,3,Theis,sorghum,E4_Theis_AMP99_AMP170_P04,4,single,AMP99,,,500000,500000,E4_Theis_AMP99_AMP170|AMP99|500000,1,3,311
E4_Theis_AMP99_AMP170,Experiment 4,published,source_workbook_C_experiments_4_5_historical_block_2.xlsx,29,3,Theis,sorghum,E4_Theis_AMP99_AMP170_P04,4,single,AMP99,,,500000,500000,E4_Theis_AMP99_AMP170|AMP99|500000,2,1,311
E4_Theis_AMP99_AMP170,Experiment 4,published,source_workbook_C_experiments_4_5_historical_block_2.xlsx,29,3,Theis,sorghum,E4_Theis_AMP99_AMP170_P04,4,single,AMP99,,,500000,500000,E4_Theis_AMP99_AMP170|AMP99|500000,3,1,311
E4_Theis_AMP99_AMP170,Experiment 4,published,source_workbook_C_experiments_4_5_historical_block_2.xlsx,29,4,Theis,sorghum,E4_Theis_AMP99_AMP170_P04,4,single,AMP99,,,100000,100000,E4_Theis_AMP99_AMP170|AMP99|100000,1,1,113
E4_Theis_AMP99_AMP170,Experiment 4,published,source_workbook_C_experiments_4_5_historical_block_2.xlsx,29,4,Theis,sorghum,E4_Theis_AMP99_AMP170_P04,4,single,AMP99,,,100000,100000,E4_Theis_AMP99_AMP170|AMP99|100000,2,1,113
E4_Theis_AMP99_AMP170,Experiment 4,published,source_workbook_C_experiments_4_5_historical_block_2.xlsx,29,4,Theis,sorghum,E4_Theis_AMP99_AMP170_P04,4,single,AMP99,,,100000,100000,E4_Theis_AMP99_AMP170|AMP99|100000,3,3,113
E4_Theis_AMP99_AMP170,Experiment 4,published,source_workbook_C_experiments_4_5_historical_block_2.xlsx,29,5,Theis,sorghum,E4_Theis_AMP99_AMP170_P04,4,single,AMP99,,,50000,50000,E4_Theis_AMP99_AMP170|AMP99|50000,1,4,422
E4_Theis_AMP99_AMP170,Experiment 4,published,source_workbook_C_experiments_4_5_historical_block_2.xlsx,29,5,Theis,sorghum,E4_Theis_AMP99_AMP170_P04,4,single,AMP99,,,50000,50000,E4_Theis_AMP99_AMP170|AMP99|50000,2,2,422
E4_Theis_AMP99_AMP170,Experiment 4,published,source_workbook_C_experiments_4_5_historical_block_2.xlsx,29,5,Theis,sorghum,E4_Theis_AMP99_AMP170_P04,4,single,AMP99,,,50000,50000,E4_Theis_AMP99_AMP170|AMP99|50000,3,2,422
E4_Theis_AMP99_AMP170,Experiment 4,published,source_workbook_C_experiments_4_5_historical_block_2.xlsx,29,6,Theis,sorghum,E4_Theis_AMP99_AMP170_P04,4,single,AMP99,,,10000,10000,E4_Theis_AMP99_AMP170|AMP99|10000,1,1,111
E4_Theis_AMP99_AMP170,Experiment 4,published,source_workbook_C_experiments_4_5_historical_block_2.xlsx,29,6,Theis,sorghum,E4_Theis_AMP99_AMP170_P04,4,single,AMP99,,,10000,10000,E4_Theis_AMP99_AMP170|AMP99|10000,2,1,111
E4_Theis_AMP99_AMP170,Experiment 4,published,source_workbook_C_experiments_4_5_historical_block_2.xlsx,29,6,Theis,sorghum,E4_Theis_AMP99_AMP170_P04,4,single,AMP99,,,10000,10000,E4_Theis_AMP99_AMP170|AMP99|10000,3,1,111
E4_Theis_AMP99_AMP170,Experiment 4,published,source_workbook_C_experiments_4_5_historical_block_2.xlsx,29,7,Theis,sorghum,E4_Theis_AMP99_AMP170_P04,4,single,AMP99,,,5000,5000,E4_Theis_AMP99_AMP170|AMP99|5000,1,1,111
E4_Theis_AMP99_AMP170,Experiment 4,published,source_workbook_C_experiments_4_5_historical_block_2.xlsx,29,7,Theis,sorghum,E4_Theis_AMP99_AMP170_P04,4,single,AMP99,,,5000,5000,E4_Theis_AMP99_AMP170|AMP99|5000,2,1,111
E4_Theis_AMP99_AMP170,Experiment 4,published,source_workbook_C_experiments_4_5_historical_block_2.xlsx,29,7,Theis,sorghum,E4_Theis_AMP99_AMP170_P04,4,single,AMP99,,,5000,5000,E4_Theis_AMP99_AMP170|AMP99|5000,3,1,111
E4_Theis_AMP99_AMP170,Experiment 4,published,source_workbook_C_experiments_4_5_historical_block_2.xlsx,30,2,Theis,sorghum,E4_Theis_AMP99_AMP170_P05,5,single,AMP99,,,1000000,1000000,E4_Theis_AMP99_AMP170|AMP99|1000000,1,1,133
E4_Theis_AMP99_AMP170,Experiment 4,published,source_workbook_C_experiments_4_5_historical_block_2.xlsx,30,2,Theis,sorghum,E4_Theis_AMP99_AMP170_P05,5,single,AMP99,,,1000000,1000000,E4_Theis_AMP99_AMP170|AMP99|1000000,2,3,133
E4_Theis_AMP99_AMP170,Experiment 4,published,source_workbook_C_experiments_4_5_historical_block_2.xlsx,30,2,Theis,sorghum,E4_Theis_AMP99_AMP170_P05,5,single,AMP99,,,1000000,1000000,E4_Theis_AMP99_AMP170|AMP99|1000000,3,3,133
E4_Theis_AMP99_AMP170,Experiment 4,published,source_workbook_C_experiments_4_5_historical_block_2.xlsx,30,3,Theis,sorghum,E4_Theis_AMP99_AMP170_P05,5,single,AMP99,,,500000,500000,E4_Theis_AMP99_AMP170|AMP99|500000,1,1,111
E4_Theis_AMP99_AMP170,Experiment 4,published,source_workbook_C_experiments_4_5_historical_block_2.xlsx,30,3,Theis,sorghum,E4_Theis_AMP99_AMP170_P05,5,single,AMP99,,,500000,500000,E4_Theis_AMP99_AMP170|AMP99|500000,2,1,111
E4_Theis_AMP99_AMP170,Experiment 4,published,source_workbook_C_experiments_4_5_historical_block_2.xlsx,30,3,Theis,sorghum,E4_Theis_AMP99_AMP170_P05,5,single,AMP99,,,500000,500000,E4_Theis_AMP99_AMP170|AMP99|500000,3,1,111
E4_Theis_AMP99_AMP170,Experiment 4,published,source_workbook_C_experiments_4_5_historical_block_2.xlsx,30,4,Theis,sorghum,E4_Theis_AMP99_AMP170_P05,5,single,AMP99,,,100000,100000,E4_Theis_AMP99_AMP170|AMP99|100000,1,1,111
E4_Theis_AMP99_AMP170,Experiment 4,published,source_workbook_C_experiments_4_5_historical_block_2.xlsx,30,4,Theis,sorghum,E4_Theis_AMP99_AMP170_P05,5,single,AMP99,,,100000,100000,E4_Theis_AMP99_AMP170|AMP99|100000,2,1,111
E4_Theis_AMP99_AMP170,Experiment 4,published,source_workbook_C_experiments_4_5_historical_block_2.xlsx,30,4,Theis,sorghum,E4_Theis_AMP99_AMP170_P05,5,single,AMP99,,,100000,100000,E4_Theis_AMP99_AMP170|AMP99|100000,3,1,111
E4_Theis_AMP99_AMP170,Experiment 4,published,source_workbook_C_experiments_4_5_historical_block_2.xlsx,30,5,Theis,sorghum,E4_Theis_AMP99_AMP170_P05,5,single,AMP99,,,50000,50000,E4_Theis_AMP99_AMP170|AMP99|50000,1,1,111
E4_Theis_AMP99_AMP170,Experiment 4,published,source_workbook_C_experiments_4_5_historical_block_2.xlsx,30,5,Theis,sorghum,E4_Theis_AMP99_AMP170_P05,5,single,AMP99,,,50000,50000,E4_Theis_AMP99_AMP170|AMP99|50000,2,1,111
E4_Theis_AMP99_AMP170,Experiment 4,published,source_workbook_C_experiments_4_5_historical_block_2.xlsx,30,5,Theis,sorghum,E4_Theis_AMP99_AMP170_P05,5,single,AMP99,,,50000,50000,E4_Theis_AMP99_AMP170|AMP99|50000,3,1,111
E4_Theis_AMP99_AMP170,Experiment 4,published,source_workbook_C_experiments_4_5_historical_block_2.xlsx,30,6,Theis,sorghum,E4_Theis_AMP99_AMP170_P05,5,single,AMP99,,,10000,10000,E4_Theis_AMP99_AMP170|AMP99|10000,1,1,111
E4_Theis_AMP99_AMP170,Experiment 4,published,source_workbook_C_experiments_4_5_historical_block_2.xlsx,30,6,Theis,sorghum,E4_Theis_AMP99_AMP170_P05,5,single,AMP99,,,10000,10000,E4_Theis_AMP99_AMP170|AMP99|10000,2,1,111
E4_Theis_AMP99_AMP170,Experiment 4,published,source_workbook_C_experiments_4_5_historical_block_2.xlsx,30,6,Theis,sorghum,E4_Theis_AMP99_AMP170_P05,5,single,AMP99,,,10000,10000,E4_Theis_AMP99_AMP170|AMP99|10000,3,1,111
E4_Theis_AMP99_AMP170,Experiment 4,published,source_workbook_C_experiments_4_5_historical_block_2.xlsx,30,7,Theis,sorghum,E4_Theis_AMP99_AMP170_P05,5,single,AMP99,,,5000,5000,E4_Theis_AMP99_AMP170|AMP99|5000,1,1,111
E4_Theis_AMP99_AMP170,Experiment 4,published,source_workbook_C_experiments_4_5_historical_block_2.xlsx,30,7,Theis,sorghum,E4_Theis_AMP99_AMP170_P05,5,single,AMP99,,,5000,5000,E4_Theis_AMP99_AMP170|AMP99|5000,2,1,111
E4_Theis_AMP99_AMP170,Experiment 4,published,source_workbook_C_experiments_4_5_historical_block_2.xlsx,30,7,Theis,sorghum,E4_Theis_AMP99_AMP170_P05,5,single,AMP99,,,5000,5000,E4_Theis_AMP99_AMP170|AMP99|5000,3,1,111
E4_Theis_AMP99_AMP170,Experiment 4,published,source_workbook_C_experiments_4_5_historical_block_2.xlsx,31,2,Theis,sorghum,E4_Theis_AMP99_AMP170_P06,6,single,AMP99,,,1000000,1000000,E4_Theis_AMP99_AMP170|AMP99|1000000,1,2,211
E4_Theis_AMP99_AMP170,Experiment 4,published,source_workbook_C_experiments_4_5_historical_block_2.xlsx,31,2,Theis,sorghum,E4_Theis_AMP99_AMP170_P06,6,single,AMP99,,,1000000,1000000,E4_Theis_AMP99_AMP170|AMP99|1000000,2,1,211
E4_Theis_AMP99_AMP170,Experiment 4,published,source_workbook_C_experiments_4_5_historical_block_2.xlsx,31,2,Theis,sorghum,E4_Theis_AMP99_AMP170_P06,6,single,AMP99,,,1000000,1000000,E4_Theis_AMP99_AMP170|AMP99|1000000,3,1,211
E4_Theis_AMP99_AMP170,Experiment 4,published,source_workbook_C_experiments_4_5_historical_block_2.xlsx,31,3,Theis,sorghum,E4_Theis_AMP99_AMP170_P06,6,single,AMP99,,,500000,500000,E4_Theis_AMP99_AMP170|AMP99|500000,1,3,313
E4_Theis_AMP99_AMP170,Experiment 4,published,source_workbook_C_experiments_4_5_historical_block_2.xlsx,31,3,Theis,sorghum,E4_Theis_AMP99_AMP170_P06,6,single,AMP99,,,500000,500000,E4_Theis_AMP99_AMP170|AMP99|500000,2,1,313
E4_Theis_AMP99_AMP170,Experiment 4,published,source_workbook_C_experiments_4_5_historical_block_2.xlsx,31,3,Theis,sorghum,E4_Theis_AMP99_AMP170_P06,6,single,AMP99,,,500000,500000,E4_Theis_AMP99_AMP170|AMP99|500000,3,3,313
E4_Theis_AMP99_AMP170,Experiment 4,published,source_workbook_C_experiments_4_5_historical_block_2.xlsx,31,4,Theis,sorghum,E4_Theis_AMP99_AMP170_P06,6,single,AMP99,,,100000,100000,E4_Theis_AMP99_AMP170|AMP99|100000,1,1,133
E4_Theis_AMP99_AMP170,Experiment 4,published,source_workbook_C_experiments_4_5_historical_block_2.xlsx,31,4,Theis,sorghum,E4_Theis_AMP99_AMP170_P06,6,single,AMP99,,,100000,100000,E4_Theis_AMP99_AMP170|AMP99|100000,2,3,133
E4_Theis_AMP99_AMP170,Experiment 4,published,source_workbook_C_experiments_4_5_historical_block_2.xlsx,31,4,Theis,sorghum,E4_Theis_AMP99_AMP170_P06,6,single,AMP99,,,100000,100000,E4_Theis_AMP99_AMP170|AMP99|100000,3,3,133
E4_Theis_AMP99_AMP170,Experiment 4,published,source_workbook_C_experiments_4_5_historical_block_2.xlsx,31,5,Theis,sorghum,E4_Theis_AMP99_AMP170_P06,6,single,AMP99,,,50000,50000,E4_Theis_AMP99_AMP170|AMP99|50000,1,4,425
E4_Theis_AMP99_AMP170,Experiment 4,published,source_workbook_C_experiments_4_5_historical_block_2.xlsx,31,5,Theis,sorghum,E4_Theis_AMP99_AMP170_P06,6,single,AMP99,,,50000,50000,E4_Theis_AMP99_AMP170|AMP99|50000,2,2,425
E4_Theis_AMP99_AMP170,Experiment 4,published,source_workbook_C_experiments_4_5_historical_block_2.xlsx,31,5,Theis,sorghum,E4_Theis_AMP99_AMP170_P06,6,single,AMP99,,,50000,50000,E4_Theis_AMP99_AMP170|AMP99|50000,3,5,425
E4_Theis_AMP99_AMP170,Experiment 4,published,source_workbook_C_experiments_4_5_historical_block_2.xlsx,31,6,Theis,sorghum,E4_Theis_AMP99_AMP170_P06,6,single,AMP99,,,10000,10000,E4_Theis_AMP99_AMP170|AMP99|10000,1,1,111
E4_Theis_AMP99_AMP170,Experiment 4,published,source_workbook_C_experiments_4_5_historical_block_2.xlsx,31,6,Theis,sorghum,E4_Theis_AMP99_AMP170_P06,6,single,AMP99,,,10000,10000,E4_Theis_AMP99_AMP170|AMP99|10000,2,1,111
E4_Theis_AMP99_AMP170,Experiment 4,published,source_workbook_C_experiments_4_5_historical_block_2.xlsx,31,6,Theis,sorghum,E4_Theis_AMP99_AMP170_P06,6,single,AMP99,,,10000,10000,E4_Theis_AMP99_AMP170|AMP99|10000,3,1,111
E4_Theis_AMP99_AMP170,Experiment 4,published,source_workbook_C_experiments_4_5_historical_block_2.xlsx,31,7,Theis,sorghum,E4_Theis_AMP99_AMP170_P06,6,single,AMP99,,,5000,5000,E4_Theis_AMP99_AMP170|AMP99|5000,1,1,111
E4_Theis_AMP99_AMP170,Experiment 4,published,source_workbook_C_experiments_4_5_historical_block_2.xlsx,31,7,Theis,sorghum,E4_Theis_AMP99_AMP170_P06,6,single,AMP99,,,5000,5000,E4_Theis_AMP99_AMP170|AMP99|5000,2,1,111
E4_Theis_AMP99_AMP170,Experiment 4,published,source_workbook_C_experiments_4_5_historical_block_2.xlsx,31,7,Theis,sorghum,E4_Theis_AMP99_AMP170_P06,6,single,AMP99,,,5000,5000,E4_Theis_AMP99_AMP170|AMP99|5000,3,1,111
E4_Theis_AMP99_AMP170,Experiment 4,published,source_workbook_C_experiments_4_5_historical_block_2.xlsx,33,2,Theis,sorghum,E4_Theis_AMP99_AMP170_P01,1,single,AMP170,,,1000000,1000000,E4_Theis_AMP99_AMP170|AMP170|1000000,1,2,222
E4_Theis_AMP99_AMP170,Experiment 4,published,source_workbook_C_experiments_4_5_historical_block_2.xlsx,33,2,Theis,sorghum,E4_Theis_AMP99_AMP170_P01,1,single,AMP170,,,1000000,1000000,E4_Theis_AMP99_AMP170|AMP170|1000000,2,2,222
E4_Theis_AMP99_AMP170,Experiment 4,published,source_workbook_C_experiments_4_5_historical_block_2.xlsx,33,2,Theis,sorghum,E4_Theis_AMP99_AMP170_P01,1,single,AMP170,,,1000000,1000000,E4_Theis_AMP99_AMP170|AMP170|1000000,3,2,222
E4_Theis_AMP99_AMP170,Experiment 4,published,source_workbook_C_experiments_4_5_historical_block_2.xlsx,33,3,Theis,sorghum,E4_Theis_AMP99_AMP170_P01,1,single,AMP170,,,500000,500000,E4_Theis_AMP99_AMP170|AMP170|500000,1,2,222
E4_Theis_AMP99_AMP170,Experiment 4,published,source_workbook_C_experiments_4_5_historical_block_2.xlsx,33,3,Theis,sorghum,E4_Theis_AMP99_AMP170_P01,1,single,AMP170,,,500000,500000,E4_Theis_AMP99_AMP170|AMP170|500000,2,2,222
E4_Theis_AMP99_AMP170,Experiment 4,published,source_workbook_C_experiments_4_5_historical_block_2.xlsx,33,3,Theis,sorghum,E4_Theis_AMP99_AMP170_P01,1,single,AMP170,,,500000,500000,E4_Theis_AMP99_AMP170|AMP170|500000,3,2,222
E4_Theis_AMP99_AMP170,Experiment 4,published,source_workbook_C_experiments_4_5_historical_block_2.xlsx,33,4,Theis,sorghum,E4_Theis_AMP99_AMP170_P01,1,single,AMP170,,,100000,100000,E4_Theis_AMP99_AMP170|AMP170|100000,1,1,111
E4_Theis_AMP99_AMP170,Experiment 4,published,source_workbook_C_experiments_4_5_historical_block_2.xlsx,33,4,Theis,sorghum,E4_Theis_AMP99_AMP170_P01,1,single,AMP170,,,100000,100000,E4_Theis_AMP99_AMP170|AMP170|100000,2,1,111
E4_Theis_AMP99_AMP170,Experiment 4,published,source_workbook_C_experiments_4_5_historical_block_2.xlsx,33,4,Theis,sorghum,E4_Theis_AMP99_AMP170_P01,1,single,AMP170,,,100000,100000,E4_Theis_AMP99_AMP170|AMP170|100000,3,1,111
E4_Theis_AMP99_AMP170,Experiment 4,published,source_workbook_C_experiments_4_5_historical_block_2.xlsx,33,5,Theis,sorghum,E4_Theis_AMP99_AMP170_P01,1,single,AMP170,,,50000,50000,E4_Theis_AMP99_AMP170|AMP170|50000,1,1,112
E4_Theis_AMP99_AMP170,Experiment 4,published,source_workbook_C_experiments_4_5_historical_block_2.xlsx,33,5,Theis,sorghum,E4_Theis_AMP99_AMP170_P01,1,single,AMP170,,,50000,50000,E4_Theis_AMP99_AMP170|AMP170|50000,2,1,112
E4_Theis_AMP99_AMP170,Experiment 4,published,source_workbook_C_experiments_4_5_historical_block_2.xlsx,33,5,Theis,sorghum,E4_Theis_AMP99_AMP170_P01,1,single,AMP170,,,50000,50000,E4_Theis_AMP99_AMP170|AMP170|50000,3,2,112
E4_Theis_AMP99_AMP170,Experiment 4,published,source_workbook_C_experiments_4_5_historical_block_2.xlsx,33,6,Theis,sorghum,E4_Theis_AMP99_AMP170_P01,1,single,AMP170,,,10000,10000,E4_Theis_AMP99_AMP170|AMP170|10000,1,1,111
E4_Theis_AMP99_AMP170,Experiment 4,published,source_workbook_C_experiments_4_5_historical_block_2.xlsx,33,6,Theis,sorghum,E4_Theis_AMP99_AMP170_P01,1,single,AMP170,,,10000,10000,E4_Theis_AMP99_AMP170|AMP170|10000,2,1,111
E4_Theis_AMP99_AMP170,Experiment 4,published,source_workbook_C_experiments_4_5_historical_block_2.xlsx,33,6,Theis,sorghum,E4_Theis_AMP99_AMP170_P01,1,single,AMP170,,,10000,10000,E4_Theis_AMP99_AMP170|AMP170|10000,3,1,111
E4_Theis_AMP99_AMP170,Experiment 4,published,source_workbook_C_experiments_4_5_historical_block_2.xlsx,33,7,Theis,sorghum,E4_Theis_AMP99_AMP170_P01,1,single,AMP170,,,5000,5000,E4_Theis_AMP99_AMP170|AMP170|5000,1,1,111
E4_Theis_AMP99_AMP170,Experiment 4,published,source_workbook_C_experiments_4_5_historical_block_2.xlsx,33,7,Theis,sorghum,E4_Theis_AMP99_AMP170_P01,1,single,AMP170,,,5000,5000,E4_Theis_AMP99_AMP170|AMP170|5000,2,1,111
E4_Theis_AMP99_AMP170,Experiment 4,published,source_workbook_C_experiments_4_5_historical_block_2.xlsx,33,7,Theis,sorghum,E4_Theis_AMP99_AMP170_P01,1,single,AMP170,,,5000,5000,E4_Theis_AMP99_AMP170|AMP170|5000,3,1,111
E4_Theis_AMP99_AMP170,Experiment 4,published,source_workbook_C_experiments_4_5_historical_block_2.xlsx,34,2,Theis,sorghum,E4_Theis_AMP99_AMP170_P02,2,single,AMP170,,,1000000,1000000,E4_Theis_AMP99_AMP170|AMP170|1000000,1,2,221
E4_Theis_AMP99_AMP170,Experiment 4,published,source_workbook_C_experiments_4_5_historical_block_2.xlsx,34,2,Theis,sorghum,E4_Theis_AMP99_AMP170_P02,2,single,AMP170,,,1000000,1000000,E4_Theis_AMP99_AMP170|AMP170|1000000,2,2,221
E4_Theis_AMP99_AMP170,Experiment 4,published,source_workbook_C_experiments_4_5_historical_block_2.xlsx,34,2,Theis,sorghum,E4_Theis_AMP99_AMP170_P02,2,single,AMP170,,,1000000,1000000,E4_Theis_AMP99_AMP170|AMP170|1000000,3,1,221
E4_Theis_AMP99_AMP170,Experiment 4,published,source_workbook_C_experiments_4_5_historical_block_2.xlsx,34,3,Theis,sorghum,E4_Theis_AMP99_AMP170_P02,2,single,AMP170,,,500000,500000,E4_Theis_AMP99_AMP170|AMP170|500000,1,2,221
E4_Theis_AMP99_AMP170,Experiment 4,published,source_workbook_C_experiments_4_5_historical_block_2.xlsx,34,3,Theis,sorghum,E4_Theis_AMP99_AMP170_P02,2,single,AMP170,,,500000,500000,E4_Theis_AMP99_AMP170|AMP170|500000,2,2,221
E4_Theis_AMP99_AMP170,Experiment 4,published,source_workbook_C_experiments_4_5_historical_block_2.xlsx,34,3,Theis,sorghum,E4_Theis_AMP99_AMP170_P02,2,single,AMP170,,,500000,500000,E4_Theis_AMP99_AMP170|AMP170|500000,3,1,221
E4_Theis_AMP99_AMP170,Experiment 4,published,source_workbook_C_experiments_4_5_historical_block_2.xlsx,34,4,Theis,sorghum,E4_Theis_AMP99_AMP170_P02,2,single,AMP170,,,100000,100000,E4_Theis_AMP99_AMP170|AMP170|100000,1,4,412
E4_Theis_AMP99_AMP170,Experiment 4,published,source_workbook_C_experiments_4_5_historical_block_2.xlsx,34,4,Theis,sorghum,E4_Theis_AMP99_AMP170_P02,2,single,AMP170,,,100000,100000,E4_Theis_AMP99_AMP170|AMP170|100000,2,1,412
E4_Theis_AMP99_AMP170,Experiment 4,published,source_workbook_C_experiments_4_5_historical_block_2.xlsx,34,4,Theis,sorghum,E4_Theis_AMP99_AMP170_P02,2,single,AMP170,,,100000,100000,E4_Theis_AMP99_AMP170|AMP170|100000,3,2,412
E4_Theis_AMP99_AMP170,Experiment 4,published,source_workbook_C_experiments_4_5_historical_block_2.xlsx,34,5,Theis,sorghum,E4_Theis_AMP99_AMP170_P02,2,single,AMP170,,,50000,50000,E4_Theis_AMP99_AMP170|AMP170|50000,1,1,111
E4_Theis_AMP99_AMP170,Experiment 4,published,source_workbook_C_experiments_4_5_historical_block_2.xlsx,34,5,Theis,sorghum,E4_Theis_AMP99_AMP170_P02,2,single,AMP170,,,50000,50000,E4_Theis_AMP99_AMP170|AMP170|50000,2,1,111
E4_Theis_AMP99_AMP170,Experiment 4,published,source_workbook_C_experiments_4_5_historical_block_2.xlsx,34,5,Theis,sorghum,E4_Theis_AMP99_AMP170_P02,2,single,AMP170,,,50000,50000,E4_Theis_AMP99_AMP170|AMP170|50000,3,1,111
E4_Theis_AMP99_AMP170,Experiment 4,published,source_workbook_C_experiments_4_5_historical_block_2.xlsx,34,6,Theis,sorghum,E4_Theis_AMP99_AMP170_P02,2,single,AMP170,,,10000,10000,E4_Theis_AMP99_AMP170|AMP170|10000,1,1,111
E4_Theis_AMP99_AMP170,Experiment 4,published,source_workbook_C_experiments_4_5_historical_block_2.xlsx,34,6,Theis,sorghum,E4_Theis_AMP99_AMP170_P02,2,single,AMP170,,,10000,10000,E4_Theis_AMP99_AMP170|AMP170|10000,2,1,111
E4_Theis_AMP99_AMP170,Experiment 4,published,source_workbook_C_experiments_4_5_historical_block_2.xlsx,34,6,Theis,sorghum,E4_Theis_AMP99_AMP170_P02,2,single,AMP170,,,10000,10000,E4_Theis_AMP99_AMP170|AMP170|10000,3,1,111
E4_Theis_AMP99_AMP170,Experiment 4,published,source_workbook_C_experiments_4_5_historical_block_2.xlsx,34,7,Theis,sorghum,E4_Theis_AMP99_AMP170_P02,2,single,AMP170,,,5000,5000,E4_Theis_AMP99_AMP170|AMP170|5000,1,1,111
E4_Theis_AMP99_AMP170,Experiment 4,published,source_workbook_C_experiments_4_5_historical_block_2.xlsx,34,7,Theis,sorghum,E4_Theis_AMP99_AMP170_P02,2,single,AMP170,,,5000,5000,E4_Theis_AMP99_AMP170|AMP170|5000,2,1,111
E4_Theis_AMP99_AMP170,Experiment 4,published,source_workbook_C_experiments_4_5_historical_block_2.xlsx,34,7,Theis,sorghum,E4_Theis_AMP99_AMP170_P02,2,single,AMP170,,,5000,5000,E4_Theis_AMP99_AMP170|AMP170|5000,3,1,111
E4_Theis_AMP99_AMP170,Experiment 4,published,source_workbook_C_experiments_4_5_historical_block_2.xlsx,35,2,Theis,sorghum,E4_Theis_AMP99_AMP170_P03,3,single,AMP170,,,1000000,1000000,E4_Theis_AMP99_AMP170|AMP170|1000000,1,2,221
E4_Theis_AMP99_AMP170,Experiment 4,published,source_workbook_C_experiments_4_5_historical_block_2.xlsx,35,2,Theis,sorghum,E4_Theis_AMP99_AMP170_P03,3,single,AMP170,,,1000000,1000000,E4_Theis_AMP99_AMP170|AMP170|1000000,2,2,221
E4_Theis_AMP99_AMP170,Experiment 4,published,source_workbook_C_experiments_4_5_historical_block_2.xlsx,35,2,Theis,sorghum,E4_Theis_AMP99_AMP170_P03,3,single,AMP170,,,1000000,1000000,E4_Theis_AMP99_AMP170|AMP170|1000000,3,1,221
E4_Theis_AMP99_AMP170,Experiment 4,published,source_workbook_C_experiments_4_5_historical_block_2.xlsx,35,3,Theis,sorghum,E4_Theis_AMP99_AMP170_P03,3,single,AMP170,,,500000,500000,E4_Theis_AMP99_AMP170|AMP170|500000,1,2,211
E4_Theis_AMP99_AMP170,Experiment 4,published,source_workbook_C_experiments_4_5_historical_block_2.xlsx,35,3,Theis,sorghum,E4_Theis_AMP99_AMP170_P03,3,single,AMP170,,,500000,500000,E4_Theis_AMP99_AMP170|AMP170|500000,2,1,211
E4_Theis_AMP99_AMP170,Experiment 4,published,source_workbook_C_experiments_4_5_historical_block_2.xlsx,35,3,Theis,sorghum,E4_Theis_AMP99_AMP170_P03,3,single,AMP170,,,500000,500000,E4_Theis_AMP99_AMP170|AMP170|500000,3,1,211
E4_Theis_AMP99_AMP170,Experiment 4,published,source_workbook_C_experiments_4_5_historical_block_2.xlsx,35,4,Theis,sorghum,E4_Theis_AMP99_AMP170_P03,3,single,AMP170,,,100000,100000,E4_Theis_AMP99_AMP170|AMP170|100000,1,3,313
E4_Theis_AMP99_AMP170,Experiment 4,published,source_workbook_C_experiments_4_5_historical_block_2.xlsx,35,4,Theis,sorghum,E4_Theis_AMP99_AMP170_P03,3,single,AMP170,,,100000,100000,E4_Theis_AMP99_AMP170|AMP170|100000,2,1,313
E4_Theis_AMP99_AMP170,Experiment 4,published,source_workbook_C_experiments_4_5_historical_block_2.xlsx,35,4,Theis,sorghum,E4_Theis_AMP99_AMP170_P03,3,single,AMP170,,,100000,100000,E4_Theis_AMP99_AMP170|AMP170|100000,3,3,313
E4_Theis_AMP99_AMP170,Experiment 4,published,source_workbook_C_experiments_4_5_historical_block_2.xlsx,35,5,Theis,sorghum,E4_Theis_AMP99_AMP170_P03,3,single,AMP170,,,50000,50000,E4_Theis_AMP99_AMP170|AMP170|50000,1,1,111
E4_Theis_AMP99_AMP170,Experiment 4,published,source_workbook_C_experiments_4_5_historical_block_2.xlsx,35,5,Theis,sorghum,E4_Theis_AMP99_AMP170_P03,3,single,AMP170,,,50000,50000,E4_Theis_AMP99_AMP170|AMP170|50000,2,1,111
E4_Theis_AMP99_AMP170,Experiment 4,published,source_workbook_C_experiments_4_5_historical_block_2.xlsx,35,5,Theis,sorghum,E4_Theis_AMP99_AMP170_P03,3,single,AMP170,,,50000,50000,E4_Theis_AMP99_AMP170|AMP170|50000,3,1,111
E4_Theis_AMP99_AMP170,Experiment 4,published,source_workbook_C_experiments_4_5_historical_block_2.xlsx,35,6,Theis,sorghum,E4_Theis_AMP99_AMP170_P03,3,single,AMP170,,,10000,10000,E4_Theis_AMP99_AMP170|AMP170|10000,1,2,211
E4_Theis_AMP99_AMP170,Experiment 4,published,source_workbook_C_experiments_4_5_historical_block_2.xlsx,35,6,Theis,sorghum,E4_Theis_AMP99_AMP170_P03,3,single,AMP170,,,10000,10000,E4_Theis_AMP99_AMP170|AMP170|10000,2,1,211
E4_Theis_AMP99_AMP170,Experiment 4,published,source_workbook_C_experiments_4_5_historical_block_2.xlsx,35,6,Theis,sorghum,E4_Theis_AMP99_AMP170_P03,3,single,AMP170,,,10000,10000,E4_Theis_AMP99_AMP170|AMP170|10000,3,1,211
E4_Theis_AMP99_AMP170,Experiment 4,published,source_workbook_C_experiments_4_5_historical_block_2.xlsx,35,7,Theis,sorghum,E4_Theis_AMP99_AMP170_P03,3,single,AMP170,,,5000,5000,E4_Theis_AMP99_AMP170|AMP170|5000,1,1,111
E4_Theis_AMP99_AMP170,Experiment 4,published,source_workbook_C_experiments_4_5_historical_block_2.xlsx,35,7,Theis,sorghum,E4_Theis_AMP99_AMP170_P03,3,single,AMP170,,,5000,5000,E4_Theis_AMP99_AMP170|AMP170|5000,2,1,111
E4_Theis_AMP99_AMP170,Experiment 4,published,source_workbook_C_experiments_4_5_historical_block_2.xlsx,35,7,Theis,sorghum,E4_Theis_AMP99_AMP170_P03,3,single,AMP170,,,5000,5000,E4_Theis_AMP99_AMP170|AMP170|5000,3,1,111
E4_Theis_AMP99_AMP170,Experiment 4,published,source_workbook_C_experiments_4_5_historical_block_2.xlsx,36,2,Theis,sorghum,E4_Theis_AMP99_AMP170_P04,4,single,AMP170,,,1000000,1000000,E4_Theis_AMP99_AMP170|AMP170|1000000,1,4,445
E4_Theis_AMP99_AMP170,Experiment 4,published,source_workbook_C_experiments_4_5_historical_block_2.xlsx,36,2,Theis,sorghum,E4_Theis_AMP99_AMP170_P04,4,single,AMP170,,,1000000,1000000,E4_Theis_AMP99_AMP170|AMP170|1000000,2,4,445
E4_Theis_AMP99_AMP170,Experiment 4,published,source_workbook_C_experiments_4_5_historical_block_2.xlsx,36,2,Theis,sorghum,E4_Theis_AMP99_AMP170_P04,4,single,AMP170,,,1000000,1000000,E4_Theis_AMP99_AMP170|AMP170|1000000,3,5,445
E4_Theis_AMP99_AMP170,Experiment 4,published,source_workbook_C_experiments_4_5_historical_block_2.xlsx,36,3,Theis,sorghum,E4_Theis_AMP99_AMP170_P04,4,single,AMP170,,,500000,500000,E4_Theis_AMP99_AMP170|AMP170|500000,1,1,111
E4_Theis_AMP99_AMP170,Experiment 4,published,source_workbook_C_experiments_4_5_historical_block_2.xlsx,36,3,Theis,sorghum,E4_Theis_AMP99_AMP170_P04,4,single,AMP170,,,500000,500000,E4_Theis_AMP99_AMP170|AMP170|500000,2,1,111
E4_Theis_AMP99_AMP170,Experiment 4,published,source_workbook_C_experiments_4_5_historical_block_2.xlsx,36,3,Theis,sorghum,E4_Theis_AMP99_AMP170_P04,4,single,AMP170,,,500000,500000,E4_Theis_AMP99_AMP170|AMP170|500000,3,1,111
E4_Theis_AMP99_AMP170,Experiment 4,published,source_workbook_C_experiments_4_5_historical_block_2.xlsx,36,4,Theis,sorghum,E4_Theis_AMP99_AMP170_P04,4,single,AMP170,,,100000,100000,E4_Theis_AMP99_AMP170|AMP170|100000,1,1,111
E4_Theis_AMP99_AMP170,Experiment 4,published,source_workbook_C_experiments_4_5_historical_block_2.xlsx,36,4,Theis,sorghum,E4_Theis_AMP99_AMP170_P04,4,single,AMP170,,,100000,100000,E4_Theis_AMP99_AMP170|AMP170|100000,2,1,111
E4_Theis_AMP99_AMP170,Experiment 4,published,source_workbook_C_experiments_4_5_historical_block_2.xlsx,36,4,Theis,sorghum,E4_Theis_AMP99_AMP170_P04,4,single,AMP170,,,100000,100000,E4_Theis_AMP99_AMP170|AMP170|100000,3,1,111
E4_Theis_AMP99_AMP170,Experiment 4,published,source_workbook_C_experiments_4_5_historical_block_2.xlsx,36,5,Theis,sorghum,E4_Theis_AMP99_AMP170_P04,4,single,AMP170,,,50000,50000,E4_Theis_AMP99_AMP170|AMP170|50000,1,1,121
E4_Theis_AMP99_AMP170,Experiment 4,published,source_workbook_C_experiments_4_5_historical_block_2.xlsx,36,5,Theis,sorghum,E4_Theis_AMP99_AMP170_P04,4,single,AMP170,,,50000,50000,E4_Theis_AMP99_AMP170|AMP170|50000,2,2,121
E4_Theis_AMP99_AMP170,Experiment 4,published,source_workbook_C_experiments_4_5_historical_block_2.xlsx,36,5,Theis,sorghum,E4_Theis_AMP99_AMP170_P04,4,single,AMP170,,,50000,50000,E4_Theis_AMP99_AMP170|AMP170|50000,3,1,121
E4_Theis_AMP99_AMP170,Experiment 4,published,source_workbook_C_experiments_4_5_historical_block_2.xlsx,36,6,Theis,sorghum,E4_Theis_AMP99_AMP170_P04,4,single,AMP170,,,10000,10000,E4_Theis_AMP99_AMP170|AMP170|10000,1,1,111
E4_Theis_AMP99_AMP170,Experiment 4,published,source_workbook_C_experiments_4_5_historical_block_2.xlsx,36,6,Theis,sorghum,E4_Theis_AMP99_AMP170_P04,4,single,AMP170,,,10000,10000,E4_Theis_AMP99_AMP170|AMP170|10000,2,1,111
E4_Theis_AMP99_AMP170,Experiment 4,published,source_workbook_C_experiments_4_5_historical_block_2.xlsx,36,6,Theis,sorghum,E4_Theis_AMP99_AMP170_P04,4,single,AMP170,,,10000,10000,E4_Theis_AMP99_AMP170|AMP170|10000,3,1,111
E4_Theis_AMP99_AMP170,Experiment 4,published,source_workbook_C_experiments_4_5_historical_block_2.xlsx,36,7,Theis,sorghum,E4_Theis_AMP99_AMP170_P04,4,single,AMP170,,,5000,5000,E4_Theis_AMP99_AMP170|AMP170|5000,1,1,111
E4_Theis_AMP99_AMP170,Experiment 4,published,source_workbook_C_experiments_4_5_historical_block_2.xlsx,36,7,Theis,sorghum,E4_Theis_AMP99_AMP170_P04,4,single,AMP170,,,5000,5000,E4_Theis_AMP99_AMP170|AMP170|5000,2,1,111
E4_Theis_AMP99_AMP170,Experiment 4,published,source_workbook_C_experiments_4_5_historical_block_2.xlsx,36,7,Theis,sorghum,E4_Theis_AMP99_AMP170_P04,4,single,AMP170,,,5000,5000,E4_Theis_AMP99_AMP170|AMP170|5000,3,1,111
E4_Theis_AMP99_AMP170,Experiment 4,published,source_workbook_C_experiments_4_5_historical_block_2.xlsx,37,2,Theis,sorghum,E4_Theis_AMP99_AMP170_P05,5,single,AMP170,,,1000000,1000000,E4_Theis_AMP99_AMP170|AMP170|1000000,1,2,242
E4_Theis_AMP99_AMP170,Experiment 4,published,source_workbook_C_experiments_4_5_historical_block_2.xlsx,37,2,Theis,sorghum,E4_Theis_AMP99_AMP170_P05,5,single,AMP170,,,1000000,1000000,E4_Theis_AMP99_AMP170|AMP170|1000000,2,4,242
E4_Theis_AMP99_AMP170,Experiment 4,published,source_workbook_C_experiments_4_5_historical_block_2.xlsx,37,2,Theis,sorghum,E4_Theis_AMP99_AMP170_P05,5,single,AMP170,,,1000000,1000000,E4_Theis_AMP99_AMP170|AMP170|1000000,3,2,242
E4_Theis_AMP99_AMP170,Experiment 4,published,source_workbook_C_experiments_4_5_historical_block_2.xlsx,37,3,Theis,sorghum,E4_Theis_AMP99_AMP170_P05,5,single,AMP170,,,500000,500000,E4_Theis_AMP99_AMP170|AMP170|500000,1,1,111
E4_Theis_AMP99_AMP170,Experiment 4,published,source_workbook_C_experiments_4_5_historical_block_2.xlsx,37,3,Theis,sorghum,E4_Theis_AMP99_AMP170_P05,5,single,AMP170,,,500000,500000,E4_Theis_AMP99_AMP170|AMP170|500000,2,1,111
E4_Theis_AMP99_AMP170,Experiment 4,published,source_workbook_C_experiments_4_5_historical_block_2.xlsx,37,3,Theis,sorghum,E4_Theis_AMP99_AMP170_P05,5,single,AMP170,,,500000,500000,E4_Theis_AMP99_AMP170|AMP170|500000,3,1,111
E4_Theis_AMP99_AMP170,Experiment 4,published,source_workbook_C_experiments_4_5_historical_block_2.xlsx,37,4,Theis,sorghum,E4_Theis_AMP99_AMP170_P05,5,single,AMP170,,,100000,100000,E4_Theis_AMP99_AMP170|AMP170|100000,1,1,111
E4_Theis_AMP99_AMP170,Experiment 4,published,source_workbook_C_experiments_4_5_historical_block_2.xlsx,37,4,Theis,sorghum,E4_Theis_AMP99_AMP170_P05,5,single,AMP170,,,100000,100000,E4_Theis_AMP99_AMP170|AMP170|100000,2,1,111
E4_Theis_AMP99_AMP170,Experiment 4,published,source_workbook_C_experiments_4_5_historical_block_2.xlsx,37,4,Theis,sorghum,E4_Theis_AMP99_AMP170_P05,5,single,AMP170,,,100000,100000,E4_Theis_AMP99_AMP170|AMP170|100000,3,1,111
E4_Theis_AMP99_AMP170,Experiment 4,published,source_workbook_C_experiments_4_5_historical_block_2.xlsx,37,5,Theis,sorghum,E4_Theis_AMP99_AMP170_P05,5,single,AMP170,,,50000,50000,E4_Theis_AMP99_AMP170|AMP170|50000,1,1,111
E4_Theis_AMP99_AMP170,Experiment 4,published,source_workbook_C_experiments_4_5_historical_block_2.xlsx,37,5,Theis,sorghum,E4_Theis_AMP99_AMP170_P05,5,single,AMP170,,,50000,50000,E4_Theis_AMP99_AMP170|AMP170|50000,2,1,111
E4_Theis_AMP99_AMP170,Experiment 4,published,source_workbook_C_experiments_4_5_historical_block_2.xlsx,37,5,Theis,sorghum,E4_Theis_AMP99_AMP170_P05,5,single,AMP170,,,50000,50000,E4_Theis_AMP99_AMP170|AMP170|50000,3,1,111
E4_Theis_AMP99_AMP170,Experiment 4,published,source_workbook_C_experiments_4_5_historical_block_2.xlsx,37,6,Theis,sorghum,E4_Theis_AMP99_AMP170_P05,5,single,AMP170,,,10000,10000,E4_Theis_AMP99_AMP170|AMP170|10000,1,1,111
E4_Theis_AMP99_AMP170,Experiment 4,published,source_workbook_C_experiments_4_5_historical_block_2.xlsx,37,6,Theis,sorghum,E4_Theis_AMP99_AMP170_P05,5,single,AMP170,,,10000,10000,E4_Theis_AMP99_AMP170|AMP170|10000,2,1,111
E4_Theis_AMP99_AMP170,Experiment 4,published,source_workbook_C_experiments_4_5_historical_block_2.xlsx,37,6,Theis,sorghum,E4_Theis_AMP99_AMP170_P05,5,single,AMP170,,,10000,10000,E4_Theis_AMP99_AMP170|AMP170|10000,3,1,111
E4_Theis_AMP99_AMP170,Experiment 4,published,source_workbook_C_experiments_4_5_historical_block_2.xlsx,37,7,Theis,sorghum,E4_Theis_AMP99_AMP170_P05,5,single,AMP170,,,5000,5000,E4_Theis_AMP99_AMP170|AMP170|5000,1,1,111
E4_Theis_AMP99_AMP170,Experiment 4,published,source_workbook_C_experiments_4_5_historical_block_2.xlsx,37,7,Theis,sorghum,E4_Theis_AMP99_AMP170_P05,5,single,AMP170,,,5000,5000,E4_Theis_AMP99_AMP170|AMP170|5000,2,1,111
E4_Theis_AMP99_AMP170,Experiment 4,published,source_workbook_C_experiments_4_5_historical_block_2.xlsx,37,7,Theis,sorghum,E4_Theis_AMP99_AMP170_P05,5,single,AMP170,,,5000,5000,E4_Theis_AMP99_AMP170|AMP170|5000,3,1,111
E4_Theis_AMP99_AMP170,Experiment 4,published,source_workbook_C_experiments_4_5_historical_block_2.xlsx,38,2,Theis,sorghum,E4_Theis_AMP99_AMP170_P06,6,single,AMP170,,,1000000,1000000,E4_Theis_AMP99_AMP170|AMP170|1000000,1,2,212
E4_Theis_AMP99_AMP170,Experiment 4,published,source_workbook_C_experiments_4_5_historical_block_2.xlsx,38,2,Theis,sorghum,E4_Theis_AMP99_AMP170_P06,6,single,AMP170,,,1000000,1000000,E4_Theis_AMP99_AMP170|AMP170|1000000,2,1,212
E4_Theis_AMP99_AMP170,Experiment 4,published,source_workbook_C_experiments_4_5_historical_block_2.xlsx,38,2,Theis,sorghum,E4_Theis_AMP99_AMP170_P06,6,single,AMP170,,,1000000,1000000,E4_Theis_AMP99_AMP170|AMP170|1000000,3,2,212
E4_Theis_AMP99_AMP170,Experiment 4,published,source_workbook_C_experiments_4_5_historical_block_2.xlsx,38,3,Theis,sorghum,E4_Theis_AMP99_AMP170_P06,6,single,AMP170,,,500000,500000,E4_Theis_AMP99_AMP170|AMP170|500000,1,1,121
E4_Theis_AMP99_AMP170,Experiment 4,published,source_workbook_C_experiments_4_5_historical_block_2.xlsx,38,3,Theis,sorghum,E4_Theis_AMP99_AMP170_P06,6,single,AMP170,,,500000,500000,E4_Theis_AMP99_AMP170|AMP170|500000,2,2,121
E4_Theis_AMP99_AMP170,Experiment 4,published,source_workbook_C_experiments_4_5_historical_block_2.xlsx,38,3,Theis,sorghum,E4_Theis_AMP99_AMP170_P06,6,single,AMP170,,,500000,500000,E4_Theis_AMP99_AMP170|AMP170|500000,3,1,121
E4_Theis_AMP99_AMP170,Experiment 4,published,source_workbook_C_experiments_4_5_historical_block_2.xlsx,38,4,Theis,sorghum,E4_Theis_AMP99_AMP170_P06,6,single,AMP170,,,100000,100000,E4_Theis_AMP99_AMP170|AMP170|100000,1,1,142
E4_Theis_AMP99_AMP170,Experiment 4,published,source_workbook_C_experiments_4_5_historical_block_2.xlsx,38,4,Theis,sorghum,E4_Theis_AMP99_AMP170_P06,6,single,AMP170,,,100000,100000,E4_Theis_AMP99_AMP170|AMP170|100000,2,4,142
E4_Theis_AMP99_AMP170,Experiment 4,published,source_workbook_C_experiments_4_5_historical_block_2.xlsx,38,4,Theis,sorghum,E4_Theis_AMP99_AMP170_P06,6,single,AMP170,,,100000,100000,E4_Theis_AMP99_AMP170|AMP170|100000,3,2,142
E4_Theis_AMP99_AMP170,Experiment 4,published,source_workbook_C_experiments_4_5_historical_block_2.xlsx,38,5,Theis,sorghum,E4_Theis_AMP99_AMP170_P06,6,single,AMP170,,,50000,50000,E4_Theis_AMP99_AMP170|AMP170|50000,1,1,111
E4_Theis_AMP99_AMP170,Experiment 4,published,source_workbook_C_experiments_4_5_historical_block_2.xlsx,38,5,Theis,sorghum,E4_Theis_AMP99_AMP170_P06,6,single,AMP170,,,50000,50000,E4_Theis_AMP99_AMP170|AMP170|50000,2,1,111
E4_Theis_AMP99_AMP170,Experiment 4,published,source_workbook_C_experiments_4_5_historical_block_2.xlsx,38,5,Theis,sorghum,E4_Theis_AMP99_AMP170_P06,6,single,AMP170,,,50000,50000,E4_Theis_AMP99_AMP170|AMP170|50000,3,1,111
E4_Theis_AMP99_AMP170,Experiment 4,published,source_workbook_C_experiments_4_5_historical_block_2.xlsx,38,6,Theis,sorghum,E4_Theis_AMP99_AMP170_P06,6,single,AMP170,,,10000,10000,E4_Theis_AMP99_AMP170|AMP170|10000,1,1,111
E4_Theis_AMP99_AMP170,Experiment 4,published,source_workbook_C_experiments_4_5_historical_block_2.xlsx,38,6,Theis,sorghum,E4_Theis_AMP99_AMP170_P06,6,single,AMP170,,,10000,10000,E4_Theis_AMP99_AMP170|AMP170|10000,2,1,111
E4_Theis_AMP99_AMP170,Experiment 4,published,source_workbook_C_experiments_4_5_historical_block_2.xlsx,38,6,Theis,sorghum,E4_Theis_AMP99_AMP170_P06,6,single,AMP170,,,10000,10000,E4_Theis_AMP99_AMP170|AMP170|10000,3,1,111
E4_Theis_AMP99_AMP170,Experiment 4,published,source_workbook_C_experiments_4_5_historical_block_2.xlsx,38,7,Theis,sorghum,E4_Theis_AMP99_AMP170_P06,6,single,AMP170,,,5000,5000,E4_Theis_AMP99_AMP170|AMP170|5000,1,1,111
E4_Theis_AMP99_AMP170,Experiment 4,published,source_workbook_C_experiments_4_5_historical_block_2.xlsx,38,7,Theis,sorghum,E4_Theis_AMP99_AMP170_P06,6,single,AMP170,,,5000,5000,E4_Theis_AMP99_AMP170|AMP170|5000,2,1,111
E4_Theis_AMP99_AMP170,Experiment 4,published,source_workbook_C_experiments_4_5_historical_block_2.xlsx,38,7,Theis,sorghum,E4_Theis_AMP99_AMP170_P06,6,single,AMP170,,,5000,5000,E4_Theis_AMP99_AMP170|AMP170|5000,3,1,111
E4_Theis_AMP99_AMP170,Experiment 4,published,source_workbook_C_experiments_4_5_historical_block_2.xlsx,41,2,Theis,sorghum,E4_Theis_AMP99_AMP170_P01,1,mixture,AMP99,AMP170,1:1,1000000,500000,E4_Theis_AMP99_AMP170|AMP99+AMP170|1000000,1,2,222
E4_Theis_AMP99_AMP170,Experiment 4,published,source_workbook_C_experiments_4_5_historical_block_2.xlsx,41,2,Theis,sorghum,E4_Theis_AMP99_AMP170_P01,1,mixture,AMP99,AMP170,1:1,1000000,500000,E4_Theis_AMP99_AMP170|AMP99+AMP170|1000000,2,2,222
E4_Theis_AMP99_AMP170,Experiment 4,published,source_workbook_C_experiments_4_5_historical_block_2.xlsx,41,2,Theis,sorghum,E4_Theis_AMP99_AMP170_P01,1,mixture,AMP99,AMP170,1:1,1000000,500000,E4_Theis_AMP99_AMP170|AMP99+AMP170|1000000,3,2,222
E4_Theis_AMP99_AMP170,Experiment 4,published,source_workbook_C_experiments_4_5_historical_block_2.xlsx,41,3,Theis,sorghum,E4_Theis_AMP99_AMP170_P01,1,mixture,AMP99,AMP170,1:1,100000,50000,E4_Theis_AMP99_AMP170|AMP99+AMP170|100000,1,4,432
E4_Theis_AMP99_AMP170,Experiment 4,published,source_workbook_C_experiments_4_5_historical_block_2.xlsx,41,3,Theis,sorghum,E4_Theis_AMP99_AMP170_P01,1,mixture,AMP99,AMP170,1:1,100000,50000,E4_Theis_AMP99_AMP170|AMP99+AMP170|100000,2,3,432
E4_Theis_AMP99_AMP170,Experiment 4,published,source_workbook_C_experiments_4_5_historical_block_2.xlsx,41,3,Theis,sorghum,E4_Theis_AMP99_AMP170_P01,1,mixture,AMP99,AMP170,1:1,100000,50000,E4_Theis_AMP99_AMP170|AMP99+AMP170|100000,3,2,432
E4_Theis_AMP99_AMP170,Experiment 4,published,source_workbook_C_experiments_4_5_historical_block_2.xlsx,41,4,Theis,sorghum,E4_Theis_AMP99_AMP170_P01,1,mixture,AMP99,AMP170,1:1,10000,5000,E4_Theis_AMP99_AMP170|AMP99+AMP170|10000,1,5,522
E4_Theis_AMP99_AMP170,Experiment 4,published,source_workbook_C_experiments_4_5_historical_block_2.xlsx,41,4,Theis,sorghum,E4_Theis_AMP99_AMP170_P01,1,mixture,AMP99,AMP170,1:1,10000,5000,E4_Theis_AMP99_AMP170|AMP99+AMP170|10000,2,2,522
E4_Theis_AMP99_AMP170,Experiment 4,published,source_workbook_C_experiments_4_5_historical_block_2.xlsx,41,4,Theis,sorghum,E4_Theis_AMP99_AMP170_P01,1,mixture,AMP99,AMP170,1:1,10000,5000,E4_Theis_AMP99_AMP170|AMP99+AMP170|10000,3,2,522
E4_Theis_AMP99_AMP170,Experiment 4,published,source_workbook_C_experiments_4_5_historical_block_2.xlsx,42,2,Theis,sorghum,E4_Theis_AMP99_AMP170_P02,2,mixture,AMP99,AMP170,1:1,1000000,500000,E4_Theis_AMP99_AMP170|AMP99+AMP170|1000000,1,3,344
E4_Theis_AMP99_AMP170,Experiment 4,published,source_workbook_C_experiments_4_5_historical_block_2.xlsx,42,2,Theis,sorghum,E4_Theis_AMP99_AMP170_P02,2,mixture,AMP99,AMP170,1:1,1000000,500000,E4_Theis_AMP99_AMP170|AMP99+AMP170|1000000,2,4,344
E4_Theis_AMP99_AMP170,Experiment 4,published,source_workbook_C_experiments_4_5_historical_block_2.xlsx,42,2,Theis,sorghum,E4_Theis_AMP99_AMP170_P02,2,mixture,AMP99,AMP170,1:1,1000000,500000,E4_Theis_AMP99_AMP170|AMP99+AMP170|1000000,3,4,344
E4_Theis_AMP99_AMP170,Experiment 4,published,source_workbook_C_experiments_4_5_historical_block_2.xlsx,42,3,Theis,sorghum,E4_Theis_AMP99_AMP170_P02,2,mixture,AMP99,AMP170,1:1,100000,50000,E4_Theis_AMP99_AMP170|AMP99+AMP170|100000,1,3,313
E4_Theis_AMP99_AMP170,Experiment 4,published,source_workbook_C_experiments_4_5_historical_block_2.xlsx,42,3,Theis,sorghum,E4_Theis_AMP99_AMP170_P02,2,mixture,AMP99,AMP170,1:1,100000,50000,E4_Theis_AMP99_AMP170|AMP99+AMP170|100000,2,1,313
E4_Theis_AMP99_AMP170,Experiment 4,published,source_workbook_C_experiments_4_5_historical_block_2.xlsx,42,3,Theis,sorghum,E4_Theis_AMP99_AMP170_P02,2,mixture,AMP99,AMP170,1:1,100000,50000,E4_Theis_AMP99_AMP170|AMP99+AMP170|100000,3,3,313
E4_Theis_AMP99_AMP170,Experiment 4,published,source_workbook_C_experiments_4_5_historical_block_2.xlsx,42,4,Theis,sorghum,E4_Theis_AMP99_AMP170_P02,2,mixture,AMP99,AMP170,1:1,10000,5000,E4_Theis_AMP99_AMP170|AMP99+AMP170|10000,1,4,423
E4_Theis_AMP99_AMP170,Experiment 4,published,source_workbook_C_experiments_4_5_historical_block_2.xlsx,42,4,Theis,sorghum,E4_Theis_AMP99_AMP170_P02,2,mixture,AMP99,AMP170,1:1,10000,5000,E4_Theis_AMP99_AMP170|AMP99+AMP170|10000,2,2,423
E4_Theis_AMP99_AMP170,Experiment 4,published,source_workbook_C_experiments_4_5_historical_block_2.xlsx,42,4,Theis,sorghum,E4_Theis_AMP99_AMP170_P02,2,mixture,AMP99,AMP170,1:1,10000,5000,E4_Theis_AMP99_AMP170|AMP99+AMP170|10000,3,3,423
E4_Theis_AMP99_AMP170,Experiment 4,published,source_workbook_C_experiments_4_5_historical_block_2.xlsx,43,2,Theis,sorghum,E4_Theis_AMP99_AMP170_P03,3,mixture,AMP99,AMP170,1:1,1000000,500000,E4_Theis_AMP99_AMP170|AMP99+AMP170|1000000,1,5,542
E4_Theis_AMP99_AMP170,Experiment 4,published,source_workbook_C_experiments_4_5_historical_block_2.xlsx,43,2,Theis,sorghum,E4_Theis_AMP99_AMP170_P03,3,mixture,AMP99,AMP170,1:1,1000000,500000,E4_Theis_AMP99_AMP170|AMP99+AMP170|1000000,2,4,542
E4_Theis_AMP99_AMP170,Experiment 4,published,source_workbook_C_experiments_4_5_historical_block_2.xlsx,43,2,Theis,sorghum,E4_Theis_AMP99_AMP170_P03,3,mixture,AMP99,AMP170,1:1,1000000,500000,E4_Theis_AMP99_AMP170|AMP99+AMP170|1000000,3,2,542
E4_Theis_AMP99_AMP170,Experiment 4,published,source_workbook_C_experiments_4_5_historical_block_2.xlsx,43,3,Theis,sorghum,E4_Theis_AMP99_AMP170_P03,3,mixture,AMP99,AMP170,1:1,100000,50000,E4_Theis_AMP99_AMP170|AMP99+AMP170|100000,1,3,333
E4_Theis_AMP99_AMP170,Experiment 4,published,source_workbook_C_experiments_4_5_historical_block_2.xlsx,43,3,Theis,sorghum,E4_Theis_AMP99_AMP170_P03,3,mixture,AMP99,AMP170,1:1,100000,50000,E4_Theis_AMP99_AMP170|AMP99+AMP170|100000,2,3,333
E4_Theis_AMP99_AMP170,Experiment 4,published,source_workbook_C_experiments_4_5_historical_block_2.xlsx,43,3,Theis,sorghum,E4_Theis_AMP99_AMP170_P03,3,mixture,AMP99,AMP170,1:1,100000,50000,E4_Theis_AMP99_AMP170|AMP99+AMP170|100000,3,3,333
E4_Theis_AMP99_AMP170,Experiment 4,published,source_workbook_C_experiments_4_5_historical_block_2.xlsx,43,4,Theis,sorghum,E4_Theis_AMP99_AMP170_P03,3,mixture,AMP99,AMP170,1:1,10000,5000,E4_Theis_AMP99_AMP170|AMP99+AMP170|10000,1,1,134
E4_Theis_AMP99_AMP170,Experiment 4,published,source_workbook_C_experiments_4_5_historical_block_2.xlsx,43,4,Theis,sorghum,E4_Theis_AMP99_AMP170_P03,3,mixture,AMP99,AMP170,1:1,10000,5000,E4_Theis_AMP99_AMP170|AMP99+AMP170|10000,2,3,134
E4_Theis_AMP99_AMP170,Experiment 4,published,source_workbook_C_experiments_4_5_historical_block_2.xlsx,43,4,Theis,sorghum,E4_Theis_AMP99_AMP170_P03,3,mixture,AMP99,AMP170,1:1,10000,5000,E4_Theis_AMP99_AMP170|AMP99+AMP170|10000,3,4,134
E4_Theis_AMP99_AMP170,Experiment 4,published,source_workbook_C_experiments_4_5_historical_block_2.xlsx,44,2,Theis,sorghum,E4_Theis_AMP99_AMP170_P04,4,mixture,AMP99,AMP170,1:1,1000000,500000,E4_Theis_AMP99_AMP170|AMP99+AMP170|1000000,1,3,344
E4_Theis_AMP99_AMP170,Experiment 4,published,source_workbook_C_experiments_4_5_historical_block_2.xlsx,44,2,Theis,sorghum,E4_Theis_AMP99_AMP170_P04,4,mixture,AMP99,AMP170,1:1,1000000,500000,E4_Theis_AMP99_AMP170|AMP99+AMP170|1000000,2,4,344
E4_Theis_AMP99_AMP170,Experiment 4,published,source_workbook_C_experiments_4_5_historical_block_2.xlsx,44,2,Theis,sorghum,E4_Theis_AMP99_AMP170_P04,4,mixture,AMP99,AMP170,1:1,1000000,500000,E4_Theis_AMP99_AMP170|AMP99+AMP170|1000000,3,4,344
E4_Theis_AMP99_AMP170,Experiment 4,published,source_workbook_C_experiments_4_5_historical_block_2.xlsx,44,3,Theis,sorghum,E4_Theis_AMP99_AMP170_P04,4,mixture,AMP99,AMP170,1:1,100000,50000,E4_Theis_AMP99_AMP170|AMP99+AMP170|100000,1,3,331
E4_Theis_AMP99_AMP170,Experiment 4,published,source_workbook_C_experiments_4_5_historical_block_2.xlsx,44,3,Theis,sorghum,E4_Theis_AMP99_AMP170_P04,4,mixture,AMP99,AMP170,1:1,100000,50000,E4_Theis_AMP99_AMP170|AMP99+AMP170|100000,2,3,331
E4_Theis_AMP99_AMP170,Experiment 4,published,source_workbook_C_experiments_4_5_historical_block_2.xlsx,44,3,Theis,sorghum,E4_Theis_AMP99_AMP170_P04,4,mixture,AMP99,AMP170,1:1,100000,50000,E4_Theis_AMP99_AMP170|AMP99+AMP170|100000,3,1,331
E4_Theis_AMP99_AMP170,Experiment 4,published,source_workbook_C_experiments_4_5_historical_block_2.xlsx,44,4,Theis,sorghum,E4_Theis_AMP99_AMP170_P04,4,mixture,AMP99,AMP170,1:1,10000,5000,E4_Theis_AMP99_AMP170|AMP99+AMP170|10000,1,2,212
E4_Theis_AMP99_AMP170,Experiment 4,published,source_workbook_C_experiments_4_5_historical_block_2.xlsx,44,4,Theis,sorghum,E4_Theis_AMP99_AMP170_P04,4,mixture,AMP99,AMP170,1:1,10000,5000,E4_Theis_AMP99_AMP170|AMP99+AMP170|10000,2,1,212
E4_Theis_AMP99_AMP170,Experiment 4,published,source_workbook_C_experiments_4_5_historical_block_2.xlsx,44,4,Theis,sorghum,E4_Theis_AMP99_AMP170_P04,4,mixture,AMP99,AMP170,1:1,10000,5000,E4_Theis_AMP99_AMP170|AMP99+AMP170|10000,3,2,212
E4_Theis_AMP99_AMP170,Experiment 4,published,source_workbook_C_experiments_4_5_historical_block_2.xlsx,45,2,Theis,sorghum,E4_Theis_AMP99_AMP170_P05,5,mixture,AMP99,AMP170,1:1,1000000,500000,E4_Theis_AMP99_AMP170|AMP99+AMP170|1000000,1,4,422
E4_Theis_AMP99_AMP170,Experiment 4,published,source_workbook_C_experiments_4_5_historical_block_2.xlsx,45,2,Theis,sorghum,E4_Theis_AMP99_AMP170_P05,5,mixture,AMP99,AMP170,1:1,1000000,500000,E4_Theis_AMP99_AMP170|AMP99+AMP170|1000000,2,2,422
E4_Theis_AMP99_AMP170,Experiment 4,published,source_workbook_C_experiments_4_5_historical_block_2.xlsx,45,2,Theis,sorghum,E4_Theis_AMP99_AMP170_P05,5,mixture,AMP99,AMP170,1:1,1000000,500000,E4_Theis_AMP99_AMP170|AMP99+AMP170|1000000,3,2,422
E4_Theis_AMP99_AMP170,Experiment 4,published,source_workbook_C_experiments_4_5_historical_block_2.xlsx,45,3,Theis,sorghum,E4_Theis_AMP99_AMP170_P05,5,mixture,AMP99,AMP170,1:1,100000,50000,E4_Theis_AMP99_AMP170|AMP99+AMP170|100000,1,1,134
E4_Theis_AMP99_AMP170,Experiment 4,published,source_workbook_C_experiments_4_5_historical_block_2.xlsx,45,3,Theis,sorghum,E4_Theis_AMP99_AMP170_P05,5,mixture,AMP99,AMP170,1:1,100000,50000,E4_Theis_AMP99_AMP170|AMP99+AMP170|100000,2,3,134
E4_Theis_AMP99_AMP170,Experiment 4,published,source_workbook_C_experiments_4_5_historical_block_2.xlsx,45,3,Theis,sorghum,E4_Theis_AMP99_AMP170_P05,5,mixture,AMP99,AMP170,1:1,100000,50000,E4_Theis_AMP99_AMP170|AMP99+AMP170|100000,3,4,134
E4_Theis_AMP99_AMP170,Experiment 4,published,source_workbook_C_experiments_4_5_historical_block_2.xlsx,45,4,Theis,sorghum,E4_Theis_AMP99_AMP170_P05,5,mixture,AMP99,AMP170,1:1,10000,5000,E4_Theis_AMP99_AMP170|AMP99+AMP170|10000,1,1,111
E4_Theis_AMP99_AMP170,Experiment 4,published,source_workbook_C_experiments_4_5_historical_block_2.xlsx,45,4,Theis,sorghum,E4_Theis_AMP99_AMP170_P05,5,mixture,AMP99,AMP170,1:1,10000,5000,E4_Theis_AMP99_AMP170|AMP99+AMP170|10000,2,1,111
E4_Theis_AMP99_AMP170,Experiment 4,published,source_workbook_C_experiments_4_5_historical_block_2.xlsx,45,4,Theis,sorghum,E4_Theis_AMP99_AMP170_P05,5,mixture,AMP99,AMP170,1:1,10000,5000,E4_Theis_AMP99_AMP170|AMP99+AMP170|10000,3,1,111
E4_Theis_AMP99_AMP170,Experiment 4,published,source_workbook_C_experiments_4_5_historical_block_2.xlsx,46,2,Theis,sorghum,E4_Theis_AMP99_AMP170_P06,6,mixture,AMP99,AMP170,1:1,1000000,500000,E4_Theis_AMP99_AMP170|AMP99+AMP170|1000000,1,4,444
E4_Theis_AMP99_AMP170,Experiment 4,published,source_workbook_C_experiments_4_5_historical_block_2.xlsx,46,2,Theis,sorghum,E4_Theis_AMP99_AMP170_P06,6,mixture,AMP99,AMP170,1:1,1000000,500000,E4_Theis_AMP99_AMP170|AMP99+AMP170|1000000,2,4,444
E4_Theis_AMP99_AMP170,Experiment 4,published,source_workbook_C_experiments_4_5_historical_block_2.xlsx,46,2,Theis,sorghum,E4_Theis_AMP99_AMP170_P06,6,mixture,AMP99,AMP170,1:1,1000000,500000,E4_Theis_AMP99_AMP170|AMP99+AMP170|1000000,3,4,444
E4_Theis_AMP99_AMP170,Experiment 4,published,source_workbook_C_experiments_4_5_historical_block_2.xlsx,46,3,Theis,sorghum,E4_Theis_AMP99_AMP170_P06,6,mixture,AMP99,AMP170,1:1,100000,50000,E4_Theis_AMP99_AMP170|AMP99+AMP170|100000,1,3,331
E4_Theis_AMP99_AMP170,Experiment 4,published,source_workbook_C_experiments_4_5_historical_block_2.xlsx,46,3,Theis,sorghum,E4_Theis_AMP99_AMP170_P06,6,mixture,AMP99,AMP170,1:1,100000,50000,E4_Theis_AMP99_AMP170|AMP99+AMP170|100000,2,3,331
E4_Theis_AMP99_AMP170,Experiment 4,published,source_workbook_C_experiments_4_5_historical_block_2.xlsx,46,3,Theis,sorghum,E4_Theis_AMP99_AMP170_P06,6,mixture,AMP99,AMP170,1:1,100000,50000,E4_Theis_AMP99_AMP170|AMP99+AMP170|100000,3,1,331
E4_Theis_AMP99_AMP170,Experiment 4,published,source_workbook_C_experiments_4_5_historical_block_2.xlsx,46,4,Theis,sorghum,E4_Theis_AMP99_AMP170_P06,6,mixture,AMP99,AMP170,1:1,10000,5000,E4_Theis_AMP99_AMP170|AMP99+AMP170|10000,1,1,113
E4_Theis_AMP99_AMP170,Experiment 4,published,source_workbook_C_experiments_4_5_historical_block_2.xlsx,46,4,Theis,sorghum,E4_Theis_AMP99_AMP170_P06,6,mixture,AMP99,AMP170,1:1,10000,5000,E4_Theis_AMP99_AMP170|AMP99+AMP170|10000,2,1,113
E4_Theis_AMP99_AMP170,Experiment 4,published,source_workbook_C_experiments_4_5_historical_block_2.xlsx,46,4,Theis,sorghum,E4_Theis_AMP99_AMP170_P06,6,mixture,AMP99,AMP170,1:1,10000,5000,E4_Theis_AMP99_AMP170|AMP99+AMP170|10000,3,3,113
E5_SH1152_FSP35_FSP53,Experiment 5,published,source_workbook_C_experiments_4_5_historical_block_2.xlsx,49,2,SH1152,johnsongrass,E5_SH1152_FSP35_FSP53_P01,1,single,FSP35,,,1000000,1000000,E5_SH1152_FSP35_FSP53|FSP35|1000000,1,2,224
E5_SH1152_FSP35_FSP53,Experiment 5,published,source_workbook_C_experiments_4_5_historical_block_2.xlsx,49,2,SH1152,johnsongrass,E5_SH1152_FSP35_FSP53_P01,1,single,FSP35,,,1000000,1000000,E5_SH1152_FSP35_FSP53|FSP35|1000000,2,2,224
E5_SH1152_FSP35_FSP53,Experiment 5,published,source_workbook_C_experiments_4_5_historical_block_2.xlsx,49,2,SH1152,johnsongrass,E5_SH1152_FSP35_FSP53_P01,1,single,FSP35,,,1000000,1000000,E5_SH1152_FSP35_FSP53|FSP35|1000000,3,4,224
E5_SH1152_FSP35_FSP53,Experiment 5,published,source_workbook_C_experiments_4_5_historical_block_2.xlsx,49,3,SH1152,johnsongrass,E5_SH1152_FSP35_FSP53_P01,1,single,FSP35,,,500000,500000,E5_SH1152_FSP35_FSP53|FSP35|500000,1,3,332
E5_SH1152_FSP35_FSP53,Experiment 5,published,source_workbook_C_experiments_4_5_historical_block_2.xlsx,49,3,SH1152,johnsongrass,E5_SH1152_FSP35_FSP53_P01,1,single,FSP35,,,500000,500000,E5_SH1152_FSP35_FSP53|FSP35|500000,2,3,332
E5_SH1152_FSP35_FSP53,Experiment 5,published,source_workbook_C_experiments_4_5_historical_block_2.xlsx,49,3,SH1152,johnsongrass,E5_SH1152_FSP35_FSP53_P01,1,single,FSP35,,,500000,500000,E5_SH1152_FSP35_FSP53|FSP35|500000,3,2,332
E5_SH1152_FSP35_FSP53,Experiment 5,published,source_workbook_C_experiments_4_5_historical_block_2.xlsx,49,4,SH1152,johnsongrass,E5_SH1152_FSP35_FSP53_P01,1,single,FSP35,,,100000,100000,E5_SH1152_FSP35_FSP53|FSP35|100000,1,3,311
E5_SH1152_FSP35_FSP53,Experiment 5,published,source_workbook_C_experiments_4_5_historical_block_2.xlsx,49,4,SH1152,johnsongrass,E5_SH1152_FSP35_FSP53_P01,1,single,FSP35,,,100000,100000,E5_SH1152_FSP35_FSP53|FSP35|100000,2,1,311
E5_SH1152_FSP35_FSP53,Experiment 5,published,source_workbook_C_experiments_4_5_historical_block_2.xlsx,49,4,SH1152,johnsongrass,E5_SH1152_FSP35_FSP53_P01,1,single,FSP35,,,100000,100000,E5_SH1152_FSP35_FSP53|FSP35|100000,3,1,311
E5_SH1152_FSP35_FSP53,Experiment 5,published,source_workbook_C_experiments_4_5_historical_block_2.xlsx,49,5,SH1152,johnsongrass,E5_SH1152_FSP35_FSP53_P01,1,single,FSP35,,,50000,50000,E5_SH1152_FSP35_FSP53|FSP35|50000,1,3,321
E5_SH1152_FSP35_FSP53,Experiment 5,published,source_workbook_C_experiments_4_5_historical_block_2.xlsx,49,5,SH1152,johnsongrass,E5_SH1152_FSP35_FSP53_P01,1,single,FSP35,,,50000,50000,E5_SH1152_FSP35_FSP53|FSP35|50000,2,2,321
E5_SH1152_FSP35_FSP53,Experiment 5,published,source_workbook_C_experiments_4_5_historical_block_2.xlsx,49,5,SH1152,johnsongrass,E5_SH1152_FSP35_FSP53_P01,1,single,FSP35,,,50000,50000,E5_SH1152_FSP35_FSP53|FSP35|50000,3,1,321
E5_SH1152_FSP35_FSP53,Experiment 5,published,source_workbook_C_experiments_4_5_historical_block_2.xlsx,49,6,SH1152,johnsongrass,E5_SH1152_FSP35_FSP53_P01,1,single,FSP35,,,10000,10000,E5_SH1152_FSP35_FSP53|FSP35|10000,1,1,111
E5_SH1152_FSP35_FSP53,Experiment 5,published,source_workbook_C_experiments_4_5_historical_block_2.xlsx,49,6,SH1152,johnsongrass,E5_SH1152_FSP35_FSP53_P01,1,single,FSP35,,,10000,10000,E5_SH1152_FSP35_FSP53|FSP35|10000,2,1,111
E5_SH1152_FSP35_FSP53,Experiment 5,published,source_workbook_C_experiments_4_5_historical_block_2.xlsx,49,6,SH1152,johnsongrass,E5_SH1152_FSP35_FSP53_P01,1,single,FSP35,,,10000,10000,E5_SH1152_FSP35_FSP53|FSP35|10000,3,1,111
E5_SH1152_FSP35_FSP53,Experiment 5,published,source_workbook_C_experiments_4_5_historical_block_2.xlsx,49,7,SH1152,johnsongrass,E5_SH1152_FSP35_FSP53_P01,1,single,FSP35,,,5000,5000,E5_SH1152_FSP35_FSP53|FSP35|5000,1,1,111
E5_SH1152_FSP35_FSP53,Experiment 5,published,source_workbook_C_experiments_4_5_historical_block_2.xlsx,49,7,SH1152,johnsongrass,E5_SH1152_FSP35_FSP53_P01,1,single,FSP35,,,5000,5000,E5_SH1152_FSP35_FSP53|FSP35|5000,2,1,111
E5_SH1152_FSP35_FSP53,Experiment 5,published,source_workbook_C_experiments_4_5_historical_block_2.xlsx,49,7,SH1152,johnsongrass,E5_SH1152_FSP35_FSP53_P01,1,single,FSP35,,,5000,5000,E5_SH1152_FSP35_FSP53|FSP35|5000,3,1,111
E5_SH1152_FSP35_FSP53,Experiment 5,published,source_workbook_C_experiments_4_5_historical_block_2.xlsx,50,2,SH1152,johnsongrass,E5_SH1152_FSP35_FSP53_P02,2,single,FSP35,,,1000000,1000000,E5_SH1152_FSP35_FSP53|FSP35|1000000,1,2,232
E5_SH1152_FSP35_FSP53,Experiment 5,published,source_workbook_C_experiments_4_5_historical_block_2.xlsx,50,2,SH1152,johnsongrass,E5_SH1152_FSP35_FSP53_P02,2,single,FSP35,,,1000000,1000000,E5_SH1152_FSP35_FSP53|FSP35|1000000,2,3,232
E5_SH1152_FSP35_FSP53,Experiment 5,published,source_workbook_C_experiments_4_5_historical_block_2.xlsx,50,2,SH1152,johnsongrass,E5_SH1152_FSP35_FSP53_P02,2,single,FSP35,,,1000000,1000000,E5_SH1152_FSP35_FSP53|FSP35|1000000,3,2,232
E5_SH1152_FSP35_FSP53,Experiment 5,published,source_workbook_C_experiments_4_5_historical_block_2.xlsx,50,3,SH1152,johnsongrass,E5_SH1152_FSP35_FSP53_P02,2,single,FSP35,,,500000,500000,E5_SH1152_FSP35_FSP53|FSP35|500000,1,1,121
E5_SH1152_FSP35_FSP53,Experiment 5,published,source_workbook_C_experiments_4_5_historical_block_2.xlsx,50,3,SH1152,johnsongrass,E5_SH1152_FSP35_FSP53_P02,2,single,FSP35,,,500000,500000,E5_SH1152_FSP35_FSP53|FSP35|500000,2,2,121
E5_SH1152_FSP35_FSP53,Experiment 5,published,source_workbook_C_experiments_4_5_historical_block_2.xlsx,50,3,SH1152,johnsongrass,E5_SH1152_FSP35_FSP53_P02,2,single,FSP35,,,500000,500000,E5_SH1152_FSP35_FSP53|FSP35|500000,3,1,121
E5_SH1152_FSP35_FSP53,Experiment 5,published,source_workbook_C_experiments_4_5_historical_block_2.xlsx,50,4,SH1152,johnsongrass,E5_SH1152_FSP35_FSP53_P02,2,single,FSP35,,,100000,100000,E5_SH1152_FSP35_FSP53|FSP35|100000,1,1,111
E5_SH1152_FSP35_FSP53,Experiment 5,published,source_workbook_C_experiments_4_5_historical_block_2.xlsx,50,4,SH1152,johnsongrass,E5_SH1152_FSP35_FSP53_P02,2,single,FSP35,,,100000,100000,E5_SH1152_FSP35_FSP53|FSP35|100000,2,1,111
E5_SH1152_FSP35_FSP53,Experiment 5,published,source_workbook_C_experiments_4_5_historical_block_2.xlsx,50,4,SH1152,johnsongrass,E5_SH1152_FSP35_FSP53_P02,2,single,FSP35,,,100000,100000,E5_SH1152_FSP35_FSP53|FSP35|100000,3,1,111
E5_SH1152_FSP35_FSP53,Experiment 5,published,source_workbook_C_experiments_4_5_historical_block_2.xlsx,50,5,SH1152,johnsongrass,E5_SH1152_FSP35_FSP53_P02,2,single,FSP35,,,50000,50000,E5_SH1152_FSP35_FSP53|FSP35|50000,1,1,111
E5_SH1152_FSP35_FSP53,Experiment 5,published,source_workbook_C_experiments_4_5_historical_block_2.xlsx,50,5,SH1152,johnsongrass,E5_SH1152_FSP35_FSP53_P02,2,single,FSP35,,,50000,50000,E5_SH1152_FSP35_FSP53|FSP35|50000,2,1,111
E5_SH1152_FSP35_FSP53,Experiment 5,published,source_workbook_C_experiments_4_5_historical_block_2.xlsx,50,5,SH1152,johnsongrass,E5_SH1152_FSP35_FSP53_P02,2,single,FSP35,,,50000,50000,E5_SH1152_FSP35_FSP53|FSP35|50000,3,1,111
E5_SH1152_FSP35_FSP53,Experiment 5,published,source_workbook_C_experiments_4_5_historical_block_2.xlsx,50,6,SH1152,johnsongrass,E5_SH1152_FSP35_FSP53_P02,2,single,FSP35,,,10000,10000,E5_SH1152_FSP35_FSP53|FSP35|10000,1,1,111
E5_SH1152_FSP35_FSP53,Experiment 5,published,source_workbook_C_experiments_4_5_historical_block_2.xlsx,50,6,SH1152,johnsongrass,E5_SH1152_FSP35_FSP53_P02,2,single,FSP35,,,10000,10000,E5_SH1152_FSP35_FSP53|FSP35|10000,2,1,111
E5_SH1152_FSP35_FSP53,Experiment 5,published,source_workbook_C_experiments_4_5_historical_block_2.xlsx,50,6,SH1152,johnsongrass,E5_SH1152_FSP35_FSP53_P02,2,single,FSP35,,,10000,10000,E5_SH1152_FSP35_FSP53|FSP35|10000,3,1,111
E5_SH1152_FSP35_FSP53,Experiment 5,published,source_workbook_C_experiments_4_5_historical_block_2.xlsx,50,7,SH1152,johnsongrass,E5_SH1152_FSP35_FSP53_P02,2,single,FSP35,,,5000,5000,E5_SH1152_FSP35_FSP53|FSP35|5000,1,1,111
E5_SH1152_FSP35_FSP53,Experiment 5,published,source_workbook_C_experiments_4_5_historical_block_2.xlsx,50,7,SH1152,johnsongrass,E5_SH1152_FSP35_FSP53_P02,2,single,FSP35,,,5000,5000,E5_SH1152_FSP35_FSP53|FSP35|5000,2,1,111
E5_SH1152_FSP35_FSP53,Experiment 5,published,source_workbook_C_experiments_4_5_historical_block_2.xlsx,50,7,SH1152,johnsongrass,E5_SH1152_FSP35_FSP53_P02,2,single,FSP35,,,5000,5000,E5_SH1152_FSP35_FSP53|FSP35|5000,3,1,111
E5_SH1152_FSP35_FSP53,Experiment 5,published,source_workbook_C_experiments_4_5_historical_block_2.xlsx,51,2,SH1152,johnsongrass,E5_SH1152_FSP35_FSP53_P03,3,single,FSP35,,,1000000,1000000,E5_SH1152_FSP35_FSP53|FSP35|1000000,1,2,222
E5_SH1152_FSP35_FSP53,Experiment 5,published,source_workbook_C_experiments_4_5_historical_block_2.xlsx,51,2,SH1152,johnsongrass,E5_SH1152_FSP35_FSP53_P03,3,single,FSP35,,,1000000,1000000,E5_SH1152_FSP35_FSP53|FSP35|1000000,2,2,222
E5_SH1152_FSP35_FSP53,Experiment 5,published,source_workbook_C_experiments_4_5_historical_block_2.xlsx,51,2,SH1152,johnsongrass,E5_SH1152_FSP35_FSP53_P03,3,single,FSP35,,,1000000,1000000,E5_SH1152_FSP35_FSP53|FSP35|1000000,3,2,222
E5_SH1152_FSP35_FSP53,Experiment 5,published,source_workbook_C_experiments_4_5_historical_block_2.xlsx,51,3,SH1152,johnsongrass,E5_SH1152_FSP35_FSP53_P03,3,single,FSP35,,,500000,500000,E5_SH1152_FSP35_FSP53|FSP35|500000,1,1,111
E5_SH1152_FSP35_FSP53,Experiment 5,published,source_workbook_C_experiments_4_5_historical_block_2.xlsx,51,3,SH1152,johnsongrass,E5_SH1152_FSP35_FSP53_P03,3,single,FSP35,,,500000,500000,E5_SH1152_FSP35_FSP53|FSP35|500000,2,1,111
E5_SH1152_FSP35_FSP53,Experiment 5,published,source_workbook_C_experiments_4_5_historical_block_2.xlsx,51,3,SH1152,johnsongrass,E5_SH1152_FSP35_FSP53_P03,3,single,FSP35,,,500000,500000,E5_SH1152_FSP35_FSP53|FSP35|500000,3,1,111
E5_SH1152_FSP35_FSP53,Experiment 5,published,source_workbook_C_experiments_4_5_historical_block_2.xlsx,51,4,SH1152,johnsongrass,E5_SH1152_FSP35_FSP53_P03,3,single,FSP35,,,100000,100000,E5_SH1152_FSP35_FSP53|FSP35|100000,1,1,111
E5_SH1152_FSP35_FSP53,Experiment 5,published,source_workbook_C_experiments_4_5_historical_block_2.xlsx,51,4,SH1152,johnsongrass,E5_SH1152_FSP35_FSP53_P03,3,single,FSP35,,,100000,100000,E5_SH1152_FSP35_FSP53|FSP35|100000,2,1,111
E5_SH1152_FSP35_FSP53,Experiment 5,published,source_workbook_C_experiments_4_5_historical_block_2.xlsx,51,4,SH1152,johnsongrass,E5_SH1152_FSP35_FSP53_P03,3,single,FSP35,,,100000,100000,E5_SH1152_FSP35_FSP53|FSP35|100000,3,1,111
E5_SH1152_FSP35_FSP53,Experiment 5,published,source_workbook_C_experiments_4_5_historical_block_2.xlsx,51,5,SH1152,johnsongrass,E5_SH1152_FSP35_FSP53_P03,3,single,FSP35,,,50000,50000,E5_SH1152_FSP35_FSP53|FSP35|50000,1,1,121
E5_SH1152_FSP35_FSP53,Experiment 5,published,source_workbook_C_experiments_4_5_historical_block_2.xlsx,51,5,SH1152,johnsongrass,E5_SH1152_FSP35_FSP53_P03,3,single,FSP35,,,50000,50000,E5_SH1152_FSP35_FSP53|FSP35|50000,2,2,121
E5_SH1152_FSP35_FSP53,Experiment 5,published,source_workbook_C_experiments_4_5_historical_block_2.xlsx,51,5,SH1152,johnsongrass,E5_SH1152_FSP35_FSP53_P03,3,single,FSP35,,,50000,50000,E5_SH1152_FSP35_FSP53|FSP35|50000,3,1,121
E5_SH1152_FSP35_FSP53,Experiment 5,published,source_workbook_C_experiments_4_5_historical_block_2.xlsx,51,6,SH1152,johnsongrass,E5_SH1152_FSP35_FSP53_P03,3,single,FSP35,,,10000,10000,E5_SH1152_FSP35_FSP53|FSP35|10000,1,1,111
E5_SH1152_FSP35_FSP53,Experiment 5,published,source_workbook_C_experiments_4_5_historical_block_2.xlsx,51,6,SH1152,johnsongrass,E5_SH1152_FSP35_FSP53_P03,3,single,FSP35,,,10000,10000,E5_SH1152_FSP35_FSP53|FSP35|10000,2,1,111
E5_SH1152_FSP35_FSP53,Experiment 5,published,source_workbook_C_experiments_4_5_historical_block_2.xlsx,51,6,SH1152,johnsongrass,E5_SH1152_FSP35_FSP53_P03,3,single,FSP35,,,10000,10000,E5_SH1152_FSP35_FSP53|FSP35|10000,3,1,111
E5_SH1152_FSP35_FSP53,Experiment 5,published,source_workbook_C_experiments_4_5_historical_block_2.xlsx,51,7,SH1152,johnsongrass,E5_SH1152_FSP35_FSP53_P03,3,single,FSP35,,,5000,5000,E5_SH1152_FSP35_FSP53|FSP35|5000,1,1,111
E5_SH1152_FSP35_FSP53,Experiment 5,published,source_workbook_C_experiments_4_5_historical_block_2.xlsx,51,7,SH1152,johnsongrass,E5_SH1152_FSP35_FSP53_P03,3,single,FSP35,,,5000,5000,E5_SH1152_FSP35_FSP53|FSP35|5000,2,1,111
E5_SH1152_FSP35_FSP53,Experiment 5,published,source_workbook_C_experiments_4_5_historical_block_2.xlsx,51,7,SH1152,johnsongrass,E5_SH1152_FSP35_FSP53_P03,3,single,FSP35,,,5000,5000,E5_SH1152_FSP35_FSP53|FSP35|5000,3,1,111
E5_SH1152_FSP35_FSP53,Experiment 5,published,source_workbook_C_experiments_4_5_historical_block_2.xlsx,52,2,SH1152,johnsongrass,E5_SH1152_FSP35_FSP53_P04,4,single,FSP35,,,1000000,1000000,E5_SH1152_FSP35_FSP53|FSP35|1000000,1,2,222
E5_SH1152_FSP35_FSP53,Experiment 5,published,source_workbook_C_experiments_4_5_historical_block_2.xlsx,52,2,SH1152,johnsongrass,E5_SH1152_FSP35_FSP53_P04,4,single,FSP35,,,1000000,1000000,E5_SH1152_FSP35_FSP53|FSP35|1000000,2,2,222
E5_SH1152_FSP35_FSP53,Experiment 5,published,source_workbook_C_experiments_4_5_historical_block_2.xlsx,52,2,SH1152,johnsongrass,E5_SH1152_FSP35_FSP53_P04,4,single,FSP35,,,1000000,1000000,E5_SH1152_FSP35_FSP53|FSP35|1000000,3,2,222
E5_SH1152_FSP35_FSP53,Experiment 5,published,source_workbook_C_experiments_4_5_historical_block_2.xlsx,52,3,SH1152,johnsongrass,E5_SH1152_FSP35_FSP53_P04,4,single,FSP35,,,500000,500000,E5_SH1152_FSP35_FSP53|FSP35|500000,1,1,111
E5_SH1152_FSP35_FSP53,Experiment 5,published,source_workbook_C_experiments_4_5_historical_block_2.xlsx,52,3,SH1152,johnsongrass,E5_SH1152_FSP35_FSP53_P04,4,single,FSP35,,,500000,500000,E5_SH1152_FSP35_FSP53|FSP35|500000,2,1,111
E5_SH1152_FSP35_FSP53,Experiment 5,published,source_workbook_C_experiments_4_5_historical_block_2.xlsx,52,3,SH1152,johnsongrass,E5_SH1152_FSP35_FSP53_P04,4,single,FSP35,,,500000,500000,E5_SH1152_FSP35_FSP53|FSP35|500000,3,1,111
E5_SH1152_FSP35_FSP53,Experiment 5,published,source_workbook_C_experiments_4_5_historical_block_2.xlsx,52,4,SH1152,johnsongrass,E5_SH1152_FSP35_FSP53_P04,4,single,FSP35,,,100000,100000,E5_SH1152_FSP35_FSP53|FSP35|100000,1,1,111
E5_SH1152_FSP35_FSP53,Experiment 5,published,source_workbook_C_experiments_4_5_historical_block_2.xlsx,52,4,SH1152,johnsongrass,E5_SH1152_FSP35_FSP53_P04,4,single,FSP35,,,100000,100000,E5_SH1152_FSP35_FSP53|FSP35|100000,2,1,111
E5_SH1152_FSP35_FSP53,Experiment 5,published,source_workbook_C_experiments_4_5_historical_block_2.xlsx,52,4,SH1152,johnsongrass,E5_SH1152_FSP35_FSP53_P04,4,single,FSP35,,,100000,100000,E5_SH1152_FSP35_FSP53|FSP35|100000,3,1,111
E5_SH1152_FSP35_FSP53,Experiment 5,published,source_workbook_C_experiments_4_5_historical_block_2.xlsx,52,5,SH1152,johnsongrass,E5_SH1152_FSP35_FSP53_P04,4,single,FSP35,,,50000,50000,E5_SH1152_FSP35_FSP53|FSP35|50000,1,1,111
E5_SH1152_FSP35_FSP53,Experiment 5,published,source_workbook_C_experiments_4_5_historical_block_2.xlsx,52,5,SH1152,johnsongrass,E5_SH1152_FSP35_FSP53_P04,4,single,FSP35,,,50000,50000,E5_SH1152_FSP35_FSP53|FSP35|50000,2,1,111
E5_SH1152_FSP35_FSP53,Experiment 5,published,source_workbook_C_experiments_4_5_historical_block_2.xlsx,52,5,SH1152,johnsongrass,E5_SH1152_FSP35_FSP53_P04,4,single,FSP35,,,50000,50000,E5_SH1152_FSP35_FSP53|FSP35|50000,3,1,111
E5_SH1152_FSP35_FSP53,Experiment 5,published,source_workbook_C_experiments_4_5_historical_block_2.xlsx,52,6,SH1152,johnsongrass,E5_SH1152_FSP35_FSP53_P04,4,single,FSP35,,,10000,10000,E5_SH1152_FSP35_FSP53|FSP35|10000,1,1,111
E5_SH1152_FSP35_FSP53,Experiment 5,published,source_workbook_C_experiments_4_5_historical_block_2.xlsx,52,6,SH1152,johnsongrass,E5_SH1152_FSP35_FSP53_P04,4,single,FSP35,,,10000,10000,E5_SH1152_FSP35_FSP53|FSP35|10000,2,1,111
E5_SH1152_FSP35_FSP53,Experiment 5,published,source_workbook_C_experiments_4_5_historical_block_2.xlsx,52,6,SH1152,johnsongrass,E5_SH1152_FSP35_FSP53_P04,4,single,FSP35,,,10000,10000,E5_SH1152_FSP35_FSP53|FSP35|10000,3,1,111
E5_SH1152_FSP35_FSP53,Experiment 5,published,source_workbook_C_experiments_4_5_historical_block_2.xlsx,52,7,SH1152,johnsongrass,E5_SH1152_FSP35_FSP53_P04,4,single,FSP35,,,5000,5000,E5_SH1152_FSP35_FSP53|FSP35|5000,1,1,111
E5_SH1152_FSP35_FSP53,Experiment 5,published,source_workbook_C_experiments_4_5_historical_block_2.xlsx,52,7,SH1152,johnsongrass,E5_SH1152_FSP35_FSP53_P04,4,single,FSP35,,,5000,5000,E5_SH1152_FSP35_FSP53|FSP35|5000,2,1,111
E5_SH1152_FSP35_FSP53,Experiment 5,published,source_workbook_C_experiments_4_5_historical_block_2.xlsx,52,7,SH1152,johnsongrass,E5_SH1152_FSP35_FSP53_P04,4,single,FSP35,,,5000,5000,E5_SH1152_FSP35_FSP53|FSP35|5000,3,1,111
E5_SH1152_FSP35_FSP53,Experiment 5,published,source_workbook_C_experiments_4_5_historical_block_2.xlsx,53,2,SH1152,johnsongrass,E5_SH1152_FSP35_FSP53_P05,5,single,FSP35,,,1000000,1000000,E5_SH1152_FSP35_FSP53|FSP35|1000000,1,2,245
E5_SH1152_FSP35_FSP53,Experiment 5,published,source_workbook_C_experiments_4_5_historical_block_2.xlsx,53,2,SH1152,johnsongrass,E5_SH1152_FSP35_FSP53_P05,5,single,FSP35,,,1000000,1000000,E5_SH1152_FSP35_FSP53|FSP35|1000000,2,4,245
E5_SH1152_FSP35_FSP53,Experiment 5,published,source_workbook_C_experiments_4_5_historical_block_2.xlsx,53,2,SH1152,johnsongrass,E5_SH1152_FSP35_FSP53_P05,5,single,FSP35,,,1000000,1000000,E5_SH1152_FSP35_FSP53|FSP35|1000000,3,5,245
E5_SH1152_FSP35_FSP53,Experiment 5,published,source_workbook_C_experiments_4_5_historical_block_2.xlsx,53,3,SH1152,johnsongrass,E5_SH1152_FSP35_FSP53_P05,5,single,FSP35,,,500000,500000,E5_SH1152_FSP35_FSP53|FSP35|500000,1,5,521
E5_SH1152_FSP35_FSP53,Experiment 5,published,source_workbook_C_experiments_4_5_historical_block_2.xlsx,53,3,SH1152,johnsongrass,E5_SH1152_FSP35_FSP53_P05,5,single,FSP35,,,500000,500000,E5_SH1152_FSP35_FSP53|FSP35|500000,2,2,521
E5_SH1152_FSP35_FSP53,Experiment 5,published,source_workbook_C_experiments_4_5_historical_block_2.xlsx,53,3,SH1152,johnsongrass,E5_SH1152_FSP35_FSP53_P05,5,single,FSP35,,,500000,500000,E5_SH1152_FSP35_FSP53|FSP35|500000,3,1,521
E5_SH1152_FSP35_FSP53,Experiment 5,published,source_workbook_C_experiments_4_5_historical_block_2.xlsx,53,4,SH1152,johnsongrass,E5_SH1152_FSP35_FSP53_P05,5,single,FSP35,,,100000,100000,E5_SH1152_FSP35_FSP53|FSP35|100000,1,1,111
E5_SH1152_FSP35_FSP53,Experiment 5,published,source_workbook_C_experiments_4_5_historical_block_2.xlsx,53,4,SH1152,johnsongrass,E5_SH1152_FSP35_FSP53_P05,5,single,FSP35,,,100000,100000,E5_SH1152_FSP35_FSP53|FSP35|100000,2,1,111
E5_SH1152_FSP35_FSP53,Experiment 5,published,source_workbook_C_experiments_4_5_historical_block_2.xlsx,53,4,SH1152,johnsongrass,E5_SH1152_FSP35_FSP53_P05,5,single,FSP35,,,100000,100000,E5_SH1152_FSP35_FSP53|FSP35|100000,3,1,111
E5_SH1152_FSP35_FSP53,Experiment 5,published,source_workbook_C_experiments_4_5_historical_block_2.xlsx,53,5,SH1152,johnsongrass,E5_SH1152_FSP35_FSP53_P05,5,single,FSP35,,,50000,50000,E5_SH1152_FSP35_FSP53|FSP35|50000,1,1,111
E5_SH1152_FSP35_FSP53,Experiment 5,published,source_workbook_C_experiments_4_5_historical_block_2.xlsx,53,5,SH1152,johnsongrass,E5_SH1152_FSP35_FSP53_P05,5,single,FSP35,,,50000,50000,E5_SH1152_FSP35_FSP53|FSP35|50000,2,1,111
E5_SH1152_FSP35_FSP53,Experiment 5,published,source_workbook_C_experiments_4_5_historical_block_2.xlsx,53,5,SH1152,johnsongrass,E5_SH1152_FSP35_FSP53_P05,5,single,FSP35,,,50000,50000,E5_SH1152_FSP35_FSP53|FSP35|50000,3,1,111
E5_SH1152_FSP35_FSP53,Experiment 5,published,source_workbook_C_experiments_4_5_historical_block_2.xlsx,53,6,SH1152,johnsongrass,E5_SH1152_FSP35_FSP53_P05,5,single,FSP35,,,10000,10000,E5_SH1152_FSP35_FSP53|FSP35|10000,1,1,111
E5_SH1152_FSP35_FSP53,Experiment 5,published,source_workbook_C_experiments_4_5_historical_block_2.xlsx,53,6,SH1152,johnsongrass,E5_SH1152_FSP35_FSP53_P05,5,single,FSP35,,,10000,10000,E5_SH1152_FSP35_FSP53|FSP35|10000,2,1,111
E5_SH1152_FSP35_FSP53,Experiment 5,published,source_workbook_C_experiments_4_5_historical_block_2.xlsx,53,6,SH1152,johnsongrass,E5_SH1152_FSP35_FSP53_P05,5,single,FSP35,,,10000,10000,E5_SH1152_FSP35_FSP53|FSP35|10000,3,1,111
E5_SH1152_FSP35_FSP53,Experiment 5,published,source_workbook_C_experiments_4_5_historical_block_2.xlsx,53,7,SH1152,johnsongrass,E5_SH1152_FSP35_FSP53_P05,5,single,FSP35,,,5000,5000,E5_SH1152_FSP35_FSP53|FSP35|5000,1,1,111
E5_SH1152_FSP35_FSP53,Experiment 5,published,source_workbook_C_experiments_4_5_historical_block_2.xlsx,53,7,SH1152,johnsongrass,E5_SH1152_FSP35_FSP53_P05,5,single,FSP35,,,5000,5000,E5_SH1152_FSP35_FSP53|FSP35|5000,2,1,111
E5_SH1152_FSP35_FSP53,Experiment 5,published,source_workbook_C_experiments_4_5_historical_block_2.xlsx,53,7,SH1152,johnsongrass,E5_SH1152_FSP35_FSP53_P05,5,single,FSP35,,,5000,5000,E5_SH1152_FSP35_FSP53|FSP35|5000,3,1,111
E5_SH1152_FSP35_FSP53,Experiment 5,published,source_workbook_C_experiments_4_5_historical_block_2.xlsx,54,2,SH1152,johnsongrass,E5_SH1152_FSP35_FSP53_P06,6,single,FSP35,,,1000000,1000000,E5_SH1152_FSP35_FSP53|FSP35|1000000,1,2,251
E5_SH1152_FSP35_FSP53,Experiment 5,published,source_workbook_C_experiments_4_5_historical_block_2.xlsx,54,2,SH1152,johnsongrass,E5_SH1152_FSP35_FSP53_P06,6,single,FSP35,,,1000000,1000000,E5_SH1152_FSP35_FSP53|FSP35|1000000,2,5,251
E5_SH1152_FSP35_FSP53,Experiment 5,published,source_workbook_C_experiments_4_5_historical_block_2.xlsx,54,2,SH1152,johnsongrass,E5_SH1152_FSP35_FSP53_P06,6,single,FSP35,,,1000000,1000000,E5_SH1152_FSP35_FSP53|FSP35|1000000,3,1,251
E5_SH1152_FSP35_FSP53,Experiment 5,published,source_workbook_C_experiments_4_5_historical_block_2.xlsx,54,3,SH1152,johnsongrass,E5_SH1152_FSP35_FSP53_P06,6,single,FSP35,,,500000,500000,E5_SH1152_FSP35_FSP53|FSP35|500000,1,1,112
E5_SH1152_FSP35_FSP53,Experiment 5,published,source_workbook_C_experiments_4_5_historical_block_2.xlsx,54,3,SH1152,johnsongrass,E5_SH1152_FSP35_FSP53_P06,6,single,FSP35,,,500000,500000,E5_SH1152_FSP35_FSP53|FSP35|500000,2,1,112
E5_SH1152_FSP35_FSP53,Experiment 5,published,source_workbook_C_experiments_4_5_historical_block_2.xlsx,54,3,SH1152,johnsongrass,E5_SH1152_FSP35_FSP53_P06,6,single,FSP35,,,500000,500000,E5_SH1152_FSP35_FSP53|FSP35|500000,3,2,112
E5_SH1152_FSP35_FSP53,Experiment 5,published,source_workbook_C_experiments_4_5_historical_block_2.xlsx,54,4,SH1152,johnsongrass,E5_SH1152_FSP35_FSP53_P06,6,single,FSP35,,,100000,100000,E5_SH1152_FSP35_FSP53|FSP35|100000,1,2,211
E5_SH1152_FSP35_FSP53,Experiment 5,published,source_workbook_C_experiments_4_5_historical_block_2.xlsx,54,4,SH1152,johnsongrass,E5_SH1152_FSP35_FSP53_P06,6,single,FSP35,,,100000,100000,E5_SH1152_FSP35_FSP53|FSP35|100000,2,1,211
E5_SH1152_FSP35_FSP53,Experiment 5,published,source_workbook_C_experiments_4_5_historical_block_2.xlsx,54,4,SH1152,johnsongrass,E5_SH1152_FSP35_FSP53_P06,6,single,FSP35,,,100000,100000,E5_SH1152_FSP35_FSP53|FSP35|100000,3,1,211
E5_SH1152_FSP35_FSP53,Experiment 5,published,source_workbook_C_experiments_4_5_historical_block_2.xlsx,54,5,SH1152,johnsongrass,E5_SH1152_FSP35_FSP53_P06,6,single,FSP35,,,50000,50000,E5_SH1152_FSP35_FSP53|FSP35|50000,1,1,111
E5_SH1152_FSP35_FSP53,Experiment 5,published,source_workbook_C_experiments_4_5_historical_block_2.xlsx,54,5,SH1152,johnsongrass,E5_SH1152_FSP35_FSP53_P06,6,single,FSP35,,,50000,50000,E5_SH1152_FSP35_FSP53|FSP35|50000,2,1,111
E5_SH1152_FSP35_FSP53,Experiment 5,published,source_workbook_C_experiments_4_5_historical_block_2.xlsx,54,5,SH1152,johnsongrass,E5_SH1152_FSP35_FSP53_P06,6,single,FSP35,,,50000,50000,E5_SH1152_FSP35_FSP53|FSP35|50000,3,1,111
E5_SH1152_FSP35_FSP53,Experiment 5,published,source_workbook_C_experiments_4_5_historical_block_2.xlsx,54,6,SH1152,johnsongrass,E5_SH1152_FSP35_FSP53_P06,6,single,FSP35,,,10000,10000,E5_SH1152_FSP35_FSP53|FSP35|10000,1,1,111
E5_SH1152_FSP35_FSP53,Experiment 5,published,source_workbook_C_experiments_4_5_historical_block_2.xlsx,54,6,SH1152,johnsongrass,E5_SH1152_FSP35_FSP53_P06,6,single,FSP35,,,10000,10000,E5_SH1152_FSP35_FSP53|FSP35|10000,2,1,111
E5_SH1152_FSP35_FSP53,Experiment 5,published,source_workbook_C_experiments_4_5_historical_block_2.xlsx,54,6,SH1152,johnsongrass,E5_SH1152_FSP35_FSP53_P06,6,single,FSP35,,,10000,10000,E5_SH1152_FSP35_FSP53|FSP35|10000,3,1,111
E5_SH1152_FSP35_FSP53,Experiment 5,published,source_workbook_C_experiments_4_5_historical_block_2.xlsx,54,7,SH1152,johnsongrass,E5_SH1152_FSP35_FSP53_P06,6,single,FSP35,,,5000,5000,E5_SH1152_FSP35_FSP53|FSP35|5000,1,1,111
E5_SH1152_FSP35_FSP53,Experiment 5,published,source_workbook_C_experiments_4_5_historical_block_2.xlsx,54,7,SH1152,johnsongrass,E5_SH1152_FSP35_FSP53_P06,6,single,FSP35,,,5000,5000,E5_SH1152_FSP35_FSP53|FSP35|5000,2,1,111
E5_SH1152_FSP35_FSP53,Experiment 5,published,source_workbook_C_experiments_4_5_historical_block_2.xlsx,54,7,SH1152,johnsongrass,E5_SH1152_FSP35_FSP53_P06,6,single,FSP35,,,5000,5000,E5_SH1152_FSP35_FSP53|FSP35|5000,3,1,111
E5_SH1152_FSP35_FSP53,Experiment 5,published,source_workbook_C_experiments_4_5_historical_block_2.xlsx,56,2,SH1152,johnsongrass,E5_SH1152_FSP35_FSP53_P01,1,single,FSP53,,,1000000,1000000,E5_SH1152_FSP35_FSP53|FSP53|1000000,1,3,322
E5_SH1152_FSP35_FSP53,Experiment 5,published,source_workbook_C_experiments_4_5_historical_block_2.xlsx,56,2,SH1152,johnsongrass,E5_SH1152_FSP35_FSP53_P01,1,single,FSP53,,,1000000,1000000,E5_SH1152_FSP35_FSP53|FSP53|1000000,2,2,322
E5_SH1152_FSP35_FSP53,Experiment 5,published,source_workbook_C_experiments_4_5_historical_block_2.xlsx,56,2,SH1152,johnsongrass,E5_SH1152_FSP35_FSP53_P01,1,single,FSP53,,,1000000,1000000,E5_SH1152_FSP35_FSP53|FSP53|1000000,3,2,322
E5_SH1152_FSP35_FSP53,Experiment 5,published,source_workbook_C_experiments_4_5_historical_block_2.xlsx,56,3,SH1152,johnsongrass,E5_SH1152_FSP35_FSP53_P01,1,single,FSP53,,,500000,500000,E5_SH1152_FSP35_FSP53|FSP53|500000,1,1,111
E5_SH1152_FSP35_FSP53,Experiment 5,published,source_workbook_C_experiments_4_5_historical_block_2.xlsx,56,3,SH1152,johnsongrass,E5_SH1152_FSP35_FSP53_P01,1,single,FSP53,,,500000,500000,E5_SH1152_FSP35_FSP53|FSP53|500000,2,1,111
E5_SH1152_FSP35_FSP53,Experiment 5,published,source_workbook_C_experiments_4_5_historical_block_2.xlsx,56,3,SH1152,johnsongrass,E5_SH1152_FSP35_FSP53_P01,1,single,FSP53,,,500000,500000,E5_SH1152_FSP35_FSP53|FSP53|500000,3,1,111
E5_SH1152_FSP35_FSP53,Experiment 5,published,source_workbook_C_experiments_4_5_historical_block_2.xlsx,56,4,SH1152,johnsongrass,E5_SH1152_FSP35_FSP53_P01,1,single,FSP53,,,100000,100000,E5_SH1152_FSP35_FSP53|FSP53|100000,1,5,523
E5_SH1152_FSP35_FSP53,Experiment 5,published,source_workbook_C_experiments_4_5_historical_block_2.xlsx,56,4,SH1152,johnsongrass,E5_SH1152_FSP35_FSP53_P01,1,single,FSP53,,,100000,100000,E5_SH1152_FSP35_FSP53|FSP53|100000,2,2,523
E5_SH1152_FSP35_FSP53,Experiment 5,published,source_workbook_C_experiments_4_5_historical_block_2.xlsx,56,4,SH1152,johnsongrass,E5_SH1152_FSP35_FSP53_P01,1,single,FSP53,,,100000,100000,E5_SH1152_FSP35_FSP53|FSP53|100000,3,3,523
E5_SH1152_FSP35_FSP53,Experiment 5,published,source_workbook_C_experiments_4_5_historical_block_2.xlsx,56,5,SH1152,johnsongrass,E5_SH1152_FSP35_FSP53_P01,1,single,FSP53,,,50000,50000,E5_SH1152_FSP35_FSP53|FSP53|50000,1,1,132
E5_SH1152_FSP35_FSP53,Experiment 5,published,source_workbook_C_experiments_4_5_historical_block_2.xlsx,56,5,SH1152,johnsongrass,E5_SH1152_FSP35_FSP53_P01,1,single,FSP53,,,50000,50000,E5_SH1152_FSP35_FSP53|FSP53|50000,2,3,132
E5_SH1152_FSP35_FSP53,Experiment 5,published,source_workbook_C_experiments_4_5_historical_block_2.xlsx,56,5,SH1152,johnsongrass,E5_SH1152_FSP35_FSP53_P01,1,single,FSP53,,,50000,50000,E5_SH1152_FSP35_FSP53|FSP53|50000,3,2,132
E5_SH1152_FSP35_FSP53,Experiment 5,published,source_workbook_C_experiments_4_5_historical_block_2.xlsx,56,6,SH1152,johnsongrass,E5_SH1152_FSP35_FSP53_P01,1,single,FSP53,,,10000,10000,E5_SH1152_FSP35_FSP53|FSP53|10000,1,2,211
E5_SH1152_FSP35_FSP53,Experiment 5,published,source_workbook_C_experiments_4_5_historical_block_2.xlsx,56,6,SH1152,johnsongrass,E5_SH1152_FSP35_FSP53_P01,1,single,FSP53,,,10000,10000,E5_SH1152_FSP35_FSP53|FSP53|10000,2,1,211
E5_SH1152_FSP35_FSP53,Experiment 5,published,source_workbook_C_experiments_4_5_historical_block_2.xlsx,56,6,SH1152,johnsongrass,E5_SH1152_FSP35_FSP53_P01,1,single,FSP53,,,10000,10000,E5_SH1152_FSP35_FSP53|FSP53|10000,3,1,211
E5_SH1152_FSP35_FSP53,Experiment 5,published,source_workbook_C_experiments_4_5_historical_block_2.xlsx,56,7,SH1152,johnsongrass,E5_SH1152_FSP35_FSP53_P01,1,single,FSP53,,,5000,5000,E5_SH1152_FSP35_FSP53|FSP53|5000,1,1,111
E5_SH1152_FSP35_FSP53,Experiment 5,published,source_workbook_C_experiments_4_5_historical_block_2.xlsx,56,7,SH1152,johnsongrass,E5_SH1152_FSP35_FSP53_P01,1,single,FSP53,,,5000,5000,E5_SH1152_FSP35_FSP53|FSP53|5000,2,1,111
E5_SH1152_FSP35_FSP53,Experiment 5,published,source_workbook_C_experiments_4_5_historical_block_2.xlsx,56,7,SH1152,johnsongrass,E5_SH1152_FSP35_FSP53_P01,1,single,FSP53,,,5000,5000,E5_SH1152_FSP35_FSP53|FSP53|5000,3,1,111
E5_SH1152_FSP35_FSP53,Experiment 5,published,source_workbook_C_experiments_4_5_historical_block_2.xlsx,57,2,SH1152,johnsongrass,E5_SH1152_FSP35_FSP53_P02,2,single,FSP53,,,1000000,1000000,E5_SH1152_FSP35_FSP53|FSP53|1000000,1,2,222
E5_SH1152_FSP35_FSP53,Experiment 5,published,source_workbook_C_experiments_4_5_historical_block_2.xlsx,57,2,SH1152,johnsongrass,E5_SH1152_FSP35_FSP53_P02,2,single,FSP53,,,1000000,1000000,E5_SH1152_FSP35_FSP53|FSP53|1000000,2,2,222
E5_SH1152_FSP35_FSP53,Experiment 5,published,source_workbook_C_experiments_4_5_historical_block_2.xlsx,57,2,SH1152,johnsongrass,E5_SH1152_FSP35_FSP53_P02,2,single,FSP53,,,1000000,1000000,E5_SH1152_FSP35_FSP53|FSP53|1000000,3,2,222
E5_SH1152_FSP35_FSP53,Experiment 5,published,source_workbook_C_experiments_4_5_historical_block_2.xlsx,57,3,SH1152,johnsongrass,E5_SH1152_FSP35_FSP53_P02,2,single,FSP53,,,500000,500000,E5_SH1152_FSP35_FSP53|FSP53|500000,1,1,112
E5_SH1152_FSP35_FSP53,Experiment 5,published,source_workbook_C_experiments_4_5_historical_block_2.xlsx,57,3,SH1152,johnsongrass,E5_SH1152_FSP35_FSP53_P02,2,single,FSP53,,,500000,500000,E5_SH1152_FSP35_FSP53|FSP53|500000,2,1,112
E5_SH1152_FSP35_FSP53,Experiment 5,published,source_workbook_C_experiments_4_5_historical_block_2.xlsx,57,3,SH1152,johnsongrass,E5_SH1152_FSP35_FSP53_P02,2,single,FSP53,,,500000,500000,E5_SH1152_FSP35_FSP53|FSP53|500000,3,2,112
E5_SH1152_FSP35_FSP53,Experiment 5,published,source_workbook_C_experiments_4_5_historical_block_2.xlsx,57,4,SH1152,johnsongrass,E5_SH1152_FSP35_FSP53_P02,2,single,FSP53,,,100000,100000,E5_SH1152_FSP35_FSP53|FSP53|100000,1,2,232
E5_SH1152_FSP35_FSP53,Experiment 5,published,source_workbook_C_experiments_4_5_historical_block_2.xlsx,57,4,SH1152,johnsongrass,E5_SH1152_FSP35_FSP53_P02,2,single,FSP53,,,100000,100000,E5_SH1152_FSP35_FSP53|FSP53|100000,2,3,232
E5_SH1152_FSP35_FSP53,Experiment 5,published,source_workbook_C_experiments_4_5_historical_block_2.xlsx,57,4,SH1152,johnsongrass,E5_SH1152_FSP35_FSP53_P02,2,single,FSP53,,,100000,100000,E5_SH1152_FSP35_FSP53|FSP53|100000,3,2,232
E5_SH1152_FSP35_FSP53,Experiment 5,published,source_workbook_C_experiments_4_5_historical_block_2.xlsx,57,5,SH1152,johnsongrass,E5_SH1152_FSP35_FSP53_P02,2,single,FSP53,,,50000,50000,E5_SH1152_FSP35_FSP53|FSP53|50000,1,1,111
E5_SH1152_FSP35_FSP53,Experiment 5,published,source_workbook_C_experiments_4_5_historical_block_2.xlsx,57,5,SH1152,johnsongrass,E5_SH1152_FSP35_FSP53_P02,2,single,FSP53,,,50000,50000,E5_SH1152_FSP35_FSP53|FSP53|50000,2,1,111
E5_SH1152_FSP35_FSP53,Experiment 5,published,source_workbook_C_experiments_4_5_historical_block_2.xlsx,57,5,SH1152,johnsongrass,E5_SH1152_FSP35_FSP53_P02,2,single,FSP53,,,50000,50000,E5_SH1152_FSP35_FSP53|FSP53|50000,3,1,111
E5_SH1152_FSP35_FSP53,Experiment 5,published,source_workbook_C_experiments_4_5_historical_block_2.xlsx,57,6,SH1152,johnsongrass,E5_SH1152_FSP35_FSP53_P02,2,single,FSP53,,,10000,10000,E5_SH1152_FSP35_FSP53|FSP53|10000,1,4,441
E5_SH1152_FSP35_FSP53,Experiment 5,published,source_workbook_C_experiments_4_5_historical_block_2.xlsx,57,6,SH1152,johnsongrass,E5_SH1152_FSP35_FSP53_P02,2,single,FSP53,,,10000,10000,E5_SH1152_FSP35_FSP53|FSP53|10000,2,4,441
E5_SH1152_FSP35_FSP53,Experiment 5,published,source_workbook_C_experiments_4_5_historical_block_2.xlsx,57,6,SH1152,johnsongrass,E5_SH1152_FSP35_FSP53_P02,2,single,FSP53,,,10000,10000,E5_SH1152_FSP35_FSP53|FSP53|10000,3,1,441
E5_SH1152_FSP35_FSP53,Experiment 5,published,source_workbook_C_experiments_4_5_historical_block_2.xlsx,57,7,SH1152,johnsongrass,E5_SH1152_FSP35_FSP53_P02,2,single,FSP53,,,5000,5000,E5_SH1152_FSP35_FSP53|FSP53|5000,1,1,111
E5_SH1152_FSP35_FSP53,Experiment 5,published,source_workbook_C_experiments_4_5_historical_block_2.xlsx,57,7,SH1152,johnsongrass,E5_SH1152_FSP35_FSP53_P02,2,single,FSP53,,,5000,5000,E5_SH1152_FSP35_FSP53|FSP53|5000,2,1,111
E5_SH1152_FSP35_FSP53,Experiment 5,published,source_workbook_C_experiments_4_5_historical_block_2.xlsx,57,7,SH1152,johnsongrass,E5_SH1152_FSP35_FSP53_P02,2,single,FSP53,,,5000,5000,E5_SH1152_FSP35_FSP53|FSP53|5000,3,1,111
E5_SH1152_FSP35_FSP53,Experiment 5,published,source_workbook_C_experiments_4_5_historical_block_2.xlsx,58,2,SH1152,johnsongrass,E5_SH1152_FSP35_FSP53_P03,3,single,FSP53,,,1000000,1000000,E5_SH1152_FSP35_FSP53|FSP53|1000000,1,3,332
E5_SH1152_FSP35_FSP53,Experiment 5,published,source_workbook_C_experiments_4_5_historical_block_2.xlsx,58,2,SH1152,johnsongrass,E5_SH1152_FSP35_FSP53_P03,3,single,FSP53,,,1000000,1000000,E5_SH1152_FSP35_FSP53|FSP53|1000000,2,3,332
E5_SH1152_FSP35_FSP53,Experiment 5,published,source_workbook_C_experiments_4_5_historical_block_2.xlsx,58,2,SH1152,johnsongrass,E5_SH1152_FSP35_FSP53_P03,3,single,FSP53,,,1000000,1000000,E5_SH1152_FSP35_FSP53|FSP53|1000000,3,2,332
E5_SH1152_FSP35_FSP53,Experiment 5,published,source_workbook_C_experiments_4_5_historical_block_2.xlsx,58,3,SH1152,johnsongrass,E5_SH1152_FSP35_FSP53_P03,3,single,FSP53,,,500000,500000,E5_SH1152_FSP35_FSP53|FSP53|500000,1,2,212
E5_SH1152_FSP35_FSP53,Experiment 5,published,source_workbook_C_experiments_4_5_historical_block_2.xlsx,58,3,SH1152,johnsongrass,E5_SH1152_FSP35_FSP53_P03,3,single,FSP53,,,500000,500000,E5_SH1152_FSP35_FSP53|FSP53|500000,2,1,212
E5_SH1152_FSP35_FSP53,Experiment 5,published,source_workbook_C_experiments_4_5_historical_block_2.xlsx,58,3,SH1152,johnsongrass,E5_SH1152_FSP35_FSP53_P03,3,single,FSP53,,,500000,500000,E5_SH1152_FSP35_FSP53|FSP53|500000,3,2,212
E5_SH1152_FSP35_FSP53,Experiment 5,published,source_workbook_C_experiments_4_5_historical_block_2.xlsx,58,4,SH1152,johnsongrass,E5_SH1152_FSP35_FSP53_P03,3,single,FSP53,,,100000,100000,E5_SH1152_FSP35_FSP53|FSP53|100000,1,1,123
E5_SH1152_FSP35_FSP53,Experiment 5,published,source_workbook_C_experiments_4_5_historical_block_2.xlsx,58,4,SH1152,johnsongrass,E5_SH1152_FSP35_FSP53_P03,3,single,FSP53,,,100000,100000,E5_SH1152_FSP35_FSP53|FSP53|100000,2,2,123
E5_SH1152_FSP35_FSP53,Experiment 5,published,source_workbook_C_experiments_4_5_historical_block_2.xlsx,58,4,SH1152,johnsongrass,E5_SH1152_FSP35_FSP53_P03,3,single,FSP53,,,100000,100000,E5_SH1152_FSP35_FSP53|FSP53|100000,3,3,123
E5_SH1152_FSP35_FSP53,Experiment 5,published,source_workbook_C_experiments_4_5_historical_block_2.xlsx,58,5,SH1152,johnsongrass,E5_SH1152_FSP35_FSP53_P03,3,single,FSP53,,,50000,50000,E5_SH1152_FSP35_FSP53|FSP53|50000,1,1,111
E5_SH1152_FSP35_FSP53,Experiment 5,published,source_workbook_C_experiments_4_5_historical_block_2.xlsx,58,5,SH1152,johnsongrass,E5_SH1152_FSP35_FSP53_P03,3,single,FSP53,,,50000,50000,E5_SH1152_FSP35_FSP53|FSP53|50000,2,1,111
E5_SH1152_FSP35_FSP53,Experiment 5,published,source_workbook_C_experiments_4_5_historical_block_2.xlsx,58,5,SH1152,johnsongrass,E5_SH1152_FSP35_FSP53_P03,3,single,FSP53,,,50000,50000,E5_SH1152_FSP35_FSP53|FSP53|50000,3,1,111
E5_SH1152_FSP35_FSP53,Experiment 5,published,source_workbook_C_experiments_4_5_historical_block_2.xlsx,58,6,SH1152,johnsongrass,E5_SH1152_FSP35_FSP53_P03,3,single,FSP53,,,10000,10000,E5_SH1152_FSP35_FSP53|FSP53|10000,1,1,111
E5_SH1152_FSP35_FSP53,Experiment 5,published,source_workbook_C_experiments_4_5_historical_block_2.xlsx,58,6,SH1152,johnsongrass,E5_SH1152_FSP35_FSP53_P03,3,single,FSP53,,,10000,10000,E5_SH1152_FSP35_FSP53|FSP53|10000,2,1,111
E5_SH1152_FSP35_FSP53,Experiment 5,published,source_workbook_C_experiments_4_5_historical_block_2.xlsx,58,6,SH1152,johnsongrass,E5_SH1152_FSP35_FSP53_P03,3,single,FSP53,,,10000,10000,E5_SH1152_FSP35_FSP53|FSP53|10000,3,1,111
E5_SH1152_FSP35_FSP53,Experiment 5,published,source_workbook_C_experiments_4_5_historical_block_2.xlsx,58,7,SH1152,johnsongrass,E5_SH1152_FSP35_FSP53_P03,3,single,FSP53,,,5000,5000,E5_SH1152_FSP35_FSP53|FSP53|5000,1,1,111
E5_SH1152_FSP35_FSP53,Experiment 5,published,source_workbook_C_experiments_4_5_historical_block_2.xlsx,58,7,SH1152,johnsongrass,E5_SH1152_FSP35_FSP53_P03,3,single,FSP53,,,5000,5000,E5_SH1152_FSP35_FSP53|FSP53|5000,2,1,111
E5_SH1152_FSP35_FSP53,Experiment 5,published,source_workbook_C_experiments_4_5_historical_block_2.xlsx,58,7,SH1152,johnsongrass,E5_SH1152_FSP35_FSP53_P03,3,single,FSP53,,,5000,5000,E5_SH1152_FSP35_FSP53|FSP53|5000,3,1,111
E5_SH1152_FSP35_FSP53,Experiment 5,published,source_workbook_C_experiments_4_5_historical_block_2.xlsx,59,2,SH1152,johnsongrass,E5_SH1152_FSP35_FSP53_P04,4,single,FSP53,,,1000000,1000000,E5_SH1152_FSP35_FSP53|FSP53|1000000,1,2,223
E5_SH1152_FSP35_FSP53,Experiment 5,published,source_workbook_C_experiments_4_5_historical_block_2.xlsx,59,2,SH1152,johnsongrass,E5_SH1152_FSP35_FSP53_P04,4,single,FSP53,,,1000000,1000000,E5_SH1152_FSP35_FSP53|FSP53|1000000,2,2,223
E5_SH1152_FSP35_FSP53,Experiment 5,published,source_workbook_C_experiments_4_5_historical_block_2.xlsx,59,2,SH1152,johnsongrass,E5_SH1152_FSP35_FSP53_P04,4,single,FSP53,,,1000000,1000000,E5_SH1152_FSP35_FSP53|FSP53|1000000,3,3,223
E5_SH1152_FSP35_FSP53,Experiment 5,published,source_workbook_C_experiments_4_5_historical_block_2.xlsx,59,3,SH1152,johnsongrass,E5_SH1152_FSP35_FSP53_P04,4,single,FSP53,,,500000,500000,E5_SH1152_FSP35_FSP53|FSP53|500000,1,1,113
E5_SH1152_FSP35_FSP53,Experiment 5,published,source_workbook_C_experiments_4_5_historical_block_2.xlsx,59,3,SH1152,johnsongrass,E5_SH1152_FSP35_FSP53_P04,4,single,FSP53,,,500000,500000,E5_SH1152_FSP35_FSP53|FSP53|500000,2,1,113
E5_SH1152_FSP35_FSP53,Experiment 5,published,source_workbook_C_experiments_4_5_historical_block_2.xlsx,59,3,SH1152,johnsongrass,E5_SH1152_FSP35_FSP53_P04,4,single,FSP53,,,500000,500000,E5_SH1152_FSP35_FSP53|FSP53|500000,3,3,113
E5_SH1152_FSP35_FSP53,Experiment 5,published,source_workbook_C_experiments_4_5_historical_block_2.xlsx,59,4,SH1152,johnsongrass,E5_SH1152_FSP35_FSP53_P04,4,single,FSP53,,,100000,100000,E5_SH1152_FSP35_FSP53|FSP53|100000,1,2,211
E5_SH1152_FSP35_FSP53,Experiment 5,published,source_workbook_C_experiments_4_5_historical_block_2.xlsx,59,4,SH1152,johnsongrass,E5_SH1152_FSP35_FSP53_P04,4,single,FSP53,,,100000,100000,E5_SH1152_FSP35_FSP53|FSP53|100000,2,1,211
E5_SH1152_FSP35_FSP53,Experiment 5,published,source_workbook_C_experiments_4_5_historical_block_2.xlsx,59,4,SH1152,johnsongrass,E5_SH1152_FSP35_FSP53_P04,4,single,FSP53,,,100000,100000,E5_SH1152_FSP35_FSP53|FSP53|100000,3,1,211
E5_SH1152_FSP35_FSP53,Experiment 5,published,source_workbook_C_experiments_4_5_historical_block_2.xlsx,59,5,SH1152,johnsongrass,E5_SH1152_FSP35_FSP53_P04,4,single,FSP53,,,50000,50000,E5_SH1152_FSP35_FSP53|FSP53|50000,1,1,111
E5_SH1152_FSP35_FSP53,Experiment 5,published,source_workbook_C_experiments_4_5_historical_block_2.xlsx,59,5,SH1152,johnsongrass,E5_SH1152_FSP35_FSP53_P04,4,single,FSP53,,,50000,50000,E5_SH1152_FSP35_FSP53|FSP53|50000,2,1,111
E5_SH1152_FSP35_FSP53,Experiment 5,published,source_workbook_C_experiments_4_5_historical_block_2.xlsx,59,5,SH1152,johnsongrass,E5_SH1152_FSP35_FSP53_P04,4,single,FSP53,,,50000,50000,E5_SH1152_FSP35_FSP53|FSP53|50000,3,1,111
E5_SH1152_FSP35_FSP53,Experiment 5,published,source_workbook_C_experiments_4_5_historical_block_2.xlsx,59,6,SH1152,johnsongrass,E5_SH1152_FSP35_FSP53_P04,4,single,FSP53,,,10000,10000,E5_SH1152_FSP35_FSP53|FSP53|10000,1,1,111
E5_SH1152_FSP35_FSP53,Experiment 5,published,source_workbook_C_experiments_4_5_historical_block_2.xlsx,59,6,SH1152,johnsongrass,E5_SH1152_FSP35_FSP53_P04,4,single,FSP53,,,10000,10000,E5_SH1152_FSP35_FSP53|FSP53|10000,2,1,111
E5_SH1152_FSP35_FSP53,Experiment 5,published,source_workbook_C_experiments_4_5_historical_block_2.xlsx,59,6,SH1152,johnsongrass,E5_SH1152_FSP35_FSP53_P04,4,single,FSP53,,,10000,10000,E5_SH1152_FSP35_FSP53|FSP53|10000,3,1,111
E5_SH1152_FSP35_FSP53,Experiment 5,published,source_workbook_C_experiments_4_5_historical_block_2.xlsx,59,7,SH1152,johnsongrass,E5_SH1152_FSP35_FSP53_P04,4,single,FSP53,,,5000,5000,E5_SH1152_FSP35_FSP53|FSP53|5000,1,1,111
E5_SH1152_FSP35_FSP53,Experiment 5,published,source_workbook_C_experiments_4_5_historical_block_2.xlsx,59,7,SH1152,johnsongrass,E5_SH1152_FSP35_FSP53_P04,4,single,FSP53,,,5000,5000,E5_SH1152_FSP35_FSP53|FSP53|5000,2,1,111
E5_SH1152_FSP35_FSP53,Experiment 5,published,source_workbook_C_experiments_4_5_historical_block_2.xlsx,59,7,SH1152,johnsongrass,E5_SH1152_FSP35_FSP53_P04,4,single,FSP53,,,5000,5000,E5_SH1152_FSP35_FSP53|FSP53|5000,3,1,111
E5_SH1152_FSP35_FSP53,Experiment 5,published,source_workbook_C_experiments_4_5_historical_block_2.xlsx,60,2,SH1152,johnsongrass,E5_SH1152_FSP35_FSP53_P05,5,single,FSP53,,,1000000,1000000,E5_SH1152_FSP35_FSP53|FSP53|1000000,1,2,222
E5_SH1152_FSP35_FSP53,Experiment 5,published,source_workbook_C_experiments_4_5_historical_block_2.xlsx,60,2,SH1152,johnsongrass,E5_SH1152_FSP35_FSP53_P05,5,single,FSP53,,,1000000,1000000,E5_SH1152_FSP35_FSP53|FSP53|1000000,2,2,222
E5_SH1152_FSP35_FSP53,Experiment 5,published,source_workbook_C_experiments_4_5_historical_block_2.xlsx,60,2,SH1152,johnsongrass,E5_SH1152_FSP35_FSP53_P05,5,single,FSP53,,,1000000,1000000,E5_SH1152_FSP35_FSP53|FSP53|1000000,3,2,222
E5_SH1152_FSP35_FSP53,Experiment 5,published,source_workbook_C_experiments_4_5_historical_block_2.xlsx,60,3,SH1152,johnsongrass,E5_SH1152_FSP35_FSP53_P05,5,single,FSP53,,,500000,500000,E5_SH1152_FSP35_FSP53|FSP53|500000,1,2,222
E5_SH1152_FSP35_FSP53,Experiment 5,published,source_workbook_C_experiments_4_5_historical_block_2.xlsx,60,3,SH1152,johnsongrass,E5_SH1152_FSP35_FSP53_P05,5,single,FSP53,,,500000,500000,E5_SH1152_FSP35_FSP53|FSP53|500000,2,2,222
E5_SH1152_FSP35_FSP53,Experiment 5,published,source_workbook_C_experiments_4_5_historical_block_2.xlsx,60,3,SH1152,johnsongrass,E5_SH1152_FSP35_FSP53_P05,5,single,FSP53,,,500000,500000,E5_SH1152_FSP35_FSP53|FSP53|500000,3,2,222
E5_SH1152_FSP35_FSP53,Experiment 5,published,source_workbook_C_experiments_4_5_historical_block_2.xlsx,60,4,SH1152,johnsongrass,E5_SH1152_FSP35_FSP53_P05,5,single,FSP53,,,100000,100000,E5_SH1152_FSP35_FSP53|FSP53|100000,1,1,122
E5_SH1152_FSP35_FSP53,Experiment 5,published,source_workbook_C_experiments_4_5_historical_block_2.xlsx,60,4,SH1152,johnsongrass,E5_SH1152_FSP35_FSP53_P05,5,single,FSP53,,,100000,100000,E5_SH1152_FSP35_FSP53|FSP53|100000,2,2,122
E5_SH1152_FSP35_FSP53,Experiment 5,published,source_workbook_C_experiments_4_5_historical_block_2.xlsx,60,4,SH1152,johnsongrass,E5_SH1152_FSP35_FSP53_P05,5,single,FSP53,,,100000,100000,E5_SH1152_FSP35_FSP53|FSP53|100000,3,2,122
E5_SH1152_FSP35_FSP53,Experiment 5,published,source_workbook_C_experiments_4_5_historical_block_2.xlsx,60,5,SH1152,johnsongrass,E5_SH1152_FSP35_FSP53_P05,5,single,FSP53,,,50000,50000,E5_SH1152_FSP35_FSP53|FSP53|50000,1,1,111
E5_SH1152_FSP35_FSP53,Experiment 5,published,source_workbook_C_experiments_4_5_historical_block_2.xlsx,60,5,SH1152,johnsongrass,E5_SH1152_FSP35_FSP53_P05,5,single,FSP53,,,50000,50000,E5_SH1152_FSP35_FSP53|FSP53|50000,2,1,111
E5_SH1152_FSP35_FSP53,Experiment 5,published,source_workbook_C_experiments_4_5_historical_block_2.xlsx,60,5,SH1152,johnsongrass,E5_SH1152_FSP35_FSP53_P05,5,single,FSP53,,,50000,50000,E5_SH1152_FSP35_FSP53|FSP53|50000,3,1,111
E5_SH1152_FSP35_FSP53,Experiment 5,published,source_workbook_C_experiments_4_5_historical_block_2.xlsx,60,6,SH1152,johnsongrass,E5_SH1152_FSP35_FSP53_P05,5,single,FSP53,,,10000,10000,E5_SH1152_FSP35_FSP53|FSP53|10000,1,1,111
E5_SH1152_FSP35_FSP53,Experiment 5,published,source_workbook_C_experiments_4_5_historical_block_2.xlsx,60,6,SH1152,johnsongrass,E5_SH1152_FSP35_FSP53_P05,5,single,FSP53,,,10000,10000,E5_SH1152_FSP35_FSP53|FSP53|10000,2,1,111
E5_SH1152_FSP35_FSP53,Experiment 5,published,source_workbook_C_experiments_4_5_historical_block_2.xlsx,60,6,SH1152,johnsongrass,E5_SH1152_FSP35_FSP53_P05,5,single,FSP53,,,10000,10000,E5_SH1152_FSP35_FSP53|FSP53|10000,3,1,111
E5_SH1152_FSP35_FSP53,Experiment 5,published,source_workbook_C_experiments_4_5_historical_block_2.xlsx,60,7,SH1152,johnsongrass,E5_SH1152_FSP35_FSP53_P05,5,single,FSP53,,,5000,5000,E5_SH1152_FSP35_FSP53|FSP53|5000,1,1,111
E5_SH1152_FSP35_FSP53,Experiment 5,published,source_workbook_C_experiments_4_5_historical_block_2.xlsx,60,7,SH1152,johnsongrass,E5_SH1152_FSP35_FSP53_P05,5,single,FSP53,,,5000,5000,E5_SH1152_FSP35_FSP53|FSP53|5000,2,1,111
E5_SH1152_FSP35_FSP53,Experiment 5,published,source_workbook_C_experiments_4_5_historical_block_2.xlsx,60,7,SH1152,johnsongrass,E5_SH1152_FSP35_FSP53_P05,5,single,FSP53,,,5000,5000,E5_SH1152_FSP35_FSP53|FSP53|5000,3,1,111
E5_SH1152_FSP35_FSP53,Experiment 5,published,source_workbook_C_experiments_4_5_historical_block_2.xlsx,61,2,SH1152,johnsongrass,E5_SH1152_FSP35_FSP53_P06,6,single,FSP53,,,1000000,1000000,E5_SH1152_FSP35_FSP53|FSP53|1000000,1,2,222
E5_SH1152_FSP35_FSP53,Experiment 5,published,source_workbook_C_experiments_4_5_historical_block_2.xlsx,61,2,SH1152,johnsongrass,E5_SH1152_FSP35_FSP53_P06,6,single,FSP53,,,1000000,1000000,E5_SH1152_FSP35_FSP53|FSP53|1000000,2,2,222
E5_SH1152_FSP35_FSP53,Experiment 5,published,source_workbook_C_experiments_4_5_historical_block_2.xlsx,61,2,SH1152,johnsongrass,E5_SH1152_FSP35_FSP53_P06,6,single,FSP53,,,1000000,1000000,E5_SH1152_FSP35_FSP53|FSP53|1000000,3,2,222
E5_SH1152_FSP35_FSP53,Experiment 5,published,source_workbook_C_experiments_4_5_historical_block_2.xlsx,61,3,SH1152,johnsongrass,E5_SH1152_FSP35_FSP53_P06,6,single,FSP53,,,500000,500000,E5_SH1152_FSP35_FSP53|FSP53|500000,1,2,233
E5_SH1152_FSP35_FSP53,Experiment 5,published,source_workbook_C_experiments_4_5_historical_block_2.xlsx,61,3,SH1152,johnsongrass,E5_SH1152_FSP35_FSP53_P06,6,single,FSP53,,,500000,500000,E5_SH1152_FSP35_FSP53|FSP53|500000,2,3,233
E5_SH1152_FSP35_FSP53,Experiment 5,published,source_workbook_C_experiments_4_5_historical_block_2.xlsx,61,3,SH1152,johnsongrass,E5_SH1152_FSP35_FSP53_P06,6,single,FSP53,,,500000,500000,E5_SH1152_FSP35_FSP53|FSP53|500000,3,3,233
E5_SH1152_FSP35_FSP53,Experiment 5,published,source_workbook_C_experiments_4_5_historical_block_2.xlsx,61,4,SH1152,johnsongrass,E5_SH1152_FSP35_FSP53_P06,6,single,FSP53,,,100000,100000,E5_SH1152_FSP35_FSP53|FSP53|100000,1,2,212
E5_SH1152_FSP35_FSP53,Experiment 5,published,source_workbook_C_experiments_4_5_historical_block_2.xlsx,61,4,SH1152,johnsongrass,E5_SH1152_FSP35_FSP53_P06,6,single,FSP53,,,100000,100000,E5_SH1152_FSP35_FSP53|FSP53|100000,2,1,212
E5_SH1152_FSP35_FSP53,Experiment 5,published,source_workbook_C_experiments_4_5_historical_block_2.xlsx,61,4,SH1152,johnsongrass,E5_SH1152_FSP35_FSP53_P06,6,single,FSP53,,,100000,100000,E5_SH1152_FSP35_FSP53|FSP53|100000,3,2,212
E5_SH1152_FSP35_FSP53,Experiment 5,published,source_workbook_C_experiments_4_5_historical_block_2.xlsx,61,5,SH1152,johnsongrass,E5_SH1152_FSP35_FSP53_P06,6,single,FSP53,,,50000,50000,E5_SH1152_FSP35_FSP53|FSP53|50000,1,1,112
E5_SH1152_FSP35_FSP53,Experiment 5,published,source_workbook_C_experiments_4_5_historical_block_2.xlsx,61,5,SH1152,johnsongrass,E5_SH1152_FSP35_FSP53_P06,6,single,FSP53,,,50000,50000,E5_SH1152_FSP35_FSP53|FSP53|50000,2,1,112
E5_SH1152_FSP35_FSP53,Experiment 5,published,source_workbook_C_experiments_4_5_historical_block_2.xlsx,61,5,SH1152,johnsongrass,E5_SH1152_FSP35_FSP53_P06,6,single,FSP53,,,50000,50000,E5_SH1152_FSP35_FSP53|FSP53|50000,3,2,112
E5_SH1152_FSP35_FSP53,Experiment 5,published,source_workbook_C_experiments_4_5_historical_block_2.xlsx,61,6,SH1152,johnsongrass,E5_SH1152_FSP35_FSP53_P06,6,single,FSP53,,,10000,10000,E5_SH1152_FSP35_FSP53|FSP53|10000,1,1,111
E5_SH1152_FSP35_FSP53,Experiment 5,published,source_workbook_C_experiments_4_5_historical_block_2.xlsx,61,6,SH1152,johnsongrass,E5_SH1152_FSP35_FSP53_P06,6,single,FSP53,,,10000,10000,E5_SH1152_FSP35_FSP53|FSP53|10000,2,1,111
E5_SH1152_FSP35_FSP53,Experiment 5,published,source_workbook_C_experiments_4_5_historical_block_2.xlsx,61,6,SH1152,johnsongrass,E5_SH1152_FSP35_FSP53_P06,6,single,FSP53,,,10000,10000,E5_SH1152_FSP35_FSP53|FSP53|10000,3,1,111
E5_SH1152_FSP35_FSP53,Experiment 5,published,source_workbook_C_experiments_4_5_historical_block_2.xlsx,61,7,SH1152,johnsongrass,E5_SH1152_FSP35_FSP53_P06,6,single,FSP53,,,5000,5000,E5_SH1152_FSP35_FSP53|FSP53|5000,1,1,111
E5_SH1152_FSP35_FSP53,Experiment 5,published,source_workbook_C_experiments_4_5_historical_block_2.xlsx,61,7,SH1152,johnsongrass,E5_SH1152_FSP35_FSP53_P06,6,single,FSP53,,,5000,5000,E5_SH1152_FSP35_FSP53|FSP53|5000,2,1,111
E5_SH1152_FSP35_FSP53,Experiment 5,published,source_workbook_C_experiments_4_5_historical_block_2.xlsx,61,7,SH1152,johnsongrass,E5_SH1152_FSP35_FSP53_P06,6,single,FSP53,,,5000,5000,E5_SH1152_FSP35_FSP53|FSP53|5000,3,1,111
E5_SH1152_FSP35_FSP53,Experiment 5,published,source_workbook_C_experiments_4_5_historical_block_2.xlsx,64,2,SH1152,johnsongrass,E5_SH1152_FSP35_FSP53_P01,1,mixture,FSP35,FSP53,1:1,1000000,500000,E5_SH1152_FSP35_FSP53|FSP35+FSP53|1000000,1,2,224
E5_SH1152_FSP35_FSP53,Experiment 5,published,source_workbook_C_experiments_4_5_historical_block_2.xlsx,64,2,SH1152,johnsongrass,E5_SH1152_FSP35_FSP53_P01,1,mixture,FSP35,FSP53,1:1,1000000,500000,E5_SH1152_FSP35_FSP53|FSP35+FSP53|1000000,2,2,224
E5_SH1152_FSP35_FSP53,Experiment 5,published,source_workbook_C_experiments_4_5_historical_block_2.xlsx,64,2,SH1152,johnsongrass,E5_SH1152_FSP35_FSP53_P01,1,mixture,FSP35,FSP53,1:1,1000000,500000,E5_SH1152_FSP35_FSP53|FSP35+FSP53|1000000,3,4,224
E5_SH1152_FSP35_FSP53,Experiment 5,published,source_workbook_C_experiments_4_5_historical_block_2.xlsx,64,3,SH1152,johnsongrass,E5_SH1152_FSP35_FSP53_P01,1,mixture,FSP35,FSP53,1:1,100000,50000,E5_SH1152_FSP35_FSP53|FSP35+FSP53|100000,1,1,121
E5_SH1152_FSP35_FSP53,Experiment 5,published,source_workbook_C_experiments_4_5_historical_block_2.xlsx,64,3,SH1152,johnsongrass,E5_SH1152_FSP35_FSP53_P01,1,mixture,FSP35,FSP53,1:1,100000,50000,E5_SH1152_FSP35_FSP53|FSP35+FSP53|100000,2,2,121
E5_SH1152_FSP35_FSP53,Experiment 5,published,source_workbook_C_experiments_4_5_historical_block_2.xlsx,64,3,SH1152,johnsongrass,E5_SH1152_FSP35_FSP53_P01,1,mixture,FSP35,FSP53,1:1,100000,50000,E5_SH1152_FSP35_FSP53|FSP35+FSP53|100000,3,1,121
E5_SH1152_FSP35_FSP53,Experiment 5,published,source_workbook_C_experiments_4_5_historical_block_2.xlsx,64,4,SH1152,johnsongrass,E5_SH1152_FSP35_FSP53_P01,1,mixture,FSP35,FSP53,1:1,10000,5000,E5_SH1152_FSP35_FSP53|FSP35+FSP53|10000,1,1,111
E5_SH1152_FSP35_FSP53,Experiment 5,published,source_workbook_C_experiments_4_5_historical_block_2.xlsx,64,4,SH1152,johnsongrass,E5_SH1152_FSP35_FSP53_P01,1,mixture,FSP35,FSP53,1:1,10000,5000,E5_SH1152_FSP35_FSP53|FSP35+FSP53|10000,2,1,111
E5_SH1152_FSP35_FSP53,Experiment 5,published,source_workbook_C_experiments_4_5_historical_block_2.xlsx,64,4,SH1152,johnsongrass,E5_SH1152_FSP35_FSP53_P01,1,mixture,FSP35,FSP53,1:1,10000,5000,E5_SH1152_FSP35_FSP53|FSP35+FSP53|10000,3,1,111
E5_SH1152_FSP35_FSP53,Experiment 5,published,source_workbook_C_experiments_4_5_historical_block_2.xlsx,65,2,SH1152,johnsongrass,E5_SH1152_FSP35_FSP53_P02,2,mixture,FSP35,FSP53,1:1,1000000,500000,E5_SH1152_FSP35_FSP53|FSP35+FSP53|1000000,1,3,342
E5_SH1152_FSP35_FSP53,Experiment 5,published,source_workbook_C_experiments_4_5_historical_block_2.xlsx,65,2,SH1152,johnsongrass,E5_SH1152_FSP35_FSP53_P02,2,mixture,FSP35,FSP53,1:1,1000000,500000,E5_SH1152_FSP35_FSP53|FSP35+FSP53|1000000,2,4,342
E5_SH1152_FSP35_FSP53,Experiment 5,published,source_workbook_C_experiments_4_5_historical_block_2.xlsx,65,2,SH1152,johnsongrass,E5_SH1152_FSP35_FSP53_P02,2,mixture,FSP35,FSP53,1:1,1000000,500000,E5_SH1152_FSP35_FSP53|FSP35+FSP53|1000000,3,2,342
E5_SH1152_FSP35_FSP53,Experiment 5,published,source_workbook_C_experiments_4_5_historical_block_2.xlsx,65,3,SH1152,johnsongrass,E5_SH1152_FSP35_FSP53_P02,2,mixture,FSP35,FSP53,1:1,100000,50000,E5_SH1152_FSP35_FSP53|FSP35+FSP53|100000,1,2,221
E5_SH1152_FSP35_FSP53,Experiment 5,published,source_workbook_C_experiments_4_5_historical_block_2.xlsx,65,3,SH1152,johnsongrass,E5_SH1152_FSP35_FSP53_P02,2,mixture,FSP35,FSP53,1:1,100000,50000,E5_SH1152_FSP35_FSP53|FSP35+FSP53|100000,2,2,221
E5_SH1152_FSP35_FSP53,Experiment 5,published,source_workbook_C_experiments_4_5_historical_block_2.xlsx,65,3,SH1152,johnsongrass,E5_SH1152_FSP35_FSP53_P02,2,mixture,FSP35,FSP53,1:1,100000,50000,E5_SH1152_FSP35_FSP53|FSP35+FSP53|100000,3,1,221
E5_SH1152_FSP35_FSP53,Experiment 5,published,source_workbook_C_experiments_4_5_historical_block_2.xlsx,65,4,SH1152,johnsongrass,E5_SH1152_FSP35_FSP53_P02,2,mixture,FSP35,FSP53,1:1,10000,5000,E5_SH1152_FSP35_FSP53|FSP35+FSP53|10000,1,1,111
E5_SH1152_FSP35_FSP53,Experiment 5,published,source_workbook_C_experiments_4_5_historical_block_2.xlsx,65,4,SH1152,johnsongrass,E5_SH1152_FSP35_FSP53_P02,2,mixture,FSP35,FSP53,1:1,10000,5000,E5_SH1152_FSP35_FSP53|FSP35+FSP53|10000,2,1,111
E5_SH1152_FSP35_FSP53,Experiment 5,published,source_workbook_C_experiments_4_5_historical_block_2.xlsx,65,4,SH1152,johnsongrass,E5_SH1152_FSP35_FSP53_P02,2,mixture,FSP35,FSP53,1:1,10000,5000,E5_SH1152_FSP35_FSP53|FSP35+FSP53|10000,3,1,111
E5_SH1152_FSP35_FSP53,Experiment 5,published,source_workbook_C_experiments_4_5_historical_block_2.xlsx,66,2,SH1152,johnsongrass,E5_SH1152_FSP35_FSP53_P03,3,mixture,FSP35,FSP53,1:1,1000000,500000,E5_SH1152_FSP35_FSP53|FSP35+FSP53|1000000,1,2,222
E5_SH1152_FSP35_FSP53,Experiment 5,published,source_workbook_C_experiments_4_5_historical_block_2.xlsx,66,2,SH1152,johnsongrass,E5_SH1152_FSP35_FSP53_P03,3,mixture,FSP35,FSP53,1:1,1000000,500000,E5_SH1152_FSP35_FSP53|FSP35+FSP53|1000000,2,2,222
E5_SH1152_FSP35_FSP53,Experiment 5,published,source_workbook_C_experiments_4_5_historical_block_2.xlsx,66,2,SH1152,johnsongrass,E5_SH1152_FSP35_FSP53_P03,3,mixture,FSP35,FSP53,1:1,1000000,500000,E5_SH1152_FSP35_FSP53|FSP35+FSP53|1000000,3,2,222
E5_SH1152_FSP35_FSP53,Experiment 5,published,source_workbook_C_experiments_4_5_historical_block_2.xlsx,66,3,SH1152,johnsongrass,E5_SH1152_FSP35_FSP53_P03,3,mixture,FSP35,FSP53,1:1,100000,50000,E5_SH1152_FSP35_FSP53|FSP35+FSP53|100000,1,1,121
E5_SH1152_FSP35_FSP53,Experiment 5,published,source_workbook_C_experiments_4_5_historical_block_2.xlsx,66,3,SH1152,johnsongrass,E5_SH1152_FSP35_FSP53_P03,3,mixture,FSP35,FSP53,1:1,100000,50000,E5_SH1152_FSP35_FSP53|FSP35+FSP53|100000,2,2,121
E5_SH1152_FSP35_FSP53,Experiment 5,published,source_workbook_C_experiments_4_5_historical_block_2.xlsx,66,3,SH1152,johnsongrass,E5_SH1152_FSP35_FSP53_P03,3,mixture,FSP35,FSP53,1:1,100000,50000,E5_SH1152_FSP35_FSP53|FSP35+FSP53|100000,3,1,121
E5_SH1152_FSP35_FSP53,Experiment 5,published,source_workbook_C_experiments_4_5_historical_block_2.xlsx,66,4,SH1152,johnsongrass,E5_SH1152_FSP35_FSP53_P03,3,mixture,FSP35,FSP53,1:1,10000,5000,E5_SH1152_FSP35_FSP53|FSP35+FSP53|10000,1,1,111
E5_SH1152_FSP35_FSP53,Experiment 5,published,source_workbook_C_experiments_4_5_historical_block_2.xlsx,66,4,SH1152,johnsongrass,E5_SH1152_FSP35_FSP53_P03,3,mixture,FSP35,FSP53,1:1,10000,5000,E5_SH1152_FSP35_FSP53|FSP35+FSP53|10000,2,1,111
E5_SH1152_FSP35_FSP53,Experiment 5,published,source_workbook_C_experiments_4_5_historical_block_2.xlsx,66,4,SH1152,johnsongrass,E5_SH1152_FSP35_FSP53_P03,3,mixture,FSP35,FSP53,1:1,10000,5000,E5_SH1152_FSP35_FSP53|FSP35+FSP53|10000,3,1,111
E5_SH1152_FSP35_FSP53,Experiment 5,published,source_workbook_C_experiments_4_5_historical_block_2.xlsx,67,2,SH1152,johnsongrass,E5_SH1152_FSP35_FSP53_P04,4,mixture,FSP35,FSP53,1:1,1000000,500000,E5_SH1152_FSP35_FSP53|FSP35+FSP53|1000000,1,4,422
E5_SH1152_FSP35_FSP53,Experiment 5,published,source_workbook_C_experiments_4_5_historical_block_2.xlsx,67,2,SH1152,johnsongrass,E5_SH1152_FSP35_FSP53_P04,4,mixture,FSP35,FSP53,1:1,1000000,500000,E5_SH1152_FSP35_FSP53|FSP35+FSP53|1000000,2,2,422
E5_SH1152_FSP35_FSP53,Experiment 5,published,source_workbook_C_experiments_4_5_historical_block_2.xlsx,67,2,SH1152,johnsongrass,E5_SH1152_FSP35_FSP53_P04,4,mixture,FSP35,FSP53,1:1,1000000,500000,E5_SH1152_FSP35_FSP53|FSP35+FSP53|1000000,3,2,422
E5_SH1152_FSP35_FSP53,Experiment 5,published,source_workbook_C_experiments_4_5_historical_block_2.xlsx,67,3,SH1152,johnsongrass,E5_SH1152_FSP35_FSP53_P04,4,mixture,FSP35,FSP53,1:1,100000,50000,E5_SH1152_FSP35_FSP53|FSP35+FSP53|100000,1,2,231
E5_SH1152_FSP35_FSP53,Experiment 5,published,source_workbook_C_experiments_4_5_historical_block_2.xlsx,67,3,SH1152,johnsongrass,E5_SH1152_FSP35_FSP53_P04,4,mixture,FSP35,FSP53,1:1,100000,50000,E5_SH1152_FSP35_FSP53|FSP35+FSP53|100000,2,3,231
E5_SH1152_FSP35_FSP53,Experiment 5,published,source_workbook_C_experiments_4_5_historical_block_2.xlsx,67,3,SH1152,johnsongrass,E5_SH1152_FSP35_FSP53_P04,4,mixture,FSP35,FSP53,1:1,100000,50000,E5_SH1152_FSP35_FSP53|FSP35+FSP53|100000,3,1,231
E5_SH1152_FSP35_FSP53,Experiment 5,published,source_workbook_C_experiments_4_5_historical_block_2.xlsx,67,4,SH1152,johnsongrass,E5_SH1152_FSP35_FSP53_P04,4,mixture,FSP35,FSP53,1:1,10000,5000,E5_SH1152_FSP35_FSP53|FSP35+FSP53|10000,1,1,111
E5_SH1152_FSP35_FSP53,Experiment 5,published,source_workbook_C_experiments_4_5_historical_block_2.xlsx,67,4,SH1152,johnsongrass,E5_SH1152_FSP35_FSP53_P04,4,mixture,FSP35,FSP53,1:1,10000,5000,E5_SH1152_FSP35_FSP53|FSP35+FSP53|10000,2,1,111
E5_SH1152_FSP35_FSP53,Experiment 5,published,source_workbook_C_experiments_4_5_historical_block_2.xlsx,67,4,SH1152,johnsongrass,E5_SH1152_FSP35_FSP53_P04,4,mixture,FSP35,FSP53,1:1,10000,5000,E5_SH1152_FSP35_FSP53|FSP35+FSP53|10000,3,1,111
E5_SH1152_FSP35_FSP53,Experiment 5,published,source_workbook_C_experiments_4_5_historical_block_2.xlsx,68,2,SH1152,johnsongrass,E5_SH1152_FSP35_FSP53_P05,5,mixture,FSP35,FSP53,1:1,1000000,500000,E5_SH1152_FSP35_FSP53|FSP35+FSP53|1000000,1,2,222
E5_SH1152_FSP35_FSP53,Experiment 5,published,source_workbook_C_experiments_4_5_historical_block_2.xlsx,68,2,SH1152,johnsongrass,E5_SH1152_FSP35_FSP53_P05,5,mixture,FSP35,FSP53,1:1,1000000,500000,E5_SH1152_FSP35_FSP53|FSP35+FSP53|1000000,2,2,222
E5_SH1152_FSP35_FSP53,Experiment 5,published,source_workbook_C_experiments_4_5_historical_block_2.xlsx,68,2,SH1152,johnsongrass,E5_SH1152_FSP35_FSP53_P05,5,mixture,FSP35,FSP53,1:1,1000000,500000,E5_SH1152_FSP35_FSP53|FSP35+FSP53|1000000,3,2,222
E5_SH1152_FSP35_FSP53,Experiment 5,published,source_workbook_C_experiments_4_5_historical_block_2.xlsx,68,3,SH1152,johnsongrass,E5_SH1152_FSP35_FSP53_P05,5,mixture,FSP35,FSP53,1:1,100000,50000,E5_SH1152_FSP35_FSP53|FSP35+FSP53|100000,1,1,121
E5_SH1152_FSP35_FSP53,Experiment 5,published,source_workbook_C_experiments_4_5_historical_block_2.xlsx,68,3,SH1152,johnsongrass,E5_SH1152_FSP35_FSP53_P05,5,mixture,FSP35,FSP53,1:1,100000,50000,E5_SH1152_FSP35_FSP53|FSP35+FSP53|100000,2,2,121
E5_SH1152_FSP35_FSP53,Experiment 5,published,source_workbook_C_experiments_4_5_historical_block_2.xlsx,68,3,SH1152,johnsongrass,E5_SH1152_FSP35_FSP53_P05,5,mixture,FSP35,FSP53,1:1,100000,50000,E5_SH1152_FSP35_FSP53|FSP35+FSP53|100000,3,1,121
E5_SH1152_FSP35_FSP53,Experiment 5,published,source_workbook_C_experiments_4_5_historical_block_2.xlsx,68,4,SH1152,johnsongrass,E5_SH1152_FSP35_FSP53_P05,5,mixture,FSP35,FSP53,1:1,10000,5000,E5_SH1152_FSP35_FSP53|FSP35+FSP53|10000,1,1,114
E5_SH1152_FSP35_FSP53,Experiment 5,published,source_workbook_C_experiments_4_5_historical_block_2.xlsx,68,4,SH1152,johnsongrass,E5_SH1152_FSP35_FSP53_P05,5,mixture,FSP35,FSP53,1:1,10000,5000,E5_SH1152_FSP35_FSP53|FSP35+FSP53|10000,2,1,114
E5_SH1152_FSP35_FSP53,Experiment 5,published,source_workbook_C_experiments_4_5_historical_block_2.xlsx,68,4,SH1152,johnsongrass,E5_SH1152_FSP35_FSP53_P05,5,mixture,FSP35,FSP53,1:1,10000,5000,E5_SH1152_FSP35_FSP53|FSP35+FSP53|10000,3,4,114
E5_SH1152_FSP35_FSP53,Experiment 5,published,source_workbook_C_experiments_4_5_historical_block_2.xlsx,69,2,SH1152,johnsongrass,E5_SH1152_FSP35_FSP53_P06,6,mixture,FSP35,FSP53,1:1,1000000,500000,E5_SH1152_FSP35_FSP53|FSP35+FSP53|1000000,1,4,434
E5_SH1152_FSP35_FSP53,Experiment 5,published,source_workbook_C_experiments_4_5_historical_block_2.xlsx,69,2,SH1152,johnsongrass,E5_SH1152_FSP35_FSP53_P06,6,mixture,FSP35,FSP53,1:1,1000000,500000,E5_SH1152_FSP35_FSP53|FSP35+FSP53|1000000,2,3,434
E5_SH1152_FSP35_FSP53,Experiment 5,published,source_workbook_C_experiments_4_5_historical_block_2.xlsx,69,2,SH1152,johnsongrass,E5_SH1152_FSP35_FSP53_P06,6,mixture,FSP35,FSP53,1:1,1000000,500000,E5_SH1152_FSP35_FSP53|FSP35+FSP53|1000000,3,4,434
E5_SH1152_FSP35_FSP53,Experiment 5,published,source_workbook_C_experiments_4_5_historical_block_2.xlsx,69,3,SH1152,johnsongrass,E5_SH1152_FSP35_FSP53_P06,6,mixture,FSP35,FSP53,1:1,100000,50000,E5_SH1152_FSP35_FSP53|FSP35+FSP53|100000,1,2,221
E5_SH1152_FSP35_FSP53,Experiment 5,published,source_workbook_C_experiments_4_5_historical_block_2.xlsx,69,3,SH1152,johnsongrass,E5_SH1152_FSP35_FSP53_P06,6,mixture,FSP35,FSP53,1:1,100000,50000,E5_SH1152_FSP35_FSP53|FSP35+FSP53|100000,2,2,221
E5_SH1152_FSP35_FSP53,Experiment 5,published,source_workbook_C_experiments_4_5_historical_block_2.xlsx,69,3,SH1152,johnsongrass,E5_SH1152_FSP35_FSP53_P06,6,mixture,FSP35,FSP53,1:1,100000,50000,E5_SH1152_FSP35_FSP53|FSP35+FSP53|100000,3,1,221
E5_SH1152_FSP35_FSP53,Experiment 5,published,source_workbook_C_experiments_4_5_historical_block_2.xlsx,69,4,SH1152,johnsongrass,E5_SH1152_FSP35_FSP53_P06,6,mixture,FSP35,FSP53,1:1,10000,5000,E5_SH1152_FSP35_FSP53|FSP35+FSP53|10000,1,1,111
E5_SH1152_FSP35_FSP53,Experiment 5,published,source_workbook_C_experiments_4_5_historical_block_2.xlsx,69,4,SH1152,johnsongrass,E5_SH1152_FSP35_FSP53_P06,6,mixture,FSP35,FSP53,1:1,10000,5000,E5_SH1152_FSP35_FSP53|FSP35+FSP53|10000,2,1,111
E5_SH1152_FSP35_FSP53,Experiment 5,published,source_workbook_C_experiments_4_5_historical_block_2.xlsx,69,4,SH1152,johnsongrass,E5_SH1152_FSP35_FSP53_P06,6,mixture,FSP35,FSP53,1:1,10000,5000,E5_SH1152_FSP35_FSP53|FSP35+FSP53|10000,3,1,111
